id,historicalEventId,title,url,thumbnail,duration,watchedProgress,isWatched,source,sourceId,createdAt,updatedAt
231,,"The Scorpion King and the Birth of Egypt","https://www.youtube.com/watch?v=C9Fmb2ftx7E",,,,,,,2025-06-23T23:09:12.648Z,2025-06-23T23:09:12.648Z
232,,"First Dynasty of Egypt","https://youtu.be/rVfVmxXhwGc",,,,,,,2025-06-23T23:09:12.671Z,2025-06-23T23:09:12.671Z
233,,"The Real Scorpion King","https://youtu.be/jxD-RY_O7jY",,,,,,,2025-06-23T23:09:12.682Z,2025-06-23T23:09:12.682Z
234,,"Early Dynastic Period","https://youtu.be/6DL1qmCtkk8",,,,,,,2025-06-23T23:09:12.712Z,2025-06-23T23:09:12.712Z
235,,"Ancient Egyptians","https://youtu.be/WPtalMArDtQ",,,,,,,2025-06-23T23:09:12.726Z,2025-06-23T23:09:12.726Z
236,,"The First Dynasty of Egypt`","https://youtu.be/ReiWeoAiCaU",,,,,,,2025-06-23T23:09:12.736Z,2025-06-23T23:09:12.736Z
237,,"Egypt's First Pharaohs","https://youtu.be/SIz_nn-Nl7U",,,,,,,2025-06-23T23:09:12.745Z,2025-06-23T23:09:12.745Z
238,,"How to Read Hieroglyphs","https://youtu.be/WFPJJxqMGEA",,,,,,,2025-06-23T23:09:12.755Z,2025-06-23T23:09:12.755Z
239,,"Daily Life of the Ancient Egyptians","https://youtu.be/PrLXDvPrL4E",,,,,,,2025-06-23T23:09:12.765Z,2025-06-23T23:09:12.765Z
240,,"Farming in Ancient Egypt","https://youtu.be/HE89JWKMROI",,,,,,,2025-06-23T23:09:12.774Z,2025-06-23T23:09:12.774Z
241,,"The First Pharaoh - Narmer","https://youtu.be/e_ByLv949-8",,,,,,,2025-06-23T23:09:12.784Z,2025-06-23T23:09:12.784Z
242,,"Did King Menes of Egypt Exist?","https://youtu.be/FbCIhb40d8g",,,,,,,2025-06-23T23:09:12.793Z,2025-06-23T23:09:12.793Z
243,,"The Bronze Age in Paradise","https://youtu.be/5Qhe8CcnAGQ",,,,,,,2025-06-23T23:09:12.799Z,2025-06-23T23:09:12.799Z
244,,"Bronze Age Greece Part 1","https://youtu.be/YT7z3AiFPkA",,,,,,,2025-06-23T23:09:12.809Z,2025-06-23T23:09:12.809Z
245,,"Folded Arm Figures","https://youtu.be/lLZs09ZOMJE",,,,,,,2025-06-23T23:09:12.818Z,2025-06-23T23:09:12.818Z
246,,"Keros: Rethinking the Early Cycladic Bronze Age","https://youtu.be/epwk71maFRc",,,,,,,2025-06-23T23:09:12.830Z,2025-06-23T23:09:12.830Z
247,,"The Corded Ware Culture","https://youtu.be/ecmeQT7R7rk",,,,,,,2025-06-23T23:09:12.839Z,2025-06-23T23:09:12.839Z
248,,"The Genetic Melting Pot of Europe","https://youtu.be/cNMWEXzHfDA",,,,,,,2025-06-23T23:09:12.848Z,2025-06-23T23:09:12.848Z
249,,"The Delicious Diets of Prehistoric Europ","https://youtu.be/Ua73pLSm0VQ",,,,,,,2025-06-23T23:09:12.858Z,2025-06-23T23:09:12.858Z
250,,"20 Ancient Civilizations You Probably Never Heard Of","https://youtu.be/8gAQMpPPqeM",,,,,,,2025-06-23T23:09:12.867Z,2025-06-23T23:09:12.867Z
251,,"The 5,000 Year Old Yamnaya Copper Club","https://youtu.be/cYEBxo6ZEy4",,,,,,,2025-06-23T23:09:12.873Z,2025-06-23T23:09:12.873Z
252,,"The Battle Axe Culture and Indo-European Migrations","https://youtu.be/B1uZh7J0M3k",,,,,,,2025-06-23T23:09:12.883Z,2025-06-23T23:09:12.883Z
253,,"The Stone Battle Axe of Neolithic Europ","https://youtu.be/X1PduS2ocl8",,,,,,,2025-06-23T23:09:12.888Z,2025-06-23T23:09:12.888Z
254,,"History of Mari","https://youtu.be/h2bz_JaSwGs",,,,,,,2025-06-23T23:09:12.894Z,2025-06-23T23:09:12.894Z
255,,"Mersu Cookes from Mari","https://youtu.be/DBvgMA6rh-M",,,,,,,2025-06-23T23:09:12.904Z,2025-06-23T23:09:12.904Z
256,,"Zimri Lim: History's First Personality?","https://youtu.be/wsBTxxOr4Cw",,,,,,,2025-06-23T23:09:12.910Z,2025-06-23T23:09:12.910Z
257,,"Early Dynastic Mesopotamia","https://youtu.be/MZD36NUPJjQ",,,,,,,2025-06-23T23:09:12.916Z,2025-06-23T23:09:12.916Z
258,,"Mesopotamia: The Early Dynastic Period","https://youtu.be/gkcJIKwENEE",,,,,,,2025-06-23T23:09:12.928Z,2025-06-23T23:09:12.928Z
259,,"Rise of Sumer: Cradle of Civilization","https://youtu.be/MHpmLrWBjnM",,,,,,,2025-06-23T23:09:12.933Z,2025-06-23T23:09:12.933Z
260,,"Early Dynastic Mesopotamia (Facts and Myths)","https://youtu.be/VksglW_UtcA",,,,,,,2025-06-23T23:09:12.938Z,2025-06-23T23:09:12.938Z
261,,"Important Cities","https://youtu.be/hRXLf0kbG0s",,,,,,,2025-06-23T23:09:12.944Z,2025-06-23T23:09:12.944Z
262,,"Kish, the Ancient City of Kings","https://youtu.be/Qj2ZdCH6pEg",,,,,,,2025-06-23T23:09:12.949Z,2025-06-23T23:09:12.949Z
263,,"The Sumerian King List","https://youtu.be/7u1-tAMrIgM",,,,,,,2025-06-23T23:09:12.955Z,2025-06-23T23:09:12.955Z
264,,"Sumerian Religion Simplified","https://youtu.be/Pa4szTWV9Bk",,,,,,,2025-06-23T23:09:12.960Z,2025-06-23T23:09:12.960Z
265,,"The Incredible Sumerian Gods","https://youtu.be/oi_JsAdGlkA",,,,,,,2025-06-23T23:09:12.969Z,2025-06-23T23:09:12.969Z
266,,"Kings Were Gods?","https://youtu.be/bovMkWsu0Ig",,,,,,,2025-06-23T23:09:12.975Z,2025-06-23T23:09:12.975Z
267,,"Ancient Mesopotamia's Neighbors","https://youtu.be/QbIvB9GdImU",,,,,,,2025-06-23T23:09:12.980Z,2025-06-23T23:09:12.980Z
268,,"Dilmun, the Sumerian Shangri-La","https://youtu.be/ESP2f4X70yk",,,,,,,2025-06-23T23:09:12.985Z,2025-06-23T23:09:12.985Z
269,,"The Lost City of Ebla","https://youtu.be/x1i5B04NTF4",,,,,,,2025-06-23T23:09:12.991Z,2025-06-23T23:09:12.991Z
195,,"Why Mesopotamia Was the Perfect Place","https://youtu.be/OC_Jx5Gd61Y",,,,,,,2025-06-23T23:09:13.000Z,2025-06-23T23:09:13.000Z
281,,"After Kingship Had Descended From the Heavens","https://youtu.be/cv5losQfuAU",,,,,,,2025-06-23T23:09:13.007Z,2025-06-23T23:09:13.007Z
282,,"3400BC ~ Watson Brake, Louisiana","https://www.youtube.com/watch?v=toVobkn2o_o",,,,,,,2025-06-23T23:09:13.016Z,2025-06-23T23:09:13.016Z
283,,"Second Dynasty of Egypt","https://youtu.be/PLgLhCO3_A4",,,,,,,2025-06-23T23:09:13.022Z,2025-06-23T23:09:13.022Z
284,,"The Warriors of Britain's Bronze Age Revolution","https://youtu.be/osckQYlf8_w",,,,,,,2025-06-23T23:09:13.030Z,2025-06-23T23:09:13.030Z
285,,"Uncovering the Mysterious Culture of the Beaker People","https://youtu.be/YlXi6nIgBJY",,,,,,,2025-06-23T23:09:13.036Z,2025-06-23T23:09:13.036Z
286,,"This is the Oldest Family Tree in the World","https://youtu.be/ooYrFD_IBOY",,,,,,,2025-06-23T23:09:13.042Z,2025-06-23T23:09:13.042Z
287,,"The Jiroft Civilization of Ancient Iran","https://youtu.be/WUGhtEi5O0Y",,,,,,,2025-06-23T23:09:13.047Z,2025-06-23T23:09:13.047Z
288,,"New Civilization Discovered","https://youtu.be/epaEZt7wlFM",,,,,,,2025-06-23T23:09:13.053Z,2025-06-23T23:09:13.053Z
289,,"History of Ancient Egypt: Dynasty XXVI - Egypt's Last Great Pharaohs and the Saite Period","https://www.youtube.com/watch?v=uki9rNwoRzk",,,,,,,2025-06-23T23:09:13.058Z,2025-06-23T23:09:13.058Z
290,,"The Concise History of Ancient Canaan and the Canaanite Peoples (c. 7000-539 BC)","https://www.youtube.com/watch?v=F6rs78Sovfc",,,,,,,2025-06-23T23:09:13.064Z,2025-06-23T23:09:13.064Z
291,,"History of Ancient Egypt: Dynasties XXIV & XXV - Nubian Pharaohs and the Assyrian Conquest of Egypt","https://www.youtube.com/watch?v=hPoEtxTwYh4",,,,,,,2025-06-23T23:09:13.070Z,2025-06-23T23:09:13.070Z
292,,"Prayers of the Common People in Ancient Mesopotamia (Ancient Sumer, Babylonia, Assyria)","https://www.youtube.com/watch?v=JbXtXXDdN-E",,,,,,,2025-06-23T23:09:13.076Z,2025-06-23T23:09:13.076Z
293,,"An Introduction to Archaic Greece (c. 750-500 BC)","https://www.youtube.com/watch?v=PHoJgBrIRjs",,,,,,,2025-06-23T23:09:13.081Z,2025-06-23T23:09:13.081Z
294,,"Exploring the Mycenaean Citadel of Mycenae (History and Raw Walking Tour)","https://www.youtube.com/watch?v=HZR2pcGsWJ8",,,,,,,2025-06-23T23:09:13.087Z,2025-06-23T23:09:13.087Z
295,,"History of Ancient Egypt: Dynasties XXII & XXIII - Shoshenq I, the Canaanite Campaign and Civil War","https://www.youtube.com/watch?v=z2qqKTeWcfY",,,,,,,2025-06-23T23:09:13.092Z,2025-06-23T23:09:13.092Z
296,,"Exploring the Mycenaean Citadel of Tiryns (History and Walking Tour)","https://www.youtube.com/watch?v=Mo4_g24cwHw",,,,,,,2025-06-23T23:09:13.098Z,2025-06-23T23:09:13.098Z
297,,"Scattered Candles in the Night ΓÇô Civilization during the Greek Dark Age (c. 1100-750 BC)","https://www.youtube.com/watch?v=hrBqCeyVyWI",,,,,,,2025-06-23T23:09:13.104Z,2025-06-23T23:09:13.104Z
298,,"History of Ancient Egypt: Dynasty XXI - The Start of the Third Intermediate Period (1069-945 BC)","https://www.youtube.com/watch?v=LNxACLVgYdg",,,,,,,2025-06-23T23:09:13.109Z,2025-06-23T23:09:13.109Z
299,,"Darius the Great: The Life and Times of the Great King of Persia in his Own Words (≡ÉÄ¡≡ÉÄá≡ÉÄ╝≡ÉÄ╣≡ÉÄ║≡ÉÄó≡ÉÅü)","https://www.youtube.com/watch?v=Ws5kmQvHePs",,,,,,,2025-06-23T23:09:13.115Z,2025-06-23T23:09:13.115Z
300,,"The World's First Superpower: Sargon of Akkad and the Mighty Akkadian Empire - Bronze Age History","https://www.youtube.com/watch?v=dfGDQfjADUE",,,,,,,2025-06-23T23:09:13.120Z,2025-06-23T23:09:13.120Z
301,,"The Dark Secrets of the Royal Cemetery of Ur","https://www.youtube.com/watch?v=zF0Yf_puDuo",,,,,,,2025-06-23T23:09:13.127Z,2025-06-23T23:09:13.127Z
302,,"Exploring Mycenaean Greece ΓÇô Culture, Kingdoms and the Historical Context of the Trojan War","https://www.youtube.com/watch?v=WxDvrmSspP8",,,,,,,2025-06-23T23:09:13.132Z,2025-06-23T23:09:13.132Z
303,,"History of Ancient Egypt: Dynasty XX - Sea Peoples, Late Bronze Age Collapse and the End of an Era","https://www.youtube.com/watch?v=HW09sY6qBFA",,,,,,,2025-06-23T23:09:13.138Z,2025-06-23T23:09:13.138Z
304,,"Megiddo - The Archaeological History of Armageddon","https://www.youtube.com/watch?v=l5Nu2KPWJ0c",,,,,,,2025-06-23T23:09:13.148Z,2025-06-23T23:09:13.148Z
305,,"The Life and Times of Ea-nasir, Bronze Age Babylonia's Most Notorious Businessman (c. 1750 BC)","https://www.youtube.com/watch?v=eR9Q69r8wVE",,,,,,,2025-06-23T23:09:13.154Z,2025-06-23T23:09:13.154Z
306,,"Herodotus and India - Scylax of Caryanda sails the Indus River, Gold-digging Ants and other tales","https://www.youtube.com/watch?v=3KKyvgrbI9U",,,,,,,2025-06-23T23:09:13.160Z,2025-06-23T23:09:13.160Z
307,,"History of Ancient Egypt: Dynasty XIX - Ramesses II, the Battle of Kadesh and the Israel Stela","https://www.youtube.com/watch?v=Uf6RelzFpNk",,,,,,,2025-06-23T23:09:13.165Z,2025-06-23T23:09:13.165Z
308,,"The Enigma of Ancient Elam - Part II: The Middle Elamite and Neo-Elamite Periods (1500-550 BC)","https://www.youtube.com/watch?v=C76JpEOXZBM",,,,,,,2025-06-23T23:09:13.171Z,2025-06-23T23:09:13.171Z
309,,"The Indus Valley / Harappan Civilization - Five Things You Should Know","https://www.youtube.com/watch?v=VIuDcRxaV3E",,,,,,,2025-06-23T23:09:13.176Z,2025-06-23T23:09:13.176Z
310,,"Exploring the Harappan City of Lothal (History and Walking Tour)","https://www.youtube.com/watch?v=aPsWQ1Lv2jI",,,,,,,2025-06-23T23:09:13.181Z,2025-06-23T23:09:13.181Z
311,,"Trade in the Early Bronze Age: Ancient Mesopotamia and the East (Harappan Civilization, Oxus & Elam)","https://www.youtube.com/watch?v=tA6bVpGlKNo&t=12s",,,,,,,2025-06-23T23:09:13.187Z,2025-06-23T23:09:13.187Z
312,,"Egypt in Nubia during the Old and Middle Kingdoms (Bronze Age History c. 3000-1650 BC)","https://www.youtube.com/watch?v=xecEY0nPG6s",,,,,,,2025-06-23T23:09:13.193Z,2025-06-23T23:09:13.193Z
313,,"Introduction to the Seriously Underrated Indus Valley / Harappan Civilization","https://www.youtube.com/watch?v=QNCO9XhrSTU",,,,,,,2025-06-23T23:09:13.198Z,2025-06-23T23:09:13.198Z
314,,"Exploring the Royal Necropolis of Naqsh-e Rustam (Achaemenid Tombs / Sasanian Reliefs)","https://www.youtube.com/watch?v=eLpDPwlJHzw",,,,,,,2025-06-23T23:09:13.204Z,2025-06-23T23:09:13.204Z
315,,"History of Ancient Egypt: Dynasty XVIII - Egypt's Golden Age and the Start of the New Kingdom","https://www.youtube.com/watch?v=jTpkX0ECNV4",,,,,,,2025-06-23T23:09:13.209Z,2025-06-23T23:09:13.209Z
316,,"Did the Babylonian Marriage Market as described by Herodotus really Exist? Daily Life in Mesopotamia","https://www.youtube.com/watch?v=iJc6LZ6aQM4",,,,,,,2025-06-23T23:09:13.215Z,2025-06-23T23:09:13.215Z
317,,"The History of Persepolis and a Walking Tour of the Site","https://www.youtube.com/watch?v=nWsW8Fih-sM",,,,,,,2025-06-23T23:09:13.220Z,2025-06-23T23:09:13.220Z
318,,"History of Ancient Egypt - Dynasty XVII - Second Intermediate Period - War with the Hyksos","https://www.youtube.com/watch?v=baad-F2rM4g",,,,,,,2025-06-23T23:09:13.226Z,2025-06-23T23:09:13.226Z
319,,"Babylon: The City at the Center of the World - The Concise History of Babylonia (2000-539 BC)","https://www.youtube.com/watch?v=O2hbP7PwuYU",,,,,,,2025-06-23T23:09:13.233Z,2025-06-23T23:09:13.233Z
320,,"Brief History of Byblos from the Early Bronze to the Iron Age","https://www.youtube.com/watch?v=Zf1XzMvrTwE&t=193s",,,,,,,2025-06-23T23:09:13.238Z,2025-06-23T23:09:13.238Z
321,,"Ancient Egypt Dynasty by Dynasty - Dynasties XV & XVI - The Arrival of the Hyksos","https://www.youtube.com/watch?v=9K-ionaiu1s",,,,,,,2025-06-23T23:09:13.244Z,2025-06-23T23:09:13.244Z
322,,"History of the Phoenician City of Tyre from the Bronze Age to the Age of Alexander","https://www.youtube.com/watch?v=Tfi8K-m4pQ0",,,,,,,2025-06-23T23:09:13.250Z,2025-06-23T23:09:13.250Z
323,,"History of the Phoenician City of Sidon from the Bronze Age to the Roman Period","https://www.youtube.com/watch?v=jsAr9xfYfQ0",,,,,,,2025-06-23T23:09:13.256Z,2025-06-23T23:09:13.256Z
324,,"Ancient Egypt Dynasty by Dynasty - Dynasties XIII & XIV / Start of the Second Intermediate Period","https://www.youtube.com/watch?v=sxnaQQK7__Q",,,,,,,2025-06-23T23:09:13.261Z,2025-06-23T23:09:13.261Z
325,,"The Life of Scribes and Scribal Schools in Ancient Egypt","https://www.youtube.com/watch?v=6xiFY_src_g",,,,,,,2025-06-23T23:09:13.267Z,2025-06-23T23:09:13.267Z
326,,"Philip II of Macedon: The Greatest Military Strategist of his Time and Father of Alexander the Great","https://www.youtube.com/watch?v=YxRQyMB4zbE",,,,,,,2025-06-23T23:09:13.272Z,2025-06-23T23:09:13.272Z
327,,"The Peloponnesian War - PART III: Mytilenean revolt, Fate of Plataea, Civil War in Corcyra and more!","https://www.youtube.com/watch?v=JcvAYUiBGOY&t=284s",,,,,,,2025-06-23T23:09:13.277Z,2025-06-23T23:09:13.277Z
328,,"Ancient Egypt Dynasty by Dynasty - Twelfth Dynasty of Egypt / Dynasty XII- The Middle Kingdom","https://www.youtube.com/watch?v=ZYj83q1bb64",,,,,,,2025-06-23T23:09:13.283Z,2025-06-23T23:09:13.283Z
329,,"Who was the Greatest ""King of Sumer and Akkad""? - 10 Greatest Kings of Ancient Mesopotamia","https://www.youtube.com/watch?v=NXZvt6eKEjk",,,,,,,2025-06-23T23:09:13.288Z,2025-06-23T23:09:13.288Z
330,,"Ancient Egypt Dynasty by Dynasty - Eleventh Dynasty of Egypt / Dynasty XI - Reunification of Egypt","https://www.youtube.com/watch?v=rxUgSJSVatE",,,,,,,2025-06-23T23:09:13.294Z,2025-06-23T23:09:13.294Z
331,,"Pasargadae, the City of Cyrus the Great (A Brief History)","https://www.youtube.com/watch?v=jvwiGj6e_X4",,,,,,,2025-06-23T23:09:13.299Z,2025-06-23T23:09:13.299Z
332,,"The Peloponnesian War - PART II: Pericles' War Begins","https://www.youtube.com/watch?v=2wwmACSP0pw",,,,,,,2025-06-23T23:09:13.304Z,2025-06-23T23:09:13.304Z
333,,"Ancient Egypt Dynasty by Dynasty - The First Intermediate Period / Dynasties VII-XI","https://www.youtube.com/watch?v=pqrQw62z4nE",,,,,,,2025-06-23T23:09:13.313Z,2025-06-23T23:09:13.313Z
334,,"Ancient Egypt Dynasty by Dynasty - Sixth Dynasty of Egypt / Dynasty VI - End of the Old Kingdom","https://www.youtube.com/watch?v=VLFZ8-bVfg8",,,,,,,2025-06-23T23:09:13.318Z,2025-06-23T23:09:13.318Z
335,,"The Peloponnesian War - PART I: The Gathering Storm","https://www.youtube.com/watch?v=FYJ8lNl3mfY",,,,,,,2025-06-23T23:09:13.323Z,2025-06-23T23:09:13.323Z
336,,"Sparta and the Messenian Wars (History of Ancient Greece)","https://www.youtube.com/watch?v=Y9iu34f2SQM",,,,,,,2025-06-23T23:09:13.329Z,2025-06-23T23:09:13.329Z
337,,"Gudea of Lagash, Ancient Sumer's Enlightened King","https://www.youtube.com/watch?v=KBjCDQIsBGw",,,,,,,2025-06-23T23:09:13.349Z,2025-06-23T23:09:13.349Z
338,,"Ancient Egypt Dynasty by Dynasty - Fifth Dynasty of Egypt / Dynasty V","https://www.youtube.com/watch?v=9cCsFUxrpbc",,,,,,,2025-06-23T23:09:13.354Z,2025-06-23T23:09:13.354Z
339,,"Ancient Assyria at War - The Assyrian Armed Forces","https://www.youtube.com/watch?v=tthqfJ3BPxY&t=71s",,,,,,,2025-06-23T23:09:13.360Z,2025-06-23T23:09:13.360Z
340,,"Staring at Starry Skies: Ancient Babylonian Astronomical Data and Greek Science","https://www.youtube.com/watch?v=yYAmbW4lC3U",,,,,,,2025-06-23T23:09:13.365Z,2025-06-23T23:09:13.365Z
341,,"A Short History of Ancient Greek Coins","https://www.youtube.com/watch?v=DcwSwQ5Ur9Y",,,,,,,2025-06-23T23:09:13.371Z,2025-06-23T23:09:13.371Z
342,,"The Adventures of Idrimi, the Refugee Prince of Aleppo (Bronze Age History)","https://www.youtube.com/watch?v=HkuLhe1lHIk",,,,,,,2025-06-23T23:09:13.376Z,2025-06-23T23:09:13.376Z
343,,"The History of Aleppo during the Bronze Age","https://www.youtube.com/watch?v=8MaRRXoZm2U",,,,,,,2025-06-23T23:09:13.383Z,2025-06-23T23:09:13.383Z
344,,"Ancient Egypt Dynasty by Dynasty - Fourth Dynasty of Egypt and the Pyramids of Giza","https://www.youtube.com/watch?v=JXDdQJ9rD-4",,,,,,,2025-06-23T23:09:13.388Z,2025-06-23T23:09:13.388Z
345,,"Introduction to the Oxus Civilization / Bactria-Margiana Complex (BMAC)","https://www.youtube.com/watch?v=LRBwWZs3W0Q",,,,,,,2025-06-23T23:09:13.393Z,2025-06-23T23:09:13.393Z
346,,"The Fascinating Story behind the Library of Ashurbanipal at Nineveh (History of Ancient Assyria)","https://www.youtube.com/watch?v=xfNCc5kPX5o",,,,,,,2025-06-23T23:09:13.401Z,2025-06-23T23:09:13.401Z
347,,"Bread and Brew! - Food and Drink in Ancient Egypt","https://www.youtube.com/watch?v=aLGqN2C1PIE",,,,,,,2025-06-23T23:09:13.407Z,2025-06-23T23:09:13.407Z
348,,"Ancient Egypt Dynasty by Dynasty - Third Dynasty and the First Pyramids of Egypt / Dynasty III","https://www.youtube.com/watch?v=VM71CXQ-Fz8",,,,,,,2025-06-23T23:09:13.412Z,2025-06-23T23:09:13.412Z
349,,"Ugarit, the Bronze Age City of Splendor","https://www.youtube.com/watch?v=I5LmdUlqHqI&t=130s",,,,,,,2025-06-23T23:09:13.417Z,2025-06-23T23:09:13.417Z
350,,"What was the Lelantine War? (History of the Ancient Greek World, c. 720-680 BC)","https://www.youtube.com/watch?v=fHISqcg93pw",,,,,,,2025-06-23T23:09:13.423Z,2025-06-23T23:09:13.423Z
351,,"Masterpieces of Mesopotamia - The Victory Stela of Naram-Sin","https://www.youtube.com/watch?v=T_1RQLoeZeA",,,,,,,2025-06-23T23:09:13.428Z,2025-06-23T23:09:13.428Z
352,,"How did the Phoenicians Survive the Late Bronze Age Collapse and Build their Commercial Empire?","https://www.youtube.com/watch?v=TAZjzIRw8M4",,,,,,,2025-06-23T23:09:13.434Z,2025-06-23T23:09:13.434Z
353,,"Herodotus - A Quick Look at his Life and the Gold-digging Ants of India | Supplemental Podcast #9","https://www.youtube.com/watch?v=i93LwbsXncM",,,,,,,2025-06-23T23:09:13.453Z,2025-06-23T23:09:13.453Z
354,,"Ancient Athens: Highlights of Athenian History (History of Ancient Greece)","https://www.youtube.com/watch?v=E-0n1SGFtp0",,,,,,,2025-06-23T23:09:13.458Z,2025-06-23T23:09:13.458Z
355,,"Masterpieces of Mesopotamia  - Standard of Ur, Relief of Ur-Nanshe and the Mask of Sargon","https://www.youtube.com/watch?v=nkYE_617-mo",,,,,,,2025-06-23T23:09:13.464Z,2025-06-23T23:09:13.464Z
356,,"Who were the Toltecs?  A Quick Look at the Toltecs in Mythology and History","https://www.youtube.com/watch?v=cxtXLnTNHKM",,,,,,,2025-06-23T23:09:13.470Z,2025-06-23T23:09:13.470Z
357,,"The History of Ancient Sparta and the Spartans (History of Ancient Greece)","https://www.youtube.com/watch?v=v2EXg_6mwzI",,,,,,,2025-06-23T23:09:13.475Z,2025-06-23T23:09:13.475Z
358,,"Teotihuac├ín, Ancient Mexico's Mysterious Metropolis","https://www.youtube.com/watch?v=ZljO9Djq5J0",,,,,,,2025-06-23T23:09:13.481Z,2025-06-23T23:09:13.481Z
359,,"History of the Achaemenid Persian Empire, Part II (486-330 BC; Xerxes I -  Alexander the Great)","https://www.youtube.com/watch?v=KiIUDZsojhI",,,,,,,2025-06-23T23:09:13.487Z,2025-06-23T23:09:13.487Z
360,,"Quick History of the Greek Colony of Acragas (Akragas/Argrigentum, modern Argrigento, Sicily, Italy)","https://www.youtube.com/watch?v=OcAoTuDfqAc",,,,,,,2025-06-23T23:09:13.493Z,2025-06-23T23:09:13.493Z
361,,"History of the Achaemenid Persian Empire, Part I (550-486 BC; Cyrus the Great - Darius the Great)","https://www.youtube.com/watch?v=tzIVddeWfR4",,,,,,,2025-06-23T23:09:13.500Z,2025-06-23T23:09:13.500Z
362,,"Introduction to Ancient Greek Colonies","https://www.youtube.com/watch?v=ABHUeTRvOQ8",,,,,,,2025-06-23T23:09:13.506Z,2025-06-23T23:09:13.506Z
363,,"Before the Achaemenid Empire: Early Kings and the Founding of the Persian Kingdom of Anshan","https://www.youtube.com/watch?v=PsoVZy5yQ2o",,,,,,,2025-06-23T23:09:13.512Z,2025-06-23T23:09:13.512Z
364,,"Ancient Greece during the Archaic Period (750-500 BC)","https://www.youtube.com/watch?v=FAHAILXI9yQ",,,,,,,2025-06-23T23:09:13.517Z,2025-06-23T23:09:13.517Z
365,,"History of Ancient Greece: Fall of Mycenaean Civilization and the Greek Dark Age","https://www.youtube.com/watch?v=lRI-ueMCuqU",,,,,,,2025-06-23T23:09:13.523Z,2025-06-23T23:09:13.523Z
366,,"Croesus of Lydia and the Lydians (plus Herodotus' tale of Croesus meeting Solon) | Podcast #7","https://www.youtube.com/watch?v=92vDKeWhkPs",,,,,,,2025-06-23T23:09:13.528Z,2025-06-23T23:09:13.528Z
367,,"Ancient Greece in the Bronze Age (Minoans, Mycenaean Greeks and more!)","https://www.youtube.com/watch?v=2RZC_r6ASnw",,,,,,,2025-06-23T23:09:13.534Z,2025-06-23T23:09:13.534Z
368,,"Ancient Magan / Makkan (Bronze Age Oman and UAE)","https://www.youtube.com/watch?v=JO87G94z614",,,,,,,2025-06-23T23:09:13.539Z,2025-06-23T23:09:13.539Z
369,,"Ancient Israel and Assyria: The Assyrian Empire Strikes Back (Part 2)","https://www.youtube.com/watch?v=N_Fwf8Si9Ug",,,,,,,2025-06-23T23:09:13.545Z,2025-06-23T23:09:13.545Z
370,,"Cambyses II and the Persian Conquest of Egypt (Achaemenid Persian Empire)","https://www.youtube.com/watch?v=Nq1H4KHCySE",,,,,,,2025-06-23T23:09:13.550Z,2025-06-23T23:09:13.550Z
371,,"Ancient Israel and Assyria: Early Encounters in the Levant (Part I)","https://www.youtube.com/watch?v=FWo0R0CbNE8",,,,,,,2025-06-23T23:09:13.556Z,2025-06-23T23:09:13.556Z
372,,"The Xiongnu Confederation (History of Ancient China and Mongolia)","https://www.youtube.com/watch?v=ghk52gkfT4w",,,,,,,2025-06-23T23:09:13.561Z,2025-06-23T23:09:13.561Z
373,,"Sargon the Great and the Akkadian Empire (Ancient Mesopotamia in Minutes)","https://www.youtube.com/watch?v=9GS_v7YACsY",,,,,,,2025-06-23T23:09:13.566Z,2025-06-23T23:09:13.566Z
374,,"Cyrus the Great and the Birth of the Achaemenid Persian Empire","https://www.youtube.com/watch?v=wMbD7c-YlAE",,,,,,,2025-06-23T23:09:13.572Z,2025-06-23T23:09:13.572Z
375,,"The Neo-Elamite Period - Elam vs. Assyria (1100 - 550 BC) | Supplemental Podcast #6","https://www.youtube.com/watch?v=mZ2ibQtICKQ",,,,,,,2025-06-23T23:09:13.578Z,2025-06-23T23:09:13.578Z
376,,"Early History of Phrygia and the Phrygians (King Midas of Phrygia)","https://www.youtube.com/watch?v=8j3YDbXr9XU",,,,,,,2025-06-23T23:09:13.583Z,2025-06-23T23:09:13.583Z
377,,"The Philistines in History (who they were and where they came from)","https://www.youtube.com/watch?v=ZjkYa3sfeho",,,,,,,2025-06-23T23:09:13.589Z,2025-06-23T23:09:13.589Z
378,,"The Early History of Lycia and the Lycians (Greek and Achaemenid Persian periods)","https://www.youtube.com/watch?v=AYPCj-rbuDI",,,,,,,2025-06-23T23:09:13.595Z,2025-06-23T23:09:13.595Z
379,,"The Neo-Babylonian Empire (Nabopolassar, Nebuchadnezzar II, Nabonidus)","https://www.youtube.com/watch?v=FbFSuO7KHLY",,,,,,,2025-06-23T23:09:13.600Z,2025-06-23T23:09:13.600Z
380,,"Popular Religion in Canaan and the Levant (Bronze Age Canaanite Religion) | Supplemental Podcast #5","https://www.youtube.com/watch?v=KncTpP7Nrq0",,,,,,,2025-06-23T23:09:13.606Z,2025-06-23T23:09:13.606Z
381,,"What was Luwian and who were the Luwians","https://www.youtube.com/watch?v=m2Kt90QoTYA",,,,,,,2025-06-23T23:09:13.611Z,2025-06-23T23:09:13.611Z
382,,"Introduction to the Nuragic Civilization (Ancient Bronze Age Sardinia)","https://www.youtube.com/watch?v=L3XUCQ1UbwM",,,,,,,2025-06-23T23:09:13.617Z,2025-06-23T23:09:13.617Z
383,,"Dark Days in Babylon - The Lost Centuries (1021-732 BC) | Supplemental Podcast #4","https://www.youtube.com/watch?v=zkW2rMIv24o",,,,,,,2025-06-23T23:09:13.623Z,2025-06-23T23:09:13.623Z
384,,"Who were the Phoenicians?  A Quick Look at Phoenician History","https://www.youtube.com/watch?v=HUel6zUz8GU",,,,,,,2025-06-23T23:09:13.629Z,2025-06-23T23:09:13.629Z
385,,"What were the Neo-Hittite States?","https://www.youtube.com/watch?v=HNluUdIdpkE",,,,,,,2025-06-23T23:09:13.635Z,2025-06-23T23:09:13.635Z
386,,"The Early Medes and the Median Empire (History of Ancient Iran) | Supplemental Podcast #3","https://www.youtube.com/watch?v=FypaFjqMY04",,,,,,,2025-06-23T23:09:13.642Z,2025-06-23T23:09:13.642Z
387,,"Who were the Aramaeans?  (Early Aramaean Kingdoms of the Iron Age)","https://www.youtube.com/watch?v=P-OL13x9WNI",,,,,,,2025-06-23T23:09:13.648Z,2025-06-23T23:09:13.648Z
388,,"History of Ancient Canaan - Early Iron Age Kingdoms of Israel, Judah, Moab, Ammon, Gilead and Edom","https://www.youtube.com/watch?v=8letIrov_Ds",,,,,,,2025-06-23T23:09:13.654Z,2025-06-23T23:09:13.654Z
389,,"Introduction to the Kingdom of Urartu (Ancient Armenia / Eastern Anatolia)","https://www.youtube.com/watch?v=z6F2ZAlVOIc",,,,,,,2025-06-23T23:09:13.659Z,2025-06-23T23:09:13.659Z
390,,"Concise History of Ancient Assyria and the Assyrian Empire (Historical Highlights and Great Kings)","https://www.youtube.com/watch?v=s_K60ulextI",,,,,,,2025-06-23T23:09:13.665Z,2025-06-23T23:09:13.665Z
391,,"History of Ancient Canaan - Egyptian Rule and the Late Bronze Age","https://www.youtube.com/watch?v=MDlTCJgh_N4",,,,,,,2025-06-23T23:09:13.670Z,2025-06-23T23:09:13.670Z
392,,"The Zapotecs (Zapotec Civilization of Ancient Mexico)","https://www.youtube.com/watch?v=qQoHlsZ_GD0",,,,,,,2025-06-23T23:09:13.676Z,2025-06-23T23:09:13.676Z
393,,"Nebuchadnezzar and the Triumph of Babylon over Elam (Second Dynasty of Isin)","https://www.youtube.com/watch?v=MSFmu-CfG5s",,,,,,,2025-06-23T23:09:13.681Z,2025-06-23T23:09:13.681Z
394,,"History of Ancient Canaan - The Canaanite Golden Age (Middle Bronze Age)","https://www.youtube.com/watch?v=Q9UiWABL1iY",,,,,,,2025-06-23T23:09:13.686Z,2025-06-23T23:09:13.686Z
395,,"The Olmecs (Olmec Culture of Ancient Mexico)","https://www.youtube.com/watch?v=DTqgksmmAuY",,,,,,,2025-06-23T23:09:13.692Z,2025-06-23T23:09:13.692Z
396,,"Did Mycenaean Greece and the Hittite Empire ever Interact?  The Ahhiyawa Question","https://www.youtube.com/watch?v=yHivtCCY3T4",,,,,,,2025-06-23T23:09:13.697Z,2025-06-23T23:09:13.697Z
397,,"The Empire of Aksum (Axum)","https://www.youtube.com/watch?v=R2JOI6i042w",,,,,,,2025-06-23T23:09:13.703Z,2025-06-23T23:09:13.703Z
398,,"The Epic of Ancient Assyria Podcast | Part 4 | Adad-nirari I, Shalmaneser I and Tukulti-Ninurta I","https://www.youtube.com/watch?v=svUT9gcUrbw",,,,,,,2025-06-23T23:09:13.708Z,2025-06-23T23:09:13.708Z
399,,"Early Median and Persian Kings - Deioces, Cyaxares, Astyages and Cyrus the Great","https://www.youtube.com/watch?v=WtQ_d0lIrt4",,,,,,,2025-06-23T23:09:13.714Z,2025-06-23T23:09:13.714Z
400,,"Search for the Real Semiramis - Queen Sammuramat of Assyria","https://www.youtube.com/watch?v=tovrK6bJ6Ts",,,,,,,2025-06-23T23:09:13.719Z,2025-06-23T23:09:13.719Z
402,,"Who were the Sea Peoples? (Ancient Mediterranean and Bronze Age Collapse)","https://www.youtube.com/watch?v=7pbRMmuaO0w",,,,,,,2025-06-23T23:09:13.724Z,2025-06-23T23:09:13.724Z
403,,"The Epic of Ancient Assyria Podcast | Part 3 | The Middle Assyrian Empire (Beginnings)","https://www.youtube.com/watch?v=ODPsrRiopog&t=7s",,,,,,,2025-06-23T23:09:13.730Z,2025-06-23T23:09:13.730Z
404,,"Kingdoms of Ancient Cyprus","https://www.youtube.com/watch?v=HRC4hp9yEj4",,,,,,,2025-06-23T23:09:13.735Z,2025-06-23T23:09:13.735Z
405,,"Hammurabi of Babylon - A Quick Look at his Life, Law Code and Legacy","https://www.youtube.com/watch?v=5hn__cryV9E",,,,,,,2025-06-23T23:09:13.744Z,2025-06-23T23:09:13.744Z
406,,"The Epic of Ancient Assyria Podcast | Part 2 | Ashur during the Age of Shamshi-Adad","https://www.youtube.com/watch?v=R7YyJ18XYfg",,,,,,,2025-06-23T23:09:13.750Z,2025-06-23T23:09:13.750Z
407,,"Ancient Cyprus during the Bronze and Early Iron Age","https://www.youtube.com/watch?v=KGreEUG0Uxw&t=1s",,,,,,,2025-06-23T23:09:13.755Z,2025-06-23T23:09:13.755Z
408,,"The Epic of Ancient Assyria Podcast | Part 1 | Early Assyria, Ashur and the Anatolian Colonies","https://www.youtube.com/watch?v=cdEq9aDg6W8",,,,,,,2025-06-23T23:09:13.761Z,2025-06-23T23:09:13.761Z
409,,"Introduction to India's Vedic Age","https://www.youtube.com/watch?v=y8-q1ufoYSY",,,,,,,2025-06-23T23:09:13.766Z,2025-06-23T23:09:13.766Z
410,,"Shamshi-Adad I, the First Great King of Assyria (History of the Old Assyrian Kingdom)","https://www.youtube.com/watch?v=ptstvlhUReU",,,,,,,2025-06-23T23:09:13.771Z,2025-06-23T23:09:13.771Z
411,,"The Assyrian Old Kingdom and the Anatolian Trading Colonies","https://www.youtube.com/watch?v=Mc90Wo3cJDw",,,,,,,2025-06-23T23:09:13.777Z,2025-06-23T23:09:13.777Z
412,,"Babylon After Hammurabi and the Fall of the First Dynasty","https://www.youtube.com/watch?v=l380em8h-3s",,,,,,,2025-06-23T23:09:13.783Z,2025-06-23T23:09:13.783Z
413,,"Introduction to the Indus Valley (Harappan) Civilization","https://www.youtube.com/watch?v=pKGq56YP98I",,,,,,,2025-06-23T23:09:13.788Z,2025-06-23T23:09:13.788Z
414,,"Hammurabi of Babylon, the Master of Mesopotamia","https://www.youtube.com/watch?v=oOLcEqQ6T5g",,,,,,,2025-06-23T23:09:13.794Z,2025-06-23T23:09:13.794Z
415,,"Anitta and the First Anatolian Empire (Highlights of Hittite History)","https://www.youtube.com/watch?v=EYOLrWwzFzo",,,,,,,2025-06-23T23:09:13.800Z,2025-06-23T23:09:13.800Z
416,,"The First Dynasty of Babylon (Old Babylonia before Hammurabi)","https://www.youtube.com/watch?v=SkoRhm-BBMM",,,,,,,2025-06-23T23:09:13.807Z,2025-06-23T23:09:13.807Z
417,,"Isin, Larsa and the Beginnings of the Old Babylonian Period","https://www.youtube.com/watch?v=lNJO1r_QkWM",,,,,,,2025-06-23T23:09:13.813Z,2025-06-23T23:09:13.813Z
418,,"What and Where was Babylonia?","https://www.youtube.com/watch?v=j6qvburZovg",,,,,,,2025-06-23T23:09:13.818Z,2025-06-23T23:09:13.818Z
419,,"Shulgi of Ur and the Neo Sumerian Empire","https://www.youtube.com/watch?v=8utVUIGDWGk",,,,,,,2025-06-23T23:09:13.824Z,2025-06-23T23:09:13.824Z
420,,"Ur-Nammu and the Foundation of the Neo-Sumerian Empire","https://www.youtube.com/watch?v=IlnfjuwcOI4&t=1s",,,,,,,2025-06-23T23:09:13.830Z,2025-06-23T23:09:13.830Z
421,,"Naram-Sin: The Last Great Akkadian King","https://www.youtube.com/watch?v=k-LVJIA9bWI",,,,,,,2025-06-23T23:09:13.840Z,2025-06-23T23:09:13.840Z
422,,"The Lost City of Ebla","https://www.youtube.com/watch?v=x1i5B04NTF4",,,,,,,2025-06-23T23:09:13.846Z,2025-06-23T23:09:13.846Z
423,,"Introduction to Ancient Nubia and the Kingdom of Kush","https://www.youtube.com/watch?v=lnoqlCV__z4&t=19s",,,,,,,2025-06-23T23:09:13.852Z,2025-06-23T23:09:13.852Z
424,,"Sumerian Religion Simplified","https://www.youtube.com/watch?v=Pa4szTWV9Bk",,,,,,,2025-06-23T23:09:13.857Z,2025-06-23T23:09:13.857Z
425,,"Sargon the Great and the Akkadian Empire","https://www.youtube.com/watch?v=rMMciq5UfFI",,,,,,,2025-06-23T23:09:13.868Z,2025-06-23T23:09:13.868Z
426,,"Important Cities of the Early Dynastic Period of Sumer","https://www.youtube.com/watch?v=hRXLf0kbG0s",,,,,,,2025-06-23T23:09:13.874Z,2025-06-23T23:09:13.874Z
427,,"The Elamites - The Middle Elamite Period (Part 3)","https://www.youtube.com/watch?v=EiJWbPrGRHU",,,,,,,2025-06-23T23:09:13.879Z,2025-06-23T23:09:13.879Z
428,,"The Great Sumerian Rivalry: Lagash vs. Umma","https://www.youtube.com/watch?v=7vJZ_cSSrcU",,,,,,,2025-06-23T23:09:13.885Z,2025-06-23T23:09:13.885Z
429,,"History of the Khazars - Origins and the First Arab-Khazar War (Part I)","https://www.youtube.com/watch?v=V4ZkWpw6dcI",,,,,,,2025-06-23T23:09:13.890Z,2025-06-23T23:09:13.890Z
430,,"An Introduction to the Etruscans and Etruscan Civilization","https://www.youtube.com/watch?v=40hk_vktP64",,,,,,,2025-06-23T23:09:13.896Z,2025-06-23T23:09:13.896Z
431,,"The Complete History of the Hittites","https://www.youtube.com/watch?v=amcowif39mI",,,,,,,2025-06-23T23:09:13.902Z,2025-06-23T23:09:13.902Z
432,,"Introduction to Ancient Canaan and the Canaanites","https://www.youtube.com/watch?v=QrqsAEUfvfg",,,,,,,2025-06-23T23:09:13.908Z,2025-06-23T23:09:13.908Z
433,,"History of the Hurrian Kingdom of the Mitanni","https://www.youtube.com/watch?v=0PGOZPbOBG4",,,,,,,2025-06-23T23:09:13.916Z,2025-06-23T23:09:13.916Z
434,,"Who were the Hurrians?","https://www.youtube.com/watch?v=m1ReHQC5dBs",,,,,,,2025-06-23T23:09:13.928Z,2025-06-23T23:09:13.928Z
435,,"The Kassite Dynasty of Babylon","https://www.youtube.com/watch?v=8f7pgyJiUjE",,,,,,,2025-06-23T23:09:13.933Z,2025-06-23T23:09:13.933Z
436,,"Introduction to the Minoans and Minoan Civilization","https://www.youtube.com/watch?v=W4hRA2IgtB4",,,,,,,2025-06-23T23:09:13.939Z,2025-06-23T23:09:13.939Z
437,,"Amorites  - A Brief History","https://www.youtube.com/watch?v=FpeRJyFHkGU",,,,,,,2025-06-23T23:09:13.945Z,2025-06-23T23:09:13.945Z
438,,"Early Central Asia, a Quick History","https://www.youtube.com/watch?v=WylsPSc0f3w&t=1s",,,,,,,2025-06-23T23:09:13.950Z,2025-06-23T23:09:13.950Z
439,,"History of Assyria  - Episode I: The Early Kings (2500 - 1365 BCE)","https://www.youtube.com/watch?v=oGUppb7b4K8",,,,,,,2025-06-23T23:09:13.955Z,2025-06-23T23:09:13.955Z
440,,"Babylon: A History of the City","https://www.youtube.com/watch?v=DY5i3UPXh8k",,,,,,,2025-06-23T23:09:13.972Z,2025-06-23T23:09:13.972Z
441,,"The Abacus","https://youtu.be/D1RASEXYJ-U",,,,,,,2025-06-23T23:09:13.981Z,2025-06-23T23:09:13.981Z
442,,"Abacus & Its History","https://youtu.be/avRU5kq918A",,,,,,,2025-06-23T23:09:13.992Z,2025-06-23T23:09:13.992Z
443,,"Lost Cities of the Classical Mayans","https://www.youtube.com/watch?v=EkyvxbEQjjg",,,,,,,2025-06-23T23:09:13.998Z,2025-06-23T23:09:13.998Z
445,,"Irk Bitig: Divinations of the Uyghur Ancients","https://www.youtube.com/watch?v=-6809KS0-Ks",,,,,,,2025-06-23T23:09:14.004Z,2025-06-23T23:09:14.004Z
446,,"Insular India - An Archaeological Timeline","https://www.youtube.com/watch?v=bOMZZyTapBw&t=3s",,,,,,,2025-06-23T23:09:14.011Z,2025-06-23T23:09:14.011Z
401,,"The Silk Road","https://www.youtube.com/watch?v=f2ocTNGznjE&t=4s",,,,,,,2025-06-23T23:09:14.016Z,2025-06-23T23:09:14.016Z
447,,"The Vikings and The Muslim Scholar","https://www.youtube.com/watch?v=hfSbkaQWioQ",,,,,,,2025-06-23T23:09:14.022Z,2025-06-23T23:09:14.022Z
448,,"Khmer Empire - Stolen and Returned","https://www.youtube.com/watch?v=3yIJ0T0jwn4",,,,,,,2025-06-23T23:09:14.026Z,2025-06-23T23:09:14.026Z
449,,"Women of Iran","https://www.youtube.com/watch?v=N25TZa9Vdio",,,,,,,2025-06-23T23:09:14.031Z,2025-06-23T23:09:14.031Z
450,,"Song of Everlasting Sorrow","https://www.youtube.com/watch?v=04vcMLZ5Iv0",,,,,,,2025-06-23T23:09:14.036Z,2025-06-23T23:09:14.036Z
451,,"Ancestral Puebloans","https://www.youtube.com/watch?v=dwx5K8z2nac&t=2s",,,,,,,2025-06-23T23:09:14.042Z,2025-06-23T23:09:14.042Z
452,,"Ancient Sardinia","https://www.youtube.com/watch?v=J2sA-xyWQNg&t=1s",,,,,,,2025-06-23T23:09:14.050Z,2025-06-23T23:09:14.050Z
453,,"Family Planning in the Ancient World","https://www.youtube.com/watch?v=9RspXX2JNUw",,,,,,,2025-06-23T23:09:14.055Z,2025-06-23T23:09:14.055Z
454,,"The Story of Ahikar","https://www.youtube.com/watch?v=AX9Hmh5qJ9U",,,,,,,2025-06-23T23:09:14.061Z,2025-06-23T23:09:14.061Z
455,,"The Gutians - Babylon's Barbarians","https://www.youtube.com/watch?v=gnOoTTH8bco",,,,,,,2025-06-23T23:09:14.066Z,2025-06-23T23:09:14.066Z
456,,"The Kingdom of Pylos in the Bronze Age Collapse","https://www.youtube.com/watch?v=FKdpl8QvZUk",,,,,,,2025-06-23T23:09:14.076Z,2025-06-23T23:09:14.076Z
457,,"Bronze Age Sicily - Populations, Cultures & Societies","https://www.youtube.com/watch?v=p5si_oWHE4M&t=1s",,,,,,,2025-06-23T23:09:14.095Z,2025-06-23T23:09:14.095Z
458,,"Etruscan Origins | Ancient Myths and DNA","https://www.youtube.com/watch?v=LM8ksdqXSkM",,,,,,,2025-06-23T23:09:14.103Z,2025-06-23T23:09:14.103Z
459,,"Gilgamesh: A Biography","https://www.youtube.com/watch?v=_Nh-dH99FFc",,,,,,,2025-06-23T23:09:14.112Z,2025-06-23T23:09:14.112Z
460,,"Aryan Origins | Migration Theory and Etymological History","https://www.youtube.com/watch?v=D2Y-LSo-Tws",,,,,,,2025-06-23T23:09:14.119Z,2025-06-23T23:09:14.119Z
461,,"Ancient Olmec Origins | DNA","https://www.youtube.com/watch?v=q03Nj2tVH5s",,,,,,,2025-06-23T23:09:14.125Z,2025-06-23T23:09:14.125Z
462,,"African Origins of Olmec Civilization - Debunked","https://www.youtube.com/watch?v=mJ0OwYjVHhI",,,,,,,2025-06-23T23:09:14.132Z,2025-06-23T23:09:14.132Z
463,,"Eridu Genesis | The Sumerian Epic of Creation","https://www.youtube.com/watch?v=roqGfNDegqs",,,,,,,2025-06-23T23:09:14.138Z,2025-06-23T23:09:14.138Z
464,,"The Collapse of Indus Valley Civilization - Aryan Invasion Debunked?","https://www.youtube.com/watch?v=-HPKs7Y65Dk",,,,,,,2025-06-23T23:09:14.143Z,2025-06-23T23:09:14.143Z
465,,"Sao Culture | A Forgotten African Civilization","https://www.youtube.com/watch?v=jEfQg2n4dms",,,,,,,2025-06-23T23:09:14.150Z,2025-06-23T23:09:14.150Z
466,,"Ancient Mississippian Religion - Native American Documentary","https://www.youtube.com/watch?v=JkxZ_B4yoBE",,,,,,,2025-06-23T23:09:14.156Z,2025-06-23T23:09:14.156Z
467,,"Viking Origins | The Genetic History of Northern Europe","https://www.youtube.com/watch?v=RUCERuhaWpg&t=1s",,,,,,,2025-06-23T23:09:14.162Z,2025-06-23T23:09:14.162Z
468,,"Septimius Severus | Rome's African Emperor","https://www.youtube.com/watch?v=ID7wuJCG1oM",,,,,,,2025-06-23T23:09:14.167Z,2025-06-23T23:09:14.167Z
469,,"Nazca Culture | A Forgotten Civilization","https://www.youtube.com/watch?v=2WrXvOxIfLQ",,,,,,,2025-06-23T23:09:14.173Z,2025-06-23T23:09:14.173Z
470,,"The Kingdom of Pylos | A Forgotten History.","https://www.youtube.com/watch?v=N4DeublxkTU",,,,,,,2025-06-23T23:09:14.180Z,2025-06-23T23:09:14.180Z
471,,"The Reign and Death of Emperor Claudius | Dr. Andrew Traver","https://www.youtube.com/watch?v=INBKgUpYEb0",,,,,,,2025-06-23T23:09:14.184Z,2025-06-23T23:09:14.184Z
472,,"Giant Olmec Heads - Explained","https://www.youtube.com/watch?v=5uvMJugf90M",,,,,,,2025-06-23T23:09:14.190Z,2025-06-23T23:09:14.190Z
473,,"Tracing the Sea Peoples in Ancient Mythology | An Age of Heroes","https://www.youtube.com/watch?v=Ha_bpZtAflY",,,,,,,2025-06-23T23:09:14.196Z,2025-06-23T23:09:14.196Z
474,,"Ancient Aegean Writing Scripts - Explained","https://www.youtube.com/watch?v=-i0fO4svLbk&t=4s",,,,,,,2025-06-23T23:09:14.201Z,2025-06-23T23:09:14.201Z
475,,"El Rey Lobo: The Wolf King of 12th Century Medieval Murcia","https://www.youtube.com/watch?v=Cnn8CqvkE54",,,,,,,2025-06-23T23:09:14.206Z,2025-06-23T23:09:14.206Z
476,,"The History and Culture of Olmec Civilization","https://www.youtube.com/watch?v=unayHy60ZnM",,,,,,,2025-06-23T23:09:14.213Z,2025-06-23T23:09:14.213Z
477,,"Gender Identity and Sexuality in the Medieval World","https://www.youtube.com/watch?v=0YeWDIB6RoA",,,,,,,2025-06-23T23:09:14.217Z,2025-06-23T23:09:14.217Z
478,,"Slavery in the Medieval Viking World","https://www.youtube.com/watch?v=GBAFCjs-cRA",,,,,,,2025-06-23T23:09:14.222Z,2025-06-23T23:09:14.222Z
479,,"The Origins of the American Civil War | Debunking Lost Cause Narratives","https://www.youtube.com/watch?v=Gc0GvbzhoWs",,,,,,,2025-06-23T23:09:14.226Z,2025-06-23T23:09:14.226Z
480,,"The Origins and History of the Bogomils","https://www.youtube.com/watch?v=3Ln1hEf_NZk",,,,,,,2025-06-23T23:09:14.230Z,2025-06-23T23:09:14.230Z
481,,"Alfonso I ΓÇ£the BattlerΓÇ¥ of Aragon: Hero, Villain, or Both? Special Guest Dr. Kyle C. Lincoln","https://www.youtube.com/watch?v=ZZXzNEIs4Pw",,,,,,,2025-06-23T23:09:14.235Z,2025-06-23T23:09:14.235Z
482,,"Anglo-Saxon Kingdoms | DNA, Culture and Identity.","https://www.youtube.com/watch?v=2MzQMyVp1D8",,,,,,,2025-06-23T23:09:14.239Z,2025-06-23T23:09:14.239Z
483,,"Proto-Celts and the Hallstatt Culture","https://www.youtube.com/watch?v=Q3KvcorSsZE",,,,,,,2025-06-23T23:09:14.245Z,2025-06-23T23:09:14.245Z
484,,"Did Climate Change cause the Bronze Age Collapse?","https://www.youtube.com/watch?v=W6ro0u8QQqw",,,,,,,2025-06-23T23:09:14.250Z,2025-06-23T23:09:14.250Z
485,,"The Early Life of Emperor Claudius | Dr. Andrew Traver","https://www.youtube.com/watch?v=jKc3hO9TiSc",,,,,,,2025-06-23T23:09:14.255Z,2025-06-23T23:09:14.255Z
486,,"The Fall of the Babylonian Empire","https://www.youtube.com/watch?v=9u4WIHNAx64",,,,,,,2025-06-23T23:09:14.261Z,2025-06-23T23:09:14.261Z
487,,"The Origins and History of the Ancient Celts","https://www.youtube.com/watch?v=QgAJUziewmI&t=1s",,,,,,,2025-06-23T23:09:14.266Z,2025-06-23T23:09:14.266Z
488,,"The Forgotten Ancient Kingdom of Magadha","https://www.youtube.com/watch?v=clSai3lpZ-I&t=1s",,,,,,,2025-06-23T23:09:14.272Z,2025-06-23T23:09:14.272Z
489,,"The Origins of the Huns: DNA & History | Geneticist Razib Khan","https://www.youtube.com/watch?v=3ANDa1pLBRY",,,,,,,2025-06-23T23:09:14.276Z,2025-06-23T23:09:14.276Z
490,,"Muslim Invasion of Medieval Iberia in 711 AD - DEBUNKED","https://www.youtube.com/watch?v=k-X9zzcK-Rg",,,,,,,2025-06-23T23:09:14.281Z,2025-06-23T23:09:14.281Z
491,,"Tamoanchan: The Lost Cradle of Mesoamerican Civilizations","https://www.youtube.com/watch?v=n8XNOkVU8bg",,,,,,,2025-06-23T23:09:14.285Z,2025-06-23T23:09:14.285Z
279,,"The Kingdom of Spiro: A Forgotten Civilization","https://www.youtube.com/watch?v=UDP9zHbJKN8",,,,,,,2025-06-23T23:09:14.290Z,2025-06-23T23:09:14.290Z
492,,"Jews built the Pyramids - DEBUNKED","https://www.youtube.com/watch?v=Bl-v62SdP_k",,,,,,,2025-06-23T23:09:14.296Z,2025-06-23T23:09:14.296Z
494,,"Cavalry and Cataphracts in the Seleucid Empire | Tanks of the Ancient World -Dr. Silvannen Gerrard","https://www.youtube.com/watch?v=OqLdayA48Fg",,,,,,,2025-06-23T23:09:14.301Z,2025-06-23T23:09:14.301Z
495,,"Ancient Abyssinia and the History of the Ethiopian Empire","https://www.youtube.com/watch?v=qr656psWUCI",,,,,,,2025-06-23T23:09:14.307Z,2025-06-23T23:09:14.307Z
496,,"Origins of the Ancient Inca | DNA, History and Mythology","https://www.youtube.com/watch?v=HyYQk1B-vWk",,,,,,,2025-06-23T23:09:14.311Z,2025-06-23T23:09:14.311Z
497,,"Barbarian Warfare and Customs in Ancient Central Europe | Dr. Bartosz Kontny","https://www.youtube.com/watch?v=tr-9u7FDFfg",,,,,,,2025-06-23T23:09:14.316Z,2025-06-23T23:09:14.316Z
498,,"Exploring Newcastle Castle | A Medieval Fortress Tour with Allex Iles","https://www.youtube.com/watch?v=XqJiicUZGRw",,,,,,,2025-06-23T23:09:14.320Z,2025-06-23T23:09:14.320Z
499,,"The Black Achilles Controversy - EXPLAINED","https://www.youtube.com/watch?v=MtZ_9iqUD1U",,,,,,,2025-06-23T23:09:14.327Z,2025-06-23T23:09:14.327Z
500,,"The Trojan War EXPLAINED - Legends and Facts","https://www.youtube.com/watch?v=uo07DAIHhOA",,,,,,,2025-06-23T23:09:14.333Z,2025-06-23T23:09:14.333Z
501,,"Between the Ancient Picts and Romans : Exploring Hadrian's Wall with Alexander Iles.","https://www.youtube.com/watch?v=lSg6aJUO3ko",,,,,,,2025-06-23T23:09:14.337Z,2025-06-23T23:09:14.337Z
502,,"Basque Origins | DNA, Language, and History","https://www.youtube.com/watch?v=Un1QtE5swEU",,,,,,,2025-06-23T23:09:14.343Z,2025-06-23T23:09:14.343Z
503,,"Were the Byzantines actually Roman?","https://www.youtube.com/watch?v=FUBrAmlyMl0",,,,,,,2025-06-23T23:09:14.348Z,2025-06-23T23:09:14.348Z
504,,"The Origins and Rise of the Slavs | Dr. Florin Curta","https://www.youtube.com/watch?v=3lBSm87304Q",,,,,,,2025-06-23T23:09:14.352Z,2025-06-23T23:09:14.352Z
505,,"Forgotten History of Ancient Nubia","https://www.youtube.com/watch?v=B3sDopqcBk8&t=87s",,,,,,,2025-06-23T23:09:14.358Z,2025-06-23T23:09:14.358Z
506,,"Origins of the Crusades - EXPLAINED","https://www.youtube.com/watch?v=K01KZtxg_54",,,,,,,2025-06-23T23:09:14.362Z,2025-06-23T23:09:14.362Z
507,,"How Plague defined Ancient and Medieval History | Dr. Andrew Latham","https://www.youtube.com/watch?v=bYY0UE6AfKs",,,,,,,2025-06-23T23:09:14.366Z,2025-06-23T23:09:14.366Z
508,,"Darkening Age : The Christian Destruction of the Classical World","https://www.youtube.com/watch?v=ueBfjw2412E",,,,,,,2025-06-23T23:09:14.371Z,2025-06-23T23:09:14.371Z
509,,"Origins of the Ancient Minoans | DNA","https://www.youtube.com/watch?v=8UJOaRDK5d4&t=345s",,,,,,,2025-06-23T23:09:14.377Z,2025-06-23T23:09:14.377Z
510,,"Origins of the Amorites : Bronze Age invaders that united an empire","https://www.youtube.com/watch?v=oPvSjWKn_y8",,,,,,,2025-06-23T23:09:14.382Z,2025-06-23T23:09:14.382Z
511,,"Tagar Culture and Proto-Scythian Origins | DNA","https://www.youtube.com/watch?v=PENbObPLHV8",,,,,,,2025-06-23T23:09:14.388Z,2025-06-23T23:09:14.388Z
512,,"Were the ancient Scythians really Nomads?","https://www.youtube.com/watch?v=iGIqzPVGtyI",,,,,,,2025-06-23T23:09:14.393Z,2025-06-23T23:09:14.393Z
513,,"The Forgotten Ancient Kingdom of Colchis","https://www.youtube.com/watch?v=IpvSodrdT8w",,,,,,,2025-06-23T23:09:14.399Z,2025-06-23T23:09:14.399Z
514,,"Ancient Anatolian History | First Empires","https://www.youtube.com/watch?v=q5rOvbf8KeI",,,,,,,2025-06-23T23:09:14.403Z,2025-06-23T23:09:14.403Z
515,,"Canaanite Origins | DNA | Geneticist Razib Khan","https://www.youtube.com/watch?v=Gwt7LT2AeBY",,,,,,,2025-06-23T23:09:14.408Z,2025-06-23T23:09:14.408Z
516,,"Explaining Nibiru in ancient Mesopotamian texts | Dr. David Miano","https://www.youtube.com/watch?v=dIXQ4zdlueM",,,,,,,2025-06-23T23:09:14.413Z,2025-06-23T23:09:14.413Z
517,,"The Forgotten Ancient Kingdom of Ebla","https://www.youtube.com/watch?v=lzDHggDDzX0",,,,,,,2025-06-23T23:09:14.419Z,2025-06-23T23:09:14.419Z
518,,"Scandinavian Origins | DNA | Stone Age Scandinavia","https://www.youtube.com/watch?v=jmcwtTppqXw",,,,,,,2025-06-23T23:09:14.423Z,2025-06-23T23:09:14.423Z
519,,"Proto-Indo-European Origins | DNA","https://www.youtube.com/watch?v=o5CpTdZdHVY&t=12s",,,,,,,2025-06-23T23:09:14.432Z,2025-06-23T23:09:14.432Z
520,,"Forgotten Empire | Ancient Kingdom of Mitanni","https://www.youtube.com/watch?v=69wx24MH6Ss",,,,,,,2025-06-23T23:09:14.436Z,2025-06-23T23:09:14.436Z
521,,"Ancient Egypt | Modern Politics | Egyptologist Dr. Juan Carlos Moreno Garc├¡a","https://www.youtube.com/watch?v=4k7wi4DFdt8",,,,,,,2025-06-23T23:09:14.441Z,2025-06-23T23:09:14.441Z
522,,"Before the 25th Dynasty: Black Ancient Egyptians |  Egyptologist Dr. Juan Carlos Moreno Garc├¡a","https://www.youtube.com/watch?v=IdFxpInP6ys",,,,,,,2025-06-23T23:09:14.445Z,2025-06-23T23:09:14.445Z
523,,"The Forgotten History of Celtic Anatolia","https://www.youtube.com/watch?v=uw6iVSlWTJQ&t=1s",,,,,,,2025-06-23T23:09:14.450Z,2025-06-23T23:09:14.450Z
524,,"Ancient Egyptian DNA | Egyptologist Dr. Juan Carlos Moreno Garc├¡a","https://www.youtube.com/watch?v=nEy33wcmndQ",,,,,,,2025-06-23T23:09:14.455Z,2025-06-23T23:09:14.455Z
525,,"The Forgotten History of Celtic Poland","https://www.youtube.com/watch?v=spnKYA27WYc",,,,,,,2025-06-23T23:09:14.460Z,2025-06-23T23:09:14.460Z
526,,"The Habiru and the Amarna Letters","https://www.youtube.com/watch?v=0ZtoBNnsweY",,,,,,,2025-06-23T23:09:14.467Z,2025-06-23T23:09:14.467Z
527,,"Forgotten History of the Ancient Picts","https://www.youtube.com/watch?v=k67EztRAH20&t=2s",,,,,,,2025-06-23T23:09:14.471Z,2025-06-23T23:09:14.471Z
528,,"Why Thucydides Matters Today | Modern Conflicts and Ancient History","https://www.youtube.com/watch?v=vdiaMFIQ3nI",,,,,,,2025-06-23T23:09:14.476Z,2025-06-23T23:09:14.476Z
529,,"Police in Ancient Egypt","https://www.youtube.com/watch?v=8QwDX2EUdm4",,,,,,,2025-06-23T23:09:14.480Z,2025-06-23T23:09:14.480Z
530,,"Hattusa | Rise and Fall of the Ancient Hittite City","https://www.youtube.com/watch?v=r-sLnXNljr4",,,,,,,2025-06-23T23:09:14.486Z,2025-06-23T23:09:14.486Z
531,,"Origins of the Hyksos | DNA | Ancient Egypt","https://www.youtube.com/watch?v=wMJDcK5gHIw",,,,,,,2025-06-23T23:09:14.490Z,2025-06-23T23:09:14.490Z
532,,"The Sea Peoples in the Bible | Bronze Age Collapse | Ancient Canaan","https://www.youtube.com/watch?v=Agb4L_YUkhI",,,,,,,2025-06-23T23:09:14.495Z,2025-06-23T23:09:14.495Z
533,,"Ancient Egyptian Identity and Ethnicity in Pharaonic Egypt | Dr. Juan Carlos Moreno Garc├¡a","https://www.youtube.com/watch?v=D_bljQp0BfY",,,,,,,2025-06-23T23:09:14.500Z,2025-06-23T23:09:14.500Z
534,,"Black Athena Revisited | What It Gets Wrong","https://www.youtube.com/watch?v=QAPxqKzueJA",,,,,,,2025-06-23T23:09:14.505Z,2025-06-23T23:09:14.505Z
535,,"BREAKING NEWS - Bronze Age Bodies Discovered at Stonehenge!","https://www.youtube.com/watch?v=3adKIuUs-I8",,,,,,,2025-06-23T23:09:14.516Z,2025-06-23T23:09:14.516Z
537,,"The Origins and History of the Polabian Slavs","https://www.youtube.com/watch?v=H6z_7rGTTxQ",,,,,,,2025-06-23T23:09:14.521Z,2025-06-23T23:09:14.521Z
538,,"Plague and the Bronze Age Collapse | Dr. Eric Cline","https://www.youtube.com/watch?v=xfa_r43lVXU",,,,,,,2025-06-23T23:09:14.525Z,2025-06-23T23:09:14.525Z
493,,"The Rise and Fall of the Kingdom of Nabatea","https://www.youtube.com/watch?v=nxyJAdZVpvw",,,,,,,2025-06-23T23:09:14.530Z,2025-06-23T23:09:14.530Z
539,,"Sumerian Origins and Ancient DNA | Geneticist Razib Khan","https://www.youtube.com/watch?v=e56awVoGwAA",,,,,,,2025-06-23T23:09:14.535Z,2025-06-23T23:09:14.535Z
540,,"Human Origins: Out of Africa Theory Debunked?","https://www.youtube.com/watch?v=ZPWCozedsfQ",,,,,,,2025-06-23T23:09:14.539Z,2025-06-23T23:09:14.539Z
541,,"Roman Emperor Claudius in Historiography | Dr. Andrew Traver","https://www.youtube.com/watch?v=sGL7j8eRMcg",,,,,,,2025-06-23T23:09:14.544Z,2025-06-23T23:09:14.544Z
542,,"St. Brice's Day Massacre : A Viking Genocide?","https://www.youtube.com/watch?v=vms6_DboG8c",,,,,,,2025-06-23T23:09:14.548Z,2025-06-23T23:09:14.548Z
543,,"Piracy and the Bronze Age Collapse | Dr. Louise Hitchcock | Dr. Aren Maeir","https://www.youtube.com/watch?v=EJ4AagRoIM4",,,,,,,2025-06-23T23:09:14.553Z,2025-06-23T23:09:14.553Z
544,,"Knights and Medieval Chivalry : An Introduction | Dr. Craig Nakashian","https://www.youtube.com/watch?v=TPwN0buNUpA",,,,,,,2025-06-23T23:09:14.560Z,2025-06-23T23:09:14.560Z
545,,"Debunking the Medieval ""Dark Ages"" Myth | Dr. Paul Sturtevant and Dr. Amy Kaufman","https://www.youtube.com/watch?v=iaKd4h6jo8o",,,,,,,2025-06-23T23:09:14.565Z,2025-06-23T23:09:14.565Z
546,,"├åthelred the Unready and the Viking Wars | Dr. Richard Abels","https://www.youtube.com/watch?v=8jcq9EvhJzU",,,,,,,2025-06-23T23:09:14.579Z,2025-06-23T23:09:14.579Z
547,,"Was the Tower of Babel a Ziggurat?   Dr. David Rohl","https://www.youtube.com/watch?v=8vLlPbNv4Tk",,,,,,,2025-06-23T23:09:14.588Z,2025-06-23T23:09:14.588Z
548,,"History and Terrorism in Washington, D.C. (2021)","https://www.youtube.com/watch?v=NooXqpSFk_I",,,,,,,2025-06-23T23:09:14.593Z,2025-06-23T23:09:14.593Z
549,,"Ancient Aliens Debunked | Dr. David Miano","https://www.youtube.com/watch?v=Wb5Ht8rZjtQ",,,,,,,2025-06-23T23:09:14.597Z,2025-06-23T23:09:14.597Z
550,,"Herodotus on the Ancient Colchians: Were they black?","https://www.youtube.com/watch?v=JSJXTSTI_tI",,,,,,,2025-06-23T23:09:14.601Z,2025-06-23T23:09:14.601Z
551,,"Zecharia Sitchin DEBUNKED | Dr. David Miano","https://www.youtube.com/watch?v=lacT--YmV7U",,,,,,,2025-06-23T23:09:14.612Z,2025-06-23T23:09:14.612Z
552,,"Greek and Roman Sources on Ancient Africa","https://www.youtube.com/watch?v=ksZ6SFTY6Dk",,,,,,,2025-06-23T23:09:14.617Z,2025-06-23T23:09:14.617Z
553,,"The Dorian Invasion Debunked","https://www.youtube.com/watch?v=ynJGIEYri4w",,,,,,,2025-06-23T23:09:14.622Z,2025-06-23T23:09:14.622Z
554,,"Origins of the Egyptians (DNA)","https://www.youtube.com/watch?v=Y2ih6P4G334",,,,,,,2025-06-23T23:09:14.627Z,2025-06-23T23:09:14.627Z
555,,"Ancient Handbag Controversy - EXPLAINED | Dr. David Miano","https://www.youtube.com/watch?v=11ulEiZBjlQ",,,,,,,2025-06-23T23:09:14.631Z,2025-06-23T23:09:14.631Z
556,,"Mesopotamian Origins (DNA)","https://www.youtube.com/watch?v=D_KeHrFghOo",,,,,,,2025-06-23T23:09:14.636Z,2025-06-23T23:09:14.636Z
557,,"Genocide in the Bible | Dr. Aren Maeir","https://www.youtube.com/watch?v=xXljEb45-P8",,,,,,,2025-06-23T23:09:14.642Z,2025-06-23T23:09:14.642Z
558,,"Indo European Origins of the Ancient Mediterranean |  Dr. Fred Woudhuizen.","https://www.youtube.com/watch?v=erk54gJNyRI",,,,,,,2025-06-23T23:09:14.647Z,2025-06-23T23:09:14.647Z
559,,"Human Sacrifice in Ancient Israel | Dr. Aren Maeir","https://www.youtube.com/watch?v=A1LA_QUMXpk",,,,,,,2025-06-23T23:09:14.652Z,2025-06-23T23:09:14.652Z
560,,"Were the Ancient Macedonians Greeks?","https://www.youtube.com/watch?v=lOKRuWmICRc",,,,,,,2025-06-23T23:09:14.657Z,2025-06-23T23:09:14.657Z
561,,"Debunking the Reconquista Myth | Dr. Paul Sturtevant | Dr. Amy Kaufman","https://www.youtube.com/watch?v=a-B0SPTUQ3Y",,,,,,,2025-06-23T23:09:14.665Z,2025-06-23T23:09:14.665Z
562,,"The Origins of Ancient Egyptian Civilization","https://www.youtube.com/watch?v=6fP0Ehcv--g",,,,,,,2025-06-23T23:09:14.670Z,2025-06-23T23:09:14.670Z
563,,"Kicked Out of Heaven : A Metaphysical View on European History","https://www.youtube.com/watch?v=r-og2n_nIPM",,,,,,,2025-06-23T23:09:14.675Z,2025-06-23T23:09:14.675Z
564,,"Irish Origins (DNA)","https://www.youtube.com/watch?v=6CSwJMgVv8s",,,,,,,2025-06-23T23:09:14.679Z,2025-06-23T23:09:14.679Z
565,,"Was Hannibal Barca Black?","https://www.youtube.com/watch?v=CAXHT9smNnc",,,,,,,2025-06-23T23:09:14.684Z,2025-06-23T23:09:14.684Z
566,,"Grisly discovery of sacrificed Women and Children revealed in Aztec Skull Tower!","https://www.youtube.com/watch?v=0l0Q5ujsZiU",,,,,,,2025-06-23T23:09:14.690Z,2025-06-23T23:09:14.690Z
567,,"The Origins of Sumerian Civilization","https://www.youtube.com/watch?v=6QtydlO6ES0",,,,,,,2025-06-23T23:09:14.695Z,2025-06-23T23:09:14.695Z
568,,"Race and Racism and the Middle Ages | Dr. Paul Sturtevant | Dr. Amy Kaufman","https://www.youtube.com/watch?v=HVi4AKu3Tr8",,,,,,,2025-06-23T23:09:14.700Z,2025-06-23T23:09:14.700Z
569,,"What did the Romans ever do for Ireland?","https://www.youtube.com/watch?v=dUXH5LEgBWw",,,,,,,2025-06-23T23:09:14.705Z,2025-06-23T23:09:14.705Z
570,,"The Origin of the Pyramids","https://www.youtube.com/watch?v=6K4-hhrdc3U",,,,,,,2025-06-23T23:09:14.709Z,2025-06-23T23:09:14.709Z
571,,"Amazing Discovery of Ice Age Beasts in the Amazon Rainforest!","https://www.youtube.com/watch?v=lucUlTLnx1w",,,,,,,2025-06-23T23:09:14.715Z,2025-06-23T23:09:14.715Z
572,,"The History of the Minoans and the Bronze Age Collapse | Dr. Louise Hitchcock","https://www.youtube.com/watch?v=3Y1-cCpvO-0",,,,,,,2025-06-23T23:09:14.719Z,2025-06-23T23:09:14.719Z
573,,"DNA shows Scythian warrior mummy was a 13-year-old girl!","https://www.youtube.com/watch?v=wKwF9ffapAw",,,,,,,2025-06-23T23:09:14.724Z,2025-06-23T23:09:14.724Z
574,,"Who were the Anunnaki? Mesopotamian Mythology with Dr. Miano.","https://www.youtube.com/watch?v=EW6tlcnDlgk",,,,,,,2025-06-23T23:09:14.730Z,2025-06-23T23:09:14.730Z
575,,"Make Sumerian History Matter.","https://www.youtube.com/watch?v=GNgU3yFQ2PQ",,,,,,,2025-06-23T23:09:14.734Z,2025-06-23T23:09:14.734Z
576,,"Which Civilization Came First | Dr. Miano","https://www.youtube.com/watch?v=9z7qaKjBELI",,,,,,,2025-06-23T23:09:14.739Z,2025-06-23T23:09:14.739Z
577,,"The Origins of the Phoenicians (DNA)","https://www.youtube.com/watch?v=6o2jZoMUj_8",,,,,,,2025-06-23T23:09:14.744Z,2025-06-23T23:09:14.744Z
578,,"Herodotus on Ancient Africa: There is no Sub-Saharan","https://www.youtube.com/watch?v=5kbxoP7ELz4",,,,,,,2025-06-23T23:09:14.748Z,2025-06-23T23:09:14.748Z
579,,"The Black Death | Complete Audiobook | With Commentary | Medieval History","https://www.youtube.com/watch?v=6KXcHhbikw4",,,,,,,2025-06-23T23:09:14.753Z,2025-06-23T23:09:14.753Z
583,,"The Devils Historians: How Modern Extremists Abuse the Medieval Past | Dr. Kaufman |  Dr. Sturtevant","https://www.youtube.com/watch?v=muCM89b0W_o",,,,,,,2025-06-23T23:09:14.758Z,2025-06-23T23:09:14.758Z
584,,"The Origins of the Ancient Israelite Religion | Canaanite Religions | Mythology","https://www.youtube.com/watch?v=zVnQqtYCS_M",,,,,,,2025-06-23T23:09:14.763Z,2025-06-23T23:09:14.763Z
585,,"Origins of the Ancient Mesopotamians - Dr. David Miano","https://www.youtube.com/watch?v=UtHFxXFuUKI",,,,,,,2025-06-23T23:09:14.772Z,2025-06-23T23:09:14.772Z
586,,"Did the Sea Peoples Sack Troy?  Dr. Eric Cline | 1177BC | Bronze Age Collapse","https://www.youtube.com/watch?v=EpHlN6U3JJ4",,,,,,,2025-06-23T23:09:14.777Z,2025-06-23T23:09:14.777Z
587,,"Problems With Western Civilization | Dr. Rebecca Futo Kennedy","https://www.youtube.com/watch?v=qbWyQa4Zxcc",,,,,,,2025-06-23T23:09:14.781Z,2025-06-23T23:09:14.781Z
588,,"The Origins of the Israelites","https://www.youtube.com/watch?v=xIgW-SPZdsE",,,,,,,2025-06-23T23:09:14.786Z,2025-06-23T23:09:14.786Z
589,,"Molon Labe and White Supremacism : The most famous phrase never to be spoken | Dr. Owen Rees","https://www.youtube.com/watch?v=glXhDkNb2ds",,,,,,,2025-06-23T23:09:14.790Z,2025-06-23T23:09:14.790Z
590,,"Black Africans in the Ancient Mediterranean | Dr. Rebecca Futo Kennedy","https://www.youtube.com/watch?v=-69bUtWJphg",,,,,,,2025-06-23T23:09:14.804Z,2025-06-23T23:09:14.804Z
591,,"The Origins of the Habiru","https://www.youtube.com/watch?v=JEoU7MyfOgE",,,,,,,2025-06-23T23:09:14.813Z,2025-06-23T23:09:14.813Z
592,,"The Murder of King Edward the Martyr and the Ascension of ├åthelred the Unready ~ Dr. Richard Abels","https://www.youtube.com/watch?v=CuAEbR81wKU",,,,,,,2025-06-23T23:09:14.817Z,2025-06-23T23:09:14.817Z
593,,"Violence and Forced Conversion in Medieval Europe. ~ Dr. Jacob Lackner","https://www.youtube.com/watch?v=urtKlTm3fb0",,,,,,,2025-06-23T23:09:14.822Z,2025-06-23T23:09:14.822Z
594,,"The Bronze Age Collapse / New Research ~ Dr. Eric Cline","https://www.youtube.com/watch?v=ZrbS7iFIExs",,,,,,,2025-06-23T23:09:14.826Z,2025-06-23T23:09:14.826Z
595,,"The History of an Elamite City (SUSA)","https://www.youtube.com/watch?v=nBQP1DozcCk",,,,,,,2025-06-23T23:09:14.832Z,2025-06-23T23:09:14.832Z
596,,"The Kingdom of Commagene","https://www.youtube.com/watch?v=qlbmK1353B8",,,,,,,2025-06-23T23:09:14.836Z,2025-06-23T23:09:14.836Z
597,,"Were the Spartans Communists? Exploring Ancient Sparta | Dr. Owen Rees","https://www.youtube.com/watch?v=hm5H6UJgxuI",,,,,,,2025-06-23T23:09:14.841Z,2025-06-23T23:09:14.841Z
598,,"The Origins of the Sumerians (DNA)","https://www.youtube.com/watch?v=CB5qRNKcNpk",,,,,,,2025-06-23T23:09:14.845Z,2025-06-23T23:09:14.845Z
599,,"Was Cleopatra Black? Gal Gadot's Cleopatra Film Controversy | Dr. Rebecca Futo Kennedy","https://www.youtube.com/watch?v=_DKyEUB8eXE",,,,,,,2025-06-23T23:09:14.851Z,2025-06-23T23:09:14.851Z
600,,"Defining Race and Ethnicity in Ancient History | Dr. Rebecca Futo Kennedy","https://www.youtube.com/watch?v=r8eD2CkVlGw",,,,,,,2025-06-23T23:09:14.856Z,2025-06-23T23:09:14.856Z
601,,"Tiridates III and Arsacid Armenia","https://www.youtube.com/watch?v=5X8rB7fZ3vI",,,,,,,2025-06-23T23:09:14.860Z,2025-06-23T23:09:14.860Z
602,,"The Real Origins of the Philistines and Palestinians","https://www.youtube.com/watch?v=IEmMdBfD3OQ",,,,,,,2025-06-23T23:09:14.865Z,2025-06-23T23:09:14.865Z
603,,"Why do so many Egyptian statues have broken noses?","https://www.youtube.com/watch?v=m8tr_oIYm7A",,,,,,,2025-06-23T23:09:14.871Z,2025-06-23T23:09:14.871Z
604,,"The History of the Elamites (Facts and Theories)","https://www.youtube.com/watch?v=tLdFCVdPyWc&t=28s",,,,,,,2025-06-23T23:09:14.875Z,2025-06-23T23:09:14.875Z
605,,"Was ancient Egypt an African civilization?  With Dr. Rebecca Futo Kennedy","https://www.youtube.com/watch?v=R_KD9yfQb5g",,,,,,,2025-06-23T23:09:14.880Z,2025-06-23T23:09:14.880Z
606,,"Is the Bronze Age Collapse Wrong?  ~ Dr. David Rohl","https://www.youtube.com/watch?v=SFxZHg74nHg",,,,,,,2025-06-23T23:09:14.884Z,2025-06-23T23:09:14.884Z
607,,"The Kingdom of Alashiya and the Bronze Age Collapse | Dr. Louise Hitchcock","https://www.youtube.com/watch?v=LGGkUyrD_u4",,,,,,,2025-06-23T23:09:14.889Z,2025-06-23T23:09:14.889Z
608,,"The Mary Beard Controversy:  Race and Roman Britain | Dr. Rebecca Futo Kennedy","https://www.youtube.com/watch?v=XzArprIRdbo",,,,,,,2025-06-23T23:09:14.893Z,2025-06-23T23:09:14.893Z
609,,"The Bronze Age Collapse in the Bible","https://www.youtube.com/watch?v=VHlcn8uYcfo",,,,,,,2025-06-23T23:09:14.897Z,2025-06-23T23:09:14.897Z
610,,"Philistine Society in Ancient Canaan ~ Dr. Aren Maeir","https://www.youtube.com/watch?v=fLbVFMS8vDI",,,,,,,2025-06-23T23:09:14.902Z,2025-06-23T23:09:14.902Z
611,,"Black Athena Explained | Dr. Rebecca Futo Kennedy","https://www.youtube.com/watch?v=shEEsy0BkzQ",,,,,,,2025-06-23T23:09:14.907Z,2025-06-23T23:09:14.907Z
612,,"The History of the Elamite Empire","https://www.youtube.com/watch?v=TVKwzrdnOjA",,,,,,,2025-06-23T23:09:14.911Z,2025-06-23T23:09:14.911Z
613,,"I AM Genghis Khan","https://www.youtube.com/watch?v=Xw85i1TpIEE",,,,,,,2025-06-23T23:09:14.916Z,2025-06-23T23:09:14.916Z
614,,"Rodrigo Xim├⌐nez de Rada and the (Re)Writing of Castilian History ~ Dr. Lincoln","https://www.youtube.com/watch?v=4Yensa5MsOE",,,,,,,2025-06-23T23:09:14.920Z,2025-06-23T23:09:14.920Z
615,,"Egypt and the Bronze Age Collapse","https://www.youtube.com/watch?v=P9VChnOS8oQ",,,,,,,2025-06-23T23:09:14.925Z,2025-06-23T23:09:14.925Z
616,,"The Herodian Kingdom of Judea by Cody Ames","https://www.youtube.com/watch?v=90ohSHlrpi0",,,,,,,2025-06-23T23:09:14.929Z,2025-06-23T23:09:14.929Z
617,,"Dogs in Ancient Mesopotamia","https://www.youtube.com/watch?v=gof9fJuifXw",,,,,,,2025-06-23T23:09:14.934Z,2025-06-23T23:09:14.934Z
618,,"Trajan's Column and the Dacian Wars ~ Dr. Darius Arya (Archaeologist) (TV Celebrity)","https://www.youtube.com/watch?v=vWe4CWwFJNU",,,,,,,2025-06-23T23:09:14.939Z,2025-06-23T23:09:14.939Z
619,,"Ancient Egypt's New Chronology by Egyptologist Dr. Rohl","https://www.youtube.com/watch?v=6CoBr7drw6Q",,,,,,,2025-06-23T23:09:14.943Z,2025-06-23T23:09:14.943Z
620,,"Defining Eurocentrism and Afrocentrism ~ Dr. Rebecca Futo Kennedy","https://www.youtube.com/watch?v=6z3dz7VZ7uU",,,,,,,2025-06-23T23:09:14.947Z,2025-06-23T23:09:14.947Z
621,,"The Second Viking Age ~ Dr. Richard Abels","https://www.youtube.com/watch?v=htPcixl-w5E",,,,,,,2025-06-23T23:09:14.952Z,2025-06-23T23:09:14.952Z
622,,"The Philistines and DNA","https://www.youtube.com/watch?v=PWbLcvE9NNQ",,,,,,,2025-06-23T23:09:14.956Z,2025-06-23T23:09:14.956Z
623,,"Debunking the Dorian Invasion Myth | Dr. Rebecca Futo Kennedy","https://www.youtube.com/watch?v=IQQ6EqhZ35o",,,,,,,2025-06-23T23:09:14.961Z,2025-06-23T23:09:14.961Z
624,,"Origin of the Egyptians and Predynastic Egypt","https://www.youtube.com/watch?v=Snz6uETaCgc",,,,,,,2025-06-23T23:09:14.965Z,2025-06-23T23:09:14.965Z
625,,"Archaeology and the Black Death","https://www.youtube.com/watch?v=CIob9bueNlA",,,,,,,2025-06-23T23:09:14.971Z,2025-06-23T23:09:14.971Z
580,,"Daily Life in Ancient Mesopotamia","https://www.youtube.com/watch?v=8XhhmQmoLh4",,,,,,,2025-06-23T23:09:14.975Z,2025-06-23T23:09:14.975Z
627,,"Trade and the Bronze Age Collapse | Dr. Louise Hitchcock","https://www.youtube.com/watch?v=Nx6x9zGrXUU",,,,,,,2025-06-23T23:09:14.980Z,2025-06-23T23:09:14.980Z
628,,"The Ancient Sumerians","https://www.youtube.com/watch?v=o2vaJ-qKxms",,,,,,,2025-06-23T23:09:14.984Z,2025-06-23T23:09:14.984Z
629,,"King Ergamenes: The Sword of Nubia","https://www.youtube.com/watch?v=sAgXu9xIJrk",,,,,,,2025-06-23T23:09:14.989Z,2025-06-23T23:09:14.989Z
630,,"I AM Socrates","https://www.youtube.com/watch?v=z51OYe0QDFc",,,,,,,2025-06-23T23:09:14.993Z,2025-06-23T23:09:14.993Z
631,,"The Origins of Ancient Mesopotamian Civilization","https://www.youtube.com/watch?v=9dyDYpweT6U",,,,,,,2025-06-23T23:09:14.998Z,2025-06-23T23:09:14.998Z
632,,"Racism in Modern Classical Studies | Dr. Rebecca Futo Kennedy","https://www.youtube.com/watch?v=nykCk9n-p00",,,,,,,2025-06-23T23:09:15.002Z,2025-06-23T23:09:15.002Z
633,,"The Kingdom of the Mitanni ~ A Bronze Age Empire","https://www.youtube.com/watch?v=pkLgipK7ypA",,,,,,,2025-06-23T23:09:15.008Z,2025-06-23T23:09:15.008Z
634,,"The Etymological History (Origins) of the Philistines | Dr. Aren Maeir","https://www.youtube.com/watch?v=YuYj5kzeaQs",,,,,,,2025-06-23T23:09:15.012Z,2025-06-23T23:09:15.012Z
635,,"Neolithic Jericho and the Origin of Villages","https://www.youtube.com/watch?v=PyGOOGr5teM",,,,,,,2025-06-23T23:09:15.017Z,2025-06-23T23:09:15.017Z
636,,"Royal Power and Limitations in Anglo Saxon England ~ Dr. Richard Abels","https://www.youtube.com/watch?v=Cu7tXt1Ly3Q",,,,,,,2025-06-23T23:09:15.037Z,2025-06-23T23:09:15.037Z
637,,"Why I Teach About Race and Ethnicity in the Classical World | Dr. Rebecca Futo Kennedy","https://www.youtube.com/watch?v=asuz8kAUOMA",,,,,,,2025-06-23T23:09:15.041Z,2025-06-23T23:09:15.041Z
638,,"I AM Ramesses the Great","https://www.youtube.com/watch?v=04qRZoZ0pD8",,,,,,,2025-06-23T23:09:15.046Z,2025-06-23T23:09:15.046Z
639,,"The NAUE II Sword : Atom Bomb of the Late Bronze Age | Dr. Louise Hitchcock","https://www.youtube.com/watch?v=rOwIQbPZNTM",,,,,,,2025-06-23T23:09:15.051Z,2025-06-23T23:09:15.051Z
640,,"The Origins of the Philistines","https://www.youtube.com/watch?v=IccrUiFs5O4",,,,,,,2025-06-23T23:09:15.055Z,2025-06-23T23:09:15.055Z
641,,"I AM Julius Caesar","https://www.youtube.com/watch?v=t069C6zD1e8",,,,,,,2025-06-23T23:09:15.060Z,2025-06-23T23:09:15.060Z
642,,"Court Officials in the Egyptian Middle Kingdom | Dr. Wolfram Grajetzki","https://www.youtube.com/watch?v=1CcErekvUgA",,,,,,,2025-06-23T23:09:15.064Z,2025-06-23T23:09:15.064Z
643,,"After 1177 BC and the Bronze Age Collapse ~ With Dr Eric Cline","https://www.youtube.com/watch?v=rzpQLTbBSvo",,,,,,,2025-06-23T23:09:15.069Z,2025-06-23T23:09:15.069Z
644,,"The Urartian Empire and Early Iron Age Armenia ~  Dr. Christina Maranci","https://www.youtube.com/watch?v=bkZviw3lcxA",,,,,,,2025-06-23T23:09:15.073Z,2025-06-23T23:09:15.073Z
645,,"King Edgar the Peaceful and the Economy of Anglo Saxon England ~ Dr. Richard Abels","https://www.youtube.com/watch?v=nKLLuXcwvH0",,,,,,,2025-06-23T23:09:15.079Z,2025-06-23T23:09:15.079Z
646,,"Mycenaean Greece and the Bronze Age Collapse ~ Dr. Eric Cline (Archaeologist / Historian / 1177 BC)","https://www.youtube.com/watch?v=fQ2gT9HQy7Q",,,,,,,2025-06-23T23:09:15.085Z,2025-06-23T23:09:15.085Z
647,,"Archaeological Proof of the Exodus? A Jewish Perspective.","https://www.youtube.com/watch?v=kOlKa_ER81I",,,,,,,2025-06-23T23:09:15.090Z,2025-06-23T23:09:15.090Z
648,,"Holy War in the Holy Land: A Short History of the Crusades by Dr. Andrew Latham","https://www.youtube.com/watch?v=bxUcslzL-qY",,,,,,,2025-06-23T23:09:15.094Z,2025-06-23T23:09:15.094Z
649,,"Why the Bronze Age Collapse matters today. Dr. Eric Cline (If Civilization Collapsed Would We Know?)","https://www.youtube.com/watch?v=wqWTqUk-3FE",,,,,,,2025-06-23T23:09:15.099Z,2025-06-23T23:09:15.099Z
650,,"Climate Change and the Bronze Age Collapse | Dr. Louise Hitchcock","https://www.youtube.com/watch?v=k9TtL0tgJKw",,,,,,,2025-06-23T23:09:15.103Z,2025-06-23T23:09:15.103Z
651,,"Alfred the Great and His Military Reforms ~ Dr. Richard Abels","https://www.youtube.com/watch?v=kOxRfy3NgH0",,,,,,,2025-06-23T23:09:15.108Z,2025-06-23T23:09:15.108Z
652,,"The History of Megiddo ~ With Dr Eric Cline ~ Historian /Archaeologist (Author of 1177 BC)","https://www.youtube.com/watch?v=WbvmZ8ZRLvc",,,,,,,2025-06-23T23:09:15.112Z,2025-06-23T23:09:15.112Z
653,,"The Rise of Early Chinese Civilization ~ Dr. Min Li","https://www.youtube.com/watch?v=lz4EQ0iYDI4",,,,,,,2025-06-23T23:09:15.117Z,2025-06-23T23:09:15.117Z
654,,"Digging Up Armageddon ~ With Dr Eric Cline ~ Historian /Archaeologist (Author of 1177 BC)","https://www.youtube.com/watch?v=cL6KJl47mEc",,,,,,,2025-06-23T23:09:15.122Z,2025-06-23T23:09:15.122Z
655,,"Did The Black Death Affect Medieval Religion?  Medieval Islam / Christianity ~  Robin Reich","https://www.youtube.com/watch?v=46u0xmtAG6w",,,,,,,2025-06-23T23:09:15.126Z,2025-06-23T23:09:15.126Z
656,,"The Invention of the Crusades and Holy War ~ Dr. Andrew Latham","https://www.youtube.com/watch?v=zvztVzhcS3k",,,,,,,2025-06-23T23:09:15.131Z,2025-06-23T23:09:15.131Z
657,,"SPQR Face Masks! Survive our own Justinian Plague.","https://www.youtube.com/watch?v=98JAqvuDBOw",,,,,,,2025-06-23T23:09:15.150Z,2025-06-23T23:09:15.150Z
658,,"Peasant Revolts and the Bronze Age Collapse | Dr. Louise Hitchcock","https://www.youtube.com/watch?v=eAVl89OAtNE",,,,,,,2025-06-23T23:09:15.155Z,2025-06-23T23:09:15.155Z
659,,"King John and the Great Siege at Rochester (1215 A.D) ~ Dr. Peter Purton","https://www.youtube.com/watch?v=daQGlUBSV9g",,,,,,,2025-06-23T23:09:15.159Z,2025-06-23T23:09:15.159Z
660,,"Neolithic Armenia and the Early Bronze Age ~ Dr. Christina Maranci","https://www.youtube.com/watch?v=MKH3NzZvcU4",,,,,,,2025-06-23T23:09:15.164Z,2025-06-23T23:09:15.164Z
661,,"Plague and the Bronze Age Collapse ~ Dr. Louise Hitchcock","https://www.youtube.com/watch?v=MocYJQzaQqI",,,,,,,2025-06-23T23:09:15.168Z,2025-06-23T23:09:15.168Z
662,,"A Short History of Hispania","https://www.youtube.com/watch?v=bDWbIS5GGqc",,,,,,,2025-06-23T23:09:15.173Z,2025-06-23T23:09:15.173Z
663,,"King ├åthelred the Unready and the Viking Conquest of England ~ Dr. Richard Abels","https://www.youtube.com/watch?v=ZqrT_nVKRGM",,,,,,,2025-06-23T23:09:15.177Z,2025-06-23T23:09:15.177Z
664,,"Roman Empire Coffee Mugs: For the glory of ROME! (Overly Dramatic) Ancient Rome , SPQR","https://www.youtube.com/watch?v=bt3PzpOAcKo",,,,,,,2025-06-23T23:09:15.182Z,2025-06-23T23:09:15.182Z
665,,"How did Medieval People respond to the Black Death?","https://www.youtube.com/watch?v=6ukeiQ_il_U",,,,,,,2025-06-23T23:09:15.186Z,2025-06-23T23:09:15.186Z
666,,"├çatalh├╢y├╝k and the Origin of Villages (Neolithic Anatolia)","https://www.youtube.com/watch?v=JIR9wfxIB9I",,,,,,,2025-06-23T23:09:15.191Z,2025-06-23T23:09:15.191Z
667,,"Genocide in the Ancient World (Documentary) (Destruction of Carthage) (Siege of Melos)","https://www.youtube.com/watch?v=ZSGS0FabG5g",,,,,,,2025-06-23T23:09:15.195Z,2025-06-23T23:09:15.195Z
668,,"Tell Abu Hureyra and the Origin of Villages","https://www.youtube.com/watch?v=RkRd6DSDV14",,,,,,,2025-06-23T23:09:15.200Z,2025-06-23T23:09:15.200Z
669,,"Rome VS Parthia: The Tradition of Rome and Parthia's Rivalry ~ Dr. Nikolaus L. Overtoom","https://www.youtube.com/watch?v=rZ3iv3xR1Ec",,,,,,,2025-06-23T23:09:15.205Z,2025-06-23T23:09:15.205Z
670,,"Herodotus on the Ancient Egyptians: Egyptian Influence on Ancient Greek Mythology","https://www.youtube.com/watch?v=E4spDiC-YzM",,,,,,,2025-06-23T23:09:15.209Z,2025-06-23T23:09:15.209Z
671,,"From Orphan to Legend: The Life and Times of Alfonso VIII of Castile ~ Dr. Kyle C. Lincoln","https://www.youtube.com/watch?v=3IleBEzJ6ew",,,,,,,2025-06-23T23:09:15.214Z,2025-06-23T23:09:15.214Z
672,,"Mercenaries, Travelling Tales and the Shaping of the Greek Age of Heroes ~ Dr. Jorrit Kelder","https://www.youtube.com/watch?v=Q_1l6SnTlFA",,,,,,,2025-06-23T23:09:15.218Z,2025-06-23T23:09:15.218Z
673,,"The Bronze Age Collapse and the Onomasticon of Amenope","https://www.youtube.com/watch?v=dk_3Ug6esRY",,,,,,,2025-06-23T23:09:15.223Z,2025-06-23T23:09:15.223Z
674,,"The Origin and History of the B.C.E / C.E Dating System (As well as B.C/A.D)","https://www.youtube.com/watch?v=8NEOKoeAR-8",,,,,,,2025-06-23T23:09:15.227Z,2025-06-23T23:09:15.227Z
675,,"The Origin of the Bronze Age Collapse","https://www.youtube.com/watch?v=ARCSSyT6jTg",,,,,,,2025-06-23T23:09:15.232Z,2025-06-23T23:09:15.232Z
676,,"Neolithic China and Ancient Culture","https://www.youtube.com/watch?v=Ovmw5ucMZts",,,,,,,2025-06-23T23:09:15.237Z,2025-06-23T23:09:15.237Z
677,,"SPQR Face Masks / Ancient Rome / Roman Empire","https://www.youtube.com/watch?v=e0gs8FfOhtQ",,,,,,,2025-06-23T23:09:15.241Z,2025-06-23T23:09:15.241Z
678,,"DNA and Celtic Genocide in Ancient Ireland?","https://www.youtube.com/watch?v=H1zIhnHeEQ0",,,,,,,2025-06-23T23:09:15.246Z,2025-06-23T23:09:15.246Z
679,,"Multiculturalism and Convivencia in Medieval Sicily ~ Robin Reich","https://www.youtube.com/watch?v=lhXbvo4PL7I",,,,,,,2025-06-23T23:09:15.250Z,2025-06-23T23:09:15.250Z
680,,"Plague in the Ancient and Medieval World","https://www.youtube.com/watch?v=_AJUmHr2_VI",,,,,,,2025-06-23T23:09:15.254Z,2025-06-23T23:09:15.254Z
681,,"The Bronze Age Collapse: The Shekelesh People","https://www.youtube.com/watch?v=SNYcY9X6P7E",,,,,,,2025-06-23T23:09:15.259Z,2025-06-23T23:09:15.259Z
682,,"Henry I and Norman England ~ Dr. David E. Thornton","https://www.youtube.com/watch?v=9p0cm6JD3j0",,,,,,,2025-06-23T23:09:15.263Z,2025-06-23T23:09:15.263Z
683,,"Ships, Olives, and Mercenaries: Contacts Between Egypt and the Greek World | Dr. Jorrit Kelder","https://www.youtube.com/watch?v=orcPgiwI8yc",,,,,,,2025-06-23T23:09:15.268Z,2025-06-23T23:09:15.268Z
684,,"Top 4 Political Leaders Who Shaped Early Christianity","https://www.youtube.com/watch?v=b5MXcNPdjWM",,,,,,,2025-06-23T23:09:15.272Z,2025-06-23T23:09:15.272Z
685,,"Herodotus on the Ancient Egyptians: Religious Practices and Sacrifices","https://www.youtube.com/watch?v=Eyvs3h9k39A",,,,,,,2025-06-23T23:09:15.277Z,2025-06-23T23:09:15.277Z
686,,"The Bronze Age Collapse and Today: Parallels With the Past | Dr. Hitchcock","https://www.youtube.com/watch?v=G_-oyTpoWcU",,,,,,,2025-06-23T23:09:15.286Z,2025-06-23T23:09:15.286Z
687,,"Warrior Churchmen of the Middle Ages | Dr. Nakashian","https://www.youtube.com/watch?v=YS0l5WpXftE",,,,,,,2025-06-23T23:09:15.290Z,2025-06-23T23:09:15.290Z
688,,"Roman Household Spirits ~ (Roman Myths) (Roman Household Gods) (Ancient Roman Religion)","https://www.youtube.com/watch?v=2gzNI_4OzEk",,,,,,,2025-06-23T23:09:15.295Z,2025-06-23T23:09:15.295Z
689,,"The Bronze Age Collapse : The Danuna People","https://www.youtube.com/watch?v=P__59A2HMk4",,,,,,,2025-06-23T23:09:15.300Z,2025-06-23T23:09:15.300Z
690,,"Neolithic Ancient Mesopotamia","https://www.youtube.com/watch?v=yowZpgYVc5M",,,,,,,2025-06-23T23:09:15.304Z,2025-06-23T23:09:15.304Z
691,,"The Battle of Actium and the Birth of an Empire ~ Journalist / Historian Joshua J. Mark","https://www.youtube.com/watch?v=1VQDPDdrjqo",,,,,,,2025-06-23T23:09:15.308Z,2025-06-23T23:09:15.308Z
692,,"The Emperor Alfonso VII and the Golden Rose : Between Empire and Papal Power | Dr. Kyle C. Lincoln","https://www.youtube.com/watch?v=IO8Oa63rudM",,,,,,,2025-06-23T23:09:15.313Z,2025-06-23T23:09:15.313Z
693,,"Herodotus on the Ancient Egyptians : African Foreigners & Geography","https://www.youtube.com/watch?v=ExpuhvNuXM4",,,,,,,2025-06-23T23:09:15.318Z,2025-06-23T23:09:15.318Z
694,,"Herodotus on the Ancient Egyptians: An Introduction to Herodotus","https://www.youtube.com/watch?v=S8Z9Xw3laaU",,,,,,,2025-06-23T23:09:15.322Z,2025-06-23T23:09:15.322Z
695,,"Roman Expeditions in Sub-Saharan Africa","https://www.youtube.com/watch?v=OAVIFB44sP4",,,,,,,2025-06-23T23:09:15.331Z,2025-06-23T23:09:15.331Z
696,,"The First Bulgarian Empire","https://www.youtube.com/watch?v=GYyjd3MtFIw",,,,,,,2025-06-23T23:09:15.339Z,2025-06-23T23:09:15.339Z
697,,"Clovis I : The Secular and Religious History of the Early Franks","https://www.youtube.com/watch?v=99phZFzudyc",,,,,,,2025-06-23T23:09:15.344Z,2025-06-23T23:09:15.344Z
698,,"Ur : The Rise and Fall of the Ancient Sumerian City State","https://www.youtube.com/watch?v=8MiumMPqmMQ",,,,,,,2025-06-23T23:09:15.349Z,2025-06-23T23:09:15.349Z
699,,"Luwians, Anatolia and the Bronze Age Collapse ~ Dr. Zangger","https://www.youtube.com/watch?v=71w6kWWlr-0",,,,,,,2025-06-23T23:09:15.353Z,2025-06-23T23:09:15.353Z
700,,"The Early Life of Emperor Napoleon I","https://www.youtube.com/watch?v=hrVGkoLn3y4",,,,,,,2025-06-23T23:09:15.358Z,2025-06-23T23:09:15.358Z
701,,"William the Conqueror and the Creation of Norman England ~ Dr. Thornton","https://www.youtube.com/watch?v=G7vgpARWqIA",,,,,,,2025-06-23T23:09:15.362Z,2025-06-23T23:09:15.362Z
702,,"The First Labor Strike in History and the Bronze Age Collapse","https://www.youtube.com/watch?v=a995wT1NKu8",,,,,,,2025-06-23T23:09:15.367Z,2025-06-23T23:09:15.367Z
703,,"The Phoenicians and the Formation of the Western World ~ Dr. Scott","https://www.youtube.com/watch?v=wcMz-MyWawg",,,,,,,2025-06-23T23:09:15.376Z,2025-06-23T23:09:15.376Z
704,,"The Battle of Hastings and the Symbolism of the Bayeux tapestry ~ Dr. Thornton","https://www.youtube.com/watch?v=zerUg8u9ETI",,,,,,,2025-06-23T23:09:15.388Z,2025-06-23T23:09:15.388Z
705,,"A Basic Introduction to Investigating Primary Sources ~ With Dr. Sobehrad ~ History Lecture","https://www.youtube.com/watch?v=opqG-9q_vgM",,,,,,,2025-06-23T23:09:15.393Z,2025-06-23T23:09:15.393Z
706,,"The Late Bronze Age Collapse and the Report of Wenamun ~ Sea Peoples ~ Ancient Egypt ~","https://www.youtube.com/watch?v=RJJg3uNYaMk",,,,,,,2025-06-23T23:09:15.397Z,2025-06-23T23:09:15.397Z
707,,"Theodore of Tarsus: A Byzantine Saint in Anglo Saxon England ~ With Dr  Early","https://www.youtube.com/watch?v=ke3fXlFWnCU",,,,,,,2025-06-23T23:09:15.402Z,2025-06-23T23:09:15.402Z
708,,"Slavery in Ancient Rome According to Seneca - Primary Sources - Documentary","https://www.youtube.com/watch?v=zC3EaGRt0x0",,,,,,,2025-06-23T23:09:15.406Z,2025-06-23T23:09:15.406Z
709,,"Ancient Babylonian Lawsuit Relating To A Hebrew Slave","https://www.youtube.com/watch?v=2GW1ECD_1I8",,,,,,,2025-06-23T23:09:15.411Z,2025-06-23T23:09:15.411Z
710,,"The Olmec Civilization","https://www.youtube.com/watch?v=8dnXmAyolvA",,,,,,,2025-06-23T23:09:15.415Z,2025-06-23T23:09:15.415Z
714,,"Daily Life of the Poor in Ancient Egypt ~ According to Egyptologist  Gaston Maspero","https://www.youtube.com/watch?v=ZSAr7fVBy8w",,,,,,,2025-06-23T23:09:15.419Z,2025-06-23T23:09:15.419Z
715,,"Medieval Jewish-Christian Relations: Religious Tolerance in the ""Dark Ages?""  ~ Dr. Lackner","https://www.youtube.com/watch?v=RGHNqaTPilk",,,,,,,2025-06-23T23:09:15.424Z,2025-06-23T23:09:15.424Z
716,,"The Political Background of 1066 A.D and the Battle of Hastings","https://www.youtube.com/watch?v=S_qp8o3cRXE",,,,,,,2025-06-23T23:09:15.428Z,2025-06-23T23:09:15.428Z
717,,"The Cadaver Synod: Putting a Dead Pope on Trial ~ With Dr Gulker","https://www.youtube.com/watch?v=BLyTBMRWDCo",,,,,,,2025-06-23T23:09:15.434Z,2025-06-23T23:09:15.434Z
718,,"Invasion of the Sea Peoples ~ Late Bronze Age Collapse","https://www.youtube.com/watch?v=PnVOmPSsSQo",,,,,,,2025-06-23T23:09:15.439Z,2025-06-23T23:09:15.439Z
719,,"Living Through the Fall of the Western Roman Empire ~ With Professor CJ","https://www.youtube.com/watch?v=_HZfDtvE5v8",,,,,,,2025-06-23T23:09:15.443Z,2025-06-23T23:09:15.443Z
720,,"Medieval Welsh Genealogy","https://www.youtube.com/watch?v=GXaN7K-joSw",,,,,,,2025-06-23T23:09:15.448Z,2025-06-23T23:09:15.448Z
721,,"Meet The History of the World Podcast ~ Face to Face with Chris Hasler!","https://www.youtube.com/watch?v=-4k0tAc5aJE",,,,,,,2025-06-23T23:09:15.452Z,2025-06-23T23:09:15.452Z
722,,"The Life & Legend of Ragnar Lothbrok ~Dr. Rowe","https://www.youtube.com/watch?v=qIcxenFxwFw",,,,,,,2025-06-23T23:09:15.456Z,2025-06-23T23:09:15.456Z
723,,"The Ethnicity of the Sea Peoples ~ Dr. Woudhuizen ~ Bronze Age Collapse","https://www.youtube.com/watch?v=e9cvxgV2zWI",,,,,,,2025-06-23T23:09:15.460Z,2025-06-23T23:09:15.460Z
724,,"Hunger and the Late Bronze Age Collapse (Sea Peoples)","https://www.youtube.com/watch?v=_AeRe3wpft0",,,,,,,2025-06-23T23:09:15.465Z,2025-06-23T23:09:15.465Z
725,,"Medieval Antisemitism: An Introduction  | Dr. Lackner","https://www.youtube.com/watch?v=icAMWP8hjAA",,,,,,,2025-06-23T23:09:15.469Z,2025-06-23T23:09:15.469Z
726,,"The Kingdom of the Lombards: Migration and Integration","https://www.youtube.com/watch?v=ky0S3gAALcI",,,,,,,2025-06-23T23:09:15.474Z,2025-06-23T23:09:15.474Z
727,,"The Fall of the Han China (Excellent Presentation) (Ancient China)","https://www.youtube.com/watch?v=2qwyPvRpgrs",,,,,,,2025-06-23T23:09:15.483Z,2025-06-23T23:09:15.483Z
728,,"The Gothic War by Procopius  ( A Byzantine Historian ) (Primary Sources)","https://www.youtube.com/watch?v=hDmaA1ib1xY",,,,,,,2025-06-23T23:09:15.488Z,2025-06-23T23:09:15.488Z
729,,"The Vandal War by Procopius ( A Byzantine Historian ) (Primary Sources)","https://www.youtube.com/watch?v=5oWxlrcYbwg",,,,,,,2025-06-23T23:09:15.493Z,2025-06-23T23:09:15.493Z
730,,"Early Dynastic Mesopotamia ( Facts and Myths of Ancient Sumerian )","https://www.youtube.com/watch?v=VksglW_UtcA",,,,,,,2025-06-23T23:09:15.498Z,2025-06-23T23:09:15.498Z
731,,"From Constantine to Stalin: Power, Politics and Humor!","https://www.youtube.com/watch?v=fsHGIv1rOrM",,,,,,,2025-06-23T23:09:15.503Z,2025-06-23T23:09:15.503Z
732,,"The Medieval Bank, the Medici and the Church! Economics!","https://www.youtube.com/watch?v=DVmNa52Qpwc",,,,,,,2025-06-23T23:09:15.507Z,2025-06-23T23:09:15.507Z
733,,"History, Crazy Comments and YouTube~ With The History of the Papacy Podcast","https://www.youtube.com/watch?v=kX-AIrJw-oc",,,,,,,2025-06-23T23:09:15.512Z,2025-06-23T23:09:15.512Z
734,,"Tribute to the Viking Age","https://www.youtube.com/watch?v=GArMuKU6EVo",,,,,,,2025-06-23T23:09:15.516Z,2025-06-23T23:09:15.516Z
735,,"Julius Caesar and the Creation of Imperial Rome","https://www.youtube.com/watch?v=5jundmlGd4g",,,,,,,2025-06-23T23:09:15.521Z,2025-06-23T23:09:15.521Z
736,,"The Political Background of Medieval Islam - With Dr. Scott Rank","https://www.youtube.com/watch?v=Zz1S79MWP28",,,,,,,2025-06-23T23:09:15.526Z,2025-06-23T23:09:15.526Z
737,,"The Successors of Alfred the Great","https://www.youtube.com/watch?v=ZwXE1gvwDfM",,,,,,,2025-06-23T23:09:15.530Z,2025-06-23T23:09:15.530Z
738,,"Priscillian of Avila: Heresy and Execution in Early Christianity","https://www.youtube.com/watch?v=OkH935Szuzg",,,,,,,2025-06-23T23:09:15.535Z,2025-06-23T23:09:15.535Z
739,,"Religion in Ancient Egypt","https://www.youtube.com/watch?v=40wScPVxdpM",,,,,,,2025-06-23T23:09:15.539Z,2025-06-23T23:09:15.539Z
740,,"Battle of Thermopylae: Command and Organization","https://www.youtube.com/watch?v=7gpeU5Qv7zk",,,,,,,2025-06-23T23:09:15.544Z,2025-06-23T23:09:15.544Z
741,,"The Wu State of Ancient China and Sun Tzu","https://www.youtube.com/watch?v=zhUemCmE5Ek",,,,,,,2025-06-23T23:09:15.548Z,2025-06-23T23:09:15.548Z
742,,"The Palace of Knossos: Beautiful History HD","https://www.youtube.com/watch?v=WVpSCLTYeDI",,,,,,,2025-06-23T23:09:15.553Z,2025-06-23T23:09:15.553Z
743,,"Battle of Thermopylae: Principles of War on the Ancient Battlefield","https://www.youtube.com/watch?v=jFM1n7yQ8lw",,,,,,,2025-06-23T23:09:15.557Z,2025-06-23T23:09:15.557Z
744,,"Welcome to ''The Study of Antiquity and the Middle Ages!''","https://www.youtube.com/watch?v=GJvHWboy9gg",,,,,,,2025-06-23T23:09:15.562Z,2025-06-23T23:09:15.562Z
745,,"The Plague of Cyprian (249 to 262 A.D)","https://www.youtube.com/watch?v=UXyNRESdGQQ",,,,,,,2025-06-23T23:09:15.566Z,2025-06-23T23:09:15.566Z
746,,"Rise and Fall of the Assyrian Empire","https://www.youtube.com/watch?v=DLZruOzsmHc",,,,,,,2025-06-23T23:09:15.570Z,2025-06-23T23:09:15.570Z
747,,"The Vikings in Britain and Ireland: Excellent Overview","https://www.youtube.com/watch?v=p46RDqyogFc",,,,,,,2025-06-23T23:09:15.575Z,2025-06-23T23:09:15.575Z
748,,"Terminology in Ancient and Medieval African Studies","https://www.youtube.com/watch?v=MOZlZcVpJss",,,,,,,2025-06-23T23:09:15.580Z,2025-06-23T23:09:15.580Z
749,,"Early Christianity in Ancient China (Awesome Presentation!)","https://www.youtube.com/watch?v=eRYGtGxavj4",,,,,,,2025-06-23T23:09:15.585Z,2025-06-23T23:09:15.585Z
750,,"The Fall of Christian North Africa","https://www.youtube.com/watch?v=SZEPR9AKfyY",,,,,,,2025-06-23T23:09:15.590Z,2025-06-23T23:09:15.590Z
751,,"The Migration of Indo-European Languages","https://www.youtube.com/watch?v=Sdm9ACB8dTo&t=2335s",,,,,,,2025-06-23T23:09:15.594Z,2025-06-23T23:09:15.594Z
752,,"Anglo-Saxons, Britain and Christianity (Excellent Presentation)","https://www.youtube.com/watch?v=S7GLM_AOUSI",,,,,,,2025-06-23T23:09:15.598Z,2025-06-23T23:09:15.598Z
753,,"The Viking Age: Medieval Northern Europe","https://www.youtube.com/watch?v=EY7ybEVXGbQ",,,,,,,2025-06-23T23:09:15.606Z,2025-06-23T23:09:15.606Z
754,,"Early Christian Ireland and the C├íin Adomn├íin","https://www.youtube.com/watch?v=cTef4qRJptc",,,,,,,2025-06-23T23:09:15.614Z,2025-06-23T23:09:15.614Z
755,,"Writing the History of Ancient and Medieval Africa","https://www.youtube.com/watch?v=srNldNjDtuk",,,,,,,2025-06-23T23:09:15.621Z,2025-06-23T23:09:15.621Z
756,,"The Rise and Fall of Minoan Civilization","https://www.youtube.com/watch?v=CFh0ryP5VnI",,,,,,,2025-06-23T23:09:15.629Z,2025-06-23T23:09:15.629Z
757,,"Pre-Viking Ireland: A Political Survey (Excellent Lecture)","https://www.youtube.com/watch?v=BGUJDdJBsG8",,,,,,,2025-06-23T23:09:15.637Z,2025-06-23T23:09:15.637Z
758,,"Monuments of Heresy in the Early Church: Part Two","https://www.youtube.com/watch?v=o3z9O9IImV4",,,,,,,2025-06-23T23:09:15.644Z,2025-06-23T23:09:15.644Z
759,,"The Adventurer Zhang Qian and the Creation of the Silk Road","https://www.youtube.com/watch?v=Fe5GisuuMdk",,,,,,,2025-06-23T23:09:15.649Z,2025-06-23T23:09:15.649Z
760,,"Rome and Nubia: The Forgotten War","https://www.youtube.com/watch?v=cPpcnqMCRFE",,,,,,,2025-06-23T23:09:15.654Z,2025-06-23T23:09:15.654Z
761,,"Jacob Baradaeus: Monophysites and Chalcedonians","https://www.youtube.com/watch?v=9uetS4sOtl4",,,,,,,2025-06-23T23:09:15.658Z,2025-06-23T23:09:15.658Z
762,,"The Religions of Ancient Canaan and Phoenicia","https://www.youtube.com/watch?v=c9klkMKZczA",,,,,,,2025-06-23T23:09:15.663Z,2025-06-23T23:09:15.663Z
763,,"Ancient Egypt: Race and Ethnicity (Discussion)","https://www.youtube.com/watch?v=6P1SebT9PeU",,,,,,,2025-06-23T23:09:15.667Z,2025-06-23T23:09:15.667Z
764,,"Politics and Conversion in Pre-Viking England and Scotland","https://www.youtube.com/watch?v=HfwPxKfnzUo",,,,,,,2025-06-23T23:09:15.672Z,2025-06-23T23:09:15.672Z
765,,"Monuments of Heresy in the Early Church: Part One (Excellent Presentation)","https://www.youtube.com/watch?v=s7tkoRMhBpE",,,,,,,2025-06-23T23:09:15.676Z,2025-06-23T23:09:15.676Z
766,,"Genetics and the Anglo-Saxon Migrations","https://www.youtube.com/watch?v=Iyohhp3wa38",,,,,,,2025-06-23T23:09:15.681Z,2025-06-23T23:09:15.681Z
767,,"Livia's Power in Ancient Rome","https://www.youtube.com/watch?v=ZlcFv9qMNF0",,,,,,,2025-06-23T23:09:15.688Z,2025-06-23T23:09:15.688Z
768,,"Race & Ethnicity in the Ancient and Anglo-Saxon Worlds","https://www.youtube.com/watch?v=56qHfkz-3aQ",,,,,,,2025-06-23T23:09:15.692Z,2025-06-23T23:09:15.692Z
769,,"The Kingdom of Mercia, Medieval Wales and King Arthur","https://www.youtube.com/watch?v=Aw4hyvEReFk",,,,,,,2025-06-23T23:09:15.697Z,2025-06-23T23:09:15.697Z
770,,"The Hittites: Excellent Presentation","https://www.youtube.com/watch?v=JIrEhvNtJzc",,,,,,,2025-06-23T23:09:15.701Z,2025-06-23T23:09:15.701Z
771,,"Digging Deeper in Dura Europos","https://www.youtube.com/watch?v=CyKmUsefUfY",,,,,,,2025-06-23T23:09:15.706Z,2025-06-23T23:09:15.706Z
772,,"The Arthurian Tradition Arising From Pseudo History","https://www.youtube.com/watch?v=43shgdGKiFg",,,,,,,2025-06-23T23:09:15.710Z,2025-06-23T23:09:15.710Z
773,,"Early Anglo-Saxon Kingdoms","https://www.youtube.com/watch?v=Zus-CeGRdlU",,,,,,,2025-06-23T23:09:15.715Z,2025-06-23T23:09:15.715Z
774,,"The Golden Age of Han China","https://www.youtube.com/watch?v=o6fiTRijBZo",,,,,,,2025-06-23T23:09:15.719Z,2025-06-23T23:09:15.719Z
775,,"Contemporary 12th Century Politics and Society in the Historia","https://www.youtube.com/watch?v=BhXpz_VJN4Q",,,,,,,2025-06-23T23:09:15.724Z,2025-06-23T23:09:15.724Z
776,,"The Crusades, Crusader States and Medieval Christianity","https://www.youtube.com/watch?v=UIY2n9gA268",,,,,,,2025-06-23T23:09:15.728Z,2025-06-23T23:09:15.728Z
777,,"The ΓÇ£AnarchyΓÇ¥ of King ArthurΓÇÖs Beginnings: The Politics that Created the Arthurian Tradition","https://www.youtube.com/watch?v=W41dhB1scAw",,,,,,,2025-06-23T23:09:15.733Z,2025-06-23T23:09:15.733Z
778,,"Post Roman Britain: Irish and Germanic Invasions","https://www.youtube.com/watch?v=Hrpa5StgTyE",,,,,,,2025-06-23T23:09:15.738Z,2025-06-23T23:09:15.738Z
779,,"Ancient Egypt and the Exodus in Biblical Context","https://www.youtube.com/watch?v=3Ns-nlf5gOs",,,,,,,2025-06-23T23:09:15.743Z,2025-06-23T23:09:15.743Z
780,,"The Nature and Triumph of Medieval Islam: Excellent Overview","https://www.youtube.com/watch?v=eShAwhNR-ek",,,,,,,2025-06-23T23:09:15.747Z,2025-06-23T23:09:15.747Z
781,,"Early Christianity and the Church: Controversy and a War of Theology","https://www.youtube.com/watch?v=GlX2KVUSTKQ",,,,,,,2025-06-23T23:09:15.752Z,2025-06-23T23:09:15.752Z
782,,"The Punic Empires of Phoenicia and Carthage","https://www.youtube.com/watch?v=bfFF-CwIdUk",,,,,,,2025-06-23T23:09:15.757Z,2025-06-23T23:09:15.757Z
783,,"The Historical Mary: Mother of Jesus","https://www.youtube.com/watch?v=RNeTw0-yT-Q",,,,,,,2025-06-23T23:09:15.761Z,2025-06-23T23:09:15.761Z
784,,"Dura-Europos: A Really Old Church","https://www.youtube.com/watch?v=OHuKqnd1bEk",,,,,,,2025-06-23T23:09:15.766Z,2025-06-23T23:09:15.766Z
785,,"Roman Britain: Religion and the Vindolanda Tablets","https://www.youtube.com/watch?v=n9j5JL2PrsI",,,,,,,2025-06-23T23:09:15.771Z,2025-06-23T23:09:15.771Z
786,,"Ancient Roman Cults and Worship","https://www.youtube.com/watch?v=rPav1aM2VjE",,,,,,,2025-06-23T23:09:15.775Z,2025-06-23T23:09:15.775Z
787,,"Administration in Roman Britain","https://www.youtube.com/watch?v=0F33EIceqXY",,,,,,,2025-06-23T23:09:15.779Z,2025-06-23T23:09:15.779Z
788,,"The Old Testament and its Authors","https://www.youtube.com/watch?v=V7EHpWcLnX4",,,,,,,2025-06-23T23:09:15.784Z,2025-06-23T23:09:15.784Z
789,,"The Old Testament and the Hyksos Pharaohs","https://www.youtube.com/watch?v=uAPn2s8nmWA",,,,,,,2025-06-23T23:09:15.790Z,2025-06-23T23:09:15.790Z
790,,"Cultures, States and Societies: Defining Civilization","https://www.youtube.com/watch?v=3gt02Nhjob0",,,,,,,2025-06-23T23:09:15.795Z,2025-06-23T23:09:15.795Z
791,,"Akhenaten and Monotheism","https://www.youtube.com/watch?v=PDHw76OHYE4",,,,,,,2025-06-23T23:09:15.800Z,2025-06-23T23:09:15.800Z
792,,"The Four Great Inventions of Ancient China","https://www.youtube.com/watch?v=SNU6jD8jeJ4",,,,,,,2025-06-23T23:09:15.804Z,2025-06-23T23:09:15.804Z
793,,"Women and Historical Biography","https://www.youtube.com/watch?v=FSkbZxZqVKo",,,,,,,2025-06-23T23:09:15.808Z,2025-06-23T23:09:15.808Z
794,,"Roman Britain: An Introduction","https://www.youtube.com/watch?v=S-NPSQBWUlE",,,,,,,2025-06-23T23:09:15.813Z,2025-06-23T23:09:15.813Z
795,,"The Fall of Rome: Facts and Fictions!! Excellent Lecture!!","https://www.youtube.com/watch?v=V1ZVoKqJelQ",,,,,,,2025-06-23T23:09:15.817Z,2025-06-23T23:09:15.817Z
796,,"The Bronze Age Collapse (Factors) (Sea Peoples) (Ancient Canaan)","https://www.youtube.com/watch?v=J7eBvJ9-B_0",,,,,,,2025-06-23T23:09:15.822Z,2025-06-23T23:09:15.822Z
797,,"The Indo Europeans and Historical Linguistics","https://www.youtube.com/watch?v=V_Hcyso411w",,,,,,,2025-06-23T23:09:15.826Z,2025-06-23T23:09:15.826Z
798,,"Architecture: History, Culture and Space","https://www.youtube.com/watch?v=93mAJcDemtE",,,,,,,2025-06-23T23:09:15.831Z,2025-06-23T23:09:15.831Z
799,,"Man and Disease: The Black Death","https://www.youtube.com/watch?v=2xunvmP89go",,,,,,,2025-06-23T23:09:15.835Z,2025-06-23T23:09:15.835Z
800,,"Archaeology: Troy and Heinrich Schliemann","https://www.youtube.com/watch?v=87b4YYJ-Ero",,,,,,,2025-06-23T23:09:15.839Z,2025-06-23T23:09:15.839Z
801,,"Western Warfare in the Age of the Crusades: Lecture Two By Dr. France","https://www.youtube.com/watch?v=IKxZUHZY7Sc",,,,,,,2025-06-23T23:09:15.844Z,2025-06-23T23:09:15.844Z
802,,"History and Literature: Ancient Epic, Homer and Virgil","https://www.youtube.com/watch?v=6N9i5N9Wrrg",,,,,,,2025-06-23T23:09:15.849Z,2025-06-23T23:09:15.849Z
803,,"The Politics and Government of Diocletian: Excellent Presentation!!!","https://www.youtube.com/watch?v=YuXbpneHcrE",,,,,,,2025-06-23T23:09:15.854Z,2025-06-23T23:09:15.854Z
804,,"Herodotus and the Persian Wars","https://www.youtube.com/watch?v=2PSMQGCwMxo",,,,,,,2025-06-23T23:09:15.858Z,2025-06-23T23:09:15.858Z
805,,"History-What Really Happened? Excellent Lecture on Historiography","https://www.youtube.com/watch?v=t8S1bhR2tdc",,,,,,,2025-06-23T23:09:15.863Z,2025-06-23T23:09:15.863Z
806,,"The History of Silk ~ Documentary ~ Ancient China","https://www.youtube.com/watch?v=CySz4xoOQRA",,,,,,,2025-06-23T23:09:15.867Z,2025-06-23T23:09:15.867Z
807,,"The Economic Reforms of Diocletian!!! Excellent Presentation!!!!","https://www.youtube.com/watch?v=OOZp2qjmp8I&t=41s",,,,,,,2025-06-23T23:09:15.872Z,2025-06-23T23:09:15.872Z
808,,"Abraham and Ancient Egypt: Historical and Biblical Perspectives","https://www.youtube.com/watch?v=O_TLN0_Q2Oc",,,,,,,2025-06-23T23:09:15.880Z,2025-06-23T23:09:15.880Z
809,,"The Sea Peoples and the Late Bronze Age Collapse","https://www.youtube.com/watch?v=hh7hGmeY7nE",,,,,,,2025-06-23T23:09:15.884Z,2025-06-23T23:09:15.884Z
810,,"The Vikings: An Introduction","https://www.youtube.com/watch?v=1LnFsHl3taU",,,,,,,2025-06-23T23:09:15.888Z,2025-06-23T23:09:15.888Z
811,,"The Rise of Han China","https://www.youtube.com/watch?v=KJ4b8ujuGoQ",,,,,,,2025-06-23T23:09:15.893Z,2025-06-23T23:09:15.893Z
812,,"The Early Years of the Silk Road!! Excellent Presentation!!","https://www.youtube.com/watch?v=tzPi6D0dEoc",,,,,,,2025-06-23T23:09:15.897Z,2025-06-23T23:09:15.897Z
813,,"Medieval Society & Chaucer's Canterbury Tales","https://www.youtube.com/watch?v=J6dzd-FIWI4",,,,,,,2025-06-23T23:09:15.901Z,2025-06-23T23:09:15.901Z
814,,"The First Crusade & Medieval Society","https://www.youtube.com/watch?v=DWHLkgj-N2A",,,,,,,2025-06-23T23:09:15.905Z,2025-06-23T23:09:15.905Z
815,,"The Crusades","https://www.youtube.com/watch?v=7EVRkNluTwk",,,,,,,2025-06-23T23:09:15.910Z,2025-06-23T23:09:15.910Z
816,,"The Investiture Conflict in the Middle Ages","https://www.youtube.com/watch?v=x3-_tnhwk4o",,,,,,,2025-06-23T23:09:15.914Z,2025-06-23T23:09:15.914Z
817,,"Ecclesiastical Reform in the Middle Ages","https://www.youtube.com/watch?v=UxlvPcxbcMA",,,,,,,2025-06-23T23:09:15.918Z,2025-06-23T23:09:15.918Z
818,,"My History Library! PS sorry for the sound quality!","https://www.youtube.com/watch?v=Ug0O-2FWo6c",,,,,,,2025-06-23T23:09:15.923Z,2025-06-23T23:09:15.923Z
819,,"The Forgotten Bronze Age | The Kingdom of Ebla","https://www.youtube.com/watch?v=kjgfT0xcZkQ",,,,,,,2025-06-23T23:09:15.994Z,2025-06-23T23:09:15.994Z
820,,"The Ancient History of Cyprus","https://www.youtube.com/watch?v=4iFyJU0cQ2A&pp=ygUOYW5jaWVudCBjeXBydXM%3D",,,,,,,2025-06-23T23:09:16.004Z,2025-06-23T23:09:16.004Z
821,,"Ur Colloquium: Prof Dominique Charpin on 'Samsu-iluna & the end of the occupation of Ur'","https://www.youtube.com/watch?v=ylaPiGq7LjA&pp=ygULU2Ftc3UtaWx1bmE%3D",,,,,,,2025-06-23T23:09:16.013Z,2025-06-23T23:09:16.013Z
822,,"The Elamites: Elam vs. Mesopotamia (part 2)","https://youtu.be/hJ4YpC5uTlI",,,,,,,2025-06-23T23:09:16.019Z,2025-06-23T23:09:16.019Z
823,,"The Greco-Persian Wars - PART I: The Rise of Persia and the Ionian Revolt (550-493 BC)","https://www.youtube.com/watch?v=8gTaeVjhLKM",,,,,,,2025-06-23T23:09:16.025Z,2025-06-23T23:09:16.025Z
824,,"Who were the Minoans? Europe's most bizarre civilization (Extended Version)","https://www.youtube.com/watch?v=t6cHnbYWk0E",,,,,,,2025-06-23T23:09:16.079Z,2025-06-23T23:09:16.079Z
825,,"The Copper Age Explained (The rise of civilization)","https://www.youtube.com/watch?v=-gBj4qAowCE",,,,,,,2025-06-23T23:09:16.090Z,2025-06-23T23:09:16.090Z
826,,"What was life like after  the Bronze age collapse?","https://www.youtube.com/watch?v=U5RCjvKVL38&t=1002s",,,,,,,2025-06-23T23:09:16.109Z,2025-06-23T23:09:16.109Z
851,,"Rise & Fall of the Khmer Empire (History of Cambodia Summarized)","https://www.youtube.com/watch?v=0N3l8B2xmyk",,,,,,,2025-06-23T23:09:16.142Z,2025-06-23T23:09:16.142Z
852,,"What Happened After The Bronze Age Collapse?","https://www.youtube.com/watch?v=mF2GGbx9eg4",,,,,,,2025-06-23T23:09:16.147Z,2025-06-23T23:09:16.147Z
853,,"The History of Egypt (After the Pharaohs)","https://www.youtube.com/watch?v=4enwjP_23XM",,,,,,,2025-06-23T23:09:16.152Z,2025-06-23T23:09:16.152Z
854,,"History of the Samurai's Sword (Tachi, Katana,Nodachi...& More!)","https://www.youtube.com/watch?v=XJ1EF6HHceE",,,,,,,2025-06-23T23:09:16.156Z,2025-06-23T23:09:16.156Z
855,,"Cataphracts ( Tanks of the Ancient World)...Before there were Knights","https://www.youtube.com/watch?v=YGCP9QVlo6g",,,,,,,2025-06-23T23:09:16.161Z,2025-06-23T23:09:16.161Z
856,,"The Bronze Age Summarized (Geography People and Resources)","https://www.youtube.com/watch?v=6rn9b7Z1ZnQ&t=4s",,,,,,,2025-06-23T23:09:16.166Z,2025-06-23T23:09:16.166Z
857,,"The Carthaginian Army (Units & History)","https://www.youtube.com/watch?v=2F4_6j0XwKU",,,,,,,2025-06-23T23:09:16.170Z,2025-06-23T23:09:16.170Z
858,,"The Nordic Countries (Animated Scandinavian History)","https://www.youtube.com/watch?v=h6pv8sFMpsU",,,,,,,2025-06-23T23:09:16.175Z,2025-06-23T23:09:16.175Z
859,,"Top Five Countries that Defeated the Mongols","https://www.youtube.com/watch?v=weyyVqPCcFI",,,,,,,2025-06-23T23:09:16.179Z,2025-06-23T23:09:16.179Z
860,,"The Rise & Fall of Carthage","https://www.youtube.com/watch?v=Vm6Q-wZ2jm0",,,,,,,2025-06-23T23:09:16.184Z,2025-06-23T23:09:16.184Z
861,,"The History of North Africa Explained (Morocco,Egypt, Libya, Tunisia, Algeria)","https://www.youtube.com/watch?v=kyBNJAs1HWc&t=554s",,,,,,,2025-06-23T23:09:16.189Z,2025-06-23T23:09:16.189Z
862,,"Who were the Marathas? Rise and Fall of the Maratha Empire explained (Documentary)","https://www.youtube.com/watch?v=--Ly9qdkQ1Y",,,,,,,2025-06-23T23:09:16.194Z,2025-06-23T23:09:16.194Z
863,,"The Rise & Fall of China's Han Dynasty EmpireΓÇªand itΓÇÖs Rise & Fall Again","https://www.youtube.com/watch?v=KWUOGgqCeN0",,,,,,,2025-06-23T23:09:16.200Z,2025-06-23T23:09:16.200Z
864,,"Why was the Roman Legionary's Equipment so good?","https://www.youtube.com/watch?v=y1GsB1SSMVg",,,,,,,2025-06-23T23:09:16.222Z,2025-06-23T23:09:16.222Z
865,,"Who were the Mughals? Rise and Fall of the Mughal Empire explained (Documentary)","https://www.youtube.com/watch?v=bjlIJPm3puc",,,,,,,2025-06-23T23:09:16.227Z,2025-06-23T23:09:16.227Z
866,,"Rise and Fall of the Sikh Empire explained in less than 7 minutes (Sikh history documentary)","https://www.youtube.com/watch?v=cBcvMiY8b2k",,,,,,,2025-06-23T23:09:16.232Z,2025-06-23T23:09:16.232Z
867,,"The History of Okinawa (Rise and Fall of the Ryukyu Kingdom) Explained in 8 Minutes","https://www.youtube.com/watch?v=rKUI-j3iIo0",,,,,,,2025-06-23T23:09:16.237Z,2025-06-23T23:09:16.237Z
868,,"Who were the Janissaries? Elite Troops of the Ottoman Empire","https://www.youtube.com/watch?v=LhdFgu7C0X0",,,,,,,2025-06-23T23:09:16.241Z,2025-06-23T23:09:16.241Z
869,,"The Rise And Fall of The Byzantine Empire (Eastern Roman Empire Documentary)","https://www.youtube.com/watch?v=vtu8CveFBGw",,,,,,,2025-06-23T23:09:16.246Z,2025-06-23T23:09:16.246Z
870,,"What was the first professional army in History?","https://www.youtube.com/watch?v=aCzReeVWVfo",,,,,,,2025-06-23T23:09:16.251Z,2025-06-23T23:09:16.251Z
871,,"Attila and the Huns (Fall of the Roman Empire) Origin of the Hun Empire explained","https://www.youtube.com/watch?v=NQImNDTC4rE",,,,,,,2025-06-23T23:09:16.256Z,2025-06-23T23:09:16.256Z
872,,"Korean Three Kingdoms Period explained (History of Korea)","https://www.youtube.com/watch?v=GnDdkFjF-m8",,,,,,,2025-06-23T23:09:16.260Z,2025-06-23T23:09:16.260Z
873,,"The Kushan Empire. Silkroad Superpower (Connecting East and West)","https://www.youtube.com/watch?v=0gc4p_KQGf4",,,,,,,2025-06-23T23:09:16.265Z,2025-06-23T23:09:16.265Z
874,,"Trung Sisters Rebellion History of Ancient Vietnam","https://www.youtube.com/watch?v=wh-u5lyJVLg",,,,,,,2025-06-23T23:09:16.270Z,2025-06-23T23:09:16.270Z
875,,"Who were the Elamites? History of Ancient Elam","https://www.youtube.com/watch?v=z3MIT6Xb4WY&t=10s",,,,,,,2025-06-23T23:09:16.276Z,2025-06-23T23:09:16.276Z
876,,"Is Afghanistan the Graveyard of Empires?","https://www.youtube.com/watch?v=H-4Xzszp3lw",,,,,,,2025-06-23T23:09:16.281Z,2025-06-23T23:09:16.281Z
877,,"The history of Armenia Summarized","https://www.youtube.com/watch?v=aT9A_nCuU-Q",,,,,,,2025-06-23T23:09:16.285Z,2025-06-23T23:09:16.285Z
878,,"The history of Afghanistan summarized","https://www.youtube.com/watch?v=T6usr-C3lcQ",,,,,,,2025-06-23T23:09:16.290Z,2025-06-23T23:09:16.290Z
879,,"The Rise and Fall of the Sassanid Persian Empire (Ancient Sasanian history documentary)","https://www.youtube.com/watch?v=HgrPT5uarKM",,,,,,,2025-06-23T23:09:16.295Z,2025-06-23T23:09:16.295Z
880,,"The Byzantine Army, Dark To Golden Age","https://www.youtube.com/watch?v=mT5Cv2uZgd8",,,,,,,2025-06-23T23:09:16.299Z,2025-06-23T23:09:16.299Z
881,,"Ancient Egypt, the Rise and Fall (History of the Egyptian Empire)","https://www.youtube.com/watch?v=7p7nqCR3b8o",,,,,,,2025-06-23T23:09:16.304Z,2025-06-23T23:09:16.304Z
882,,"The Late Roman, Early Byzantine Infantryman (Fall of the Roman Empire History)","https://www.youtube.com/watch?v=KAORtNgZw38",,,,,,,2025-06-23T23:09:16.309Z,2025-06-23T23:09:16.309Z
883,,"How did Chinese Civilization begin? (Shang and Zhou dynasties)  Bronze Age China history explained","https://www.youtube.com/watch?v=-RrAoL_PVmo",,,,,,,2025-06-23T23:09:16.314Z,2025-06-23T23:09:16.314Z
884,,"Tamerlane & History of The Timurid Empire","https://www.youtube.com/watch?v=GYOgWwmwRkc",,,,,,,2025-06-23T23:09:16.318Z,2025-06-23T23:09:16.318Z
885,,"G├╢kt├╝rk Khaganate, The First Turkic Empire","https://www.youtube.com/watch?v=8mSb7-uGnbk",,,,,,,2025-06-23T23:09:16.327Z,2025-06-23T23:09:16.327Z
886,,"The history of Romania explained in 10 minutes","https://www.youtube.com/watch?v=Vxsm2K7CxNU",,,,,,,2025-06-23T23:09:16.343Z,2025-06-23T23:09:16.343Z
887,,"The history of Canada explained in 10 minutes","https://www.youtube.com/watch?v=zz440EuFK8Q",,,,,,,2025-06-23T23:09:16.347Z,2025-06-23T23:09:16.347Z
888,,"The Three Kingdoms Period explained in 4 minutes ( Chinese History )","https://www.youtube.com/watch?v=18K99HXTp7o",,,,,,,2025-06-23T23:09:16.357Z,2025-06-23T23:09:16.357Z
889,,"Who were the Phoenicians? Phoenician History","https://www.youtube.com/watch?v=jvzXRtAe0Mw",,,,,,,2025-06-23T23:09:16.371Z,2025-06-23T23:09:16.371Z
894,,"Who were the Assyrians? History of the Assyrian Empire","https://www.youtube.com/watch?v=aT57dnlo-Tw",,,,,,,2025-06-23T23:09:16.386Z,2025-06-23T23:09:16.386Z
895,,"Who were the Hittites? The history of the Hittite Empire explained in 10 minutes","https://www.youtube.com/watch?v=Sttutf4P_BY",,,,,,,2025-06-23T23:09:16.414Z,2025-06-23T23:09:16.414Z
896,,"Who were the Sea People? Bronze Age Collapse","https://www.youtube.com/watch?v=3ycOut4qkFk",,,,,,,2025-06-23T23:09:16.419Z,2025-06-23T23:09:16.419Z
897,,"How accurate are Trojan War Movies and TV shows? Helen of Troy, Troy fall of a City and more","https://www.youtube.com/watch?v=cPKfhkc1JK8",,,,,,,2025-06-23T23:09:16.424Z,2025-06-23T23:09:16.424Z
898,,"Who were the Mycenaeans? The Real Civilization who fought the Trojan War","https://www.youtube.com/watch?v=ctD92ftJEiA",,,,,,,2025-06-23T23:09:16.429Z,2025-06-23T23:09:16.429Z
899,,"The Peloponnesian War (extended video)","https://www.youtube.com/watch?v=Z0zNGPzbJ90",,,,,,,2025-06-23T23:09:16.433Z,2025-06-23T23:09:16.433Z
900,,"Ancient Greek Helmets Explained in 5 minutes","https://www.youtube.com/watch?v=flsn5AUtn0s",,,,,,,2025-06-23T23:09:16.438Z,2025-06-23T23:09:16.438Z
901,,"History of Vietnam explained in 8 minutes (All Vietnamese dynasties)","https://www.youtube.com/watch?v=u8R9MtM42P8",,,,,,,2025-06-23T23:09:16.443Z,2025-06-23T23:09:16.443Z
902,,"The MitanniΓÇªThe Greatest Ancient Empire you have never heard of","https://www.youtube.com/watch?v=Cj95jF7Rpvc",,,,,,,2025-06-23T23:09:16.447Z,2025-06-23T23:09:16.447Z
903,,"Chhatrapati Shivaji, founder of the Maratha Empire (Biography)","https://www.youtube.com/watch?v=wUmPluCC27Q",,,,,,,2025-06-23T23:09:16.452Z,2025-06-23T23:09:16.452Z
904,,"History of the Maratha Empire","https://www.youtube.com/watch?v=6NZCFoKrqg0",,,,,,,2025-06-23T23:09:16.456Z,2025-06-23T23:09:16.456Z
905,,"What did the Mongol warrior eat?","https://www.youtube.com/watch?v=FKc6Lc5372c",,,,,,,2025-06-23T23:09:16.461Z,2025-06-23T23:09:16.461Z
906,,"Why were the Mongols so successful?","https://www.youtube.com/watch?v=a_fk7Zso4-k",,,,,,,2025-06-23T23:09:16.466Z,2025-06-23T23:09:16.466Z
907,,"History of the Mongol Empire explained in 5 minutes","https://www.youtube.com/watch?v=-fdVhGeOsfQ",,,,,,,2025-06-23T23:09:16.476Z,2025-06-23T23:09:16.476Z
908,,"History of the Ashanti Empire , (Ghana Africa)","https://www.youtube.com/watch?v=esMSfUMzDpA",,,,,,,2025-06-23T23:09:16.480Z,2025-06-23T23:09:16.480Z
909,,"Roman legion vs Macedonian phalanx","https://www.youtube.com/watch?v=FFW-OhRcMXs",,,,,,,2025-06-23T23:09:16.485Z,2025-06-23T23:09:16.485Z
910,,"How the Rus became the Russians, slavic history explained","https://www.youtube.com/watch?v=U_2h16AYMMQ",,,,,,,2025-06-23T23:09:16.489Z,2025-06-23T23:09:16.489Z
911,,"Ancient Egyptian warfare and weapons","https://www.youtube.com/watch?v=1apMlePN8JE",,,,,,,2025-06-23T23:09:16.495Z,2025-06-23T23:09:16.495Z
912,,"The History of Thailand Explained in 5 minutes","https://www.youtube.com/watch?v=OfOMEP_7AJM",,,,,,,2025-06-23T23:09:16.500Z,2025-06-23T23:09:16.500Z
913,,"Was Ferdinand Marcos a Villain or Hero?(History of the Philippines, Marcos Biography)","https://www.youtube.com/watch?v=5VTaLaevab4",,,,,,,2025-06-23T23:09:16.505Z,2025-06-23T23:09:16.505Z
914,,"History of Japan explained in eight minutes (all periods of Japanese history documentary)","https://www.youtube.com/watch?v=rxQcQ5DJqqE",,,,,,,2025-06-23T23:09:16.510Z,2025-06-23T23:09:16.510Z
915,,"History of the Persian Gulf explained,  Bahrain, Kuwait, Qatar, Oman and the UAE","https://www.youtube.com/watch?v=pOgZunS_tuM",,,,,,,2025-06-23T23:09:16.514Z,2025-06-23T23:09:16.514Z
916,,"What caused the American Revolution? explained in 5 minutes (4th of July)","https://www.youtube.com/watch?v=jgNWvUujPLs",,,,,,,2025-06-23T23:09:16.519Z,2025-06-23T23:09:16.519Z
917,,"Athens vs Sparta (Peloponnesian War explained in 6 minutes)","https://www.youtube.com/watch?v=GjbfS8RDoYo",,,,,,,2025-06-23T23:09:16.524Z,2025-06-23T23:09:16.524Z
918,,"History of Islamic Iran explained in 10 minutes","https://www.youtube.com/watch?v=h_9wHKCxoZg",,,,,,,2025-06-23T23:09:16.529Z,2025-06-23T23:09:16.529Z
919,,"Empires of Ancient Persia explained in 10 minutes ( History of Iran )","https://www.youtube.com/watch?v=BJvxW0xJKxo",,,,,,,2025-06-23T23:09:16.533Z,2025-06-23T23:09:16.533Z
920,,"Less common Roman Helmet types explained (Ancient Rome)","https://www.youtube.com/watch?v=7sIcxmmuiTI",,,,,,,2025-06-23T23:09:16.538Z,2025-06-23T23:09:16.538Z
921,,"The Ancient Roman Helmet's evolution explained","https://www.youtube.com/watch?v=qTtaDXKHB_s",,,,,,,2025-06-23T23:09:16.543Z,2025-06-23T23:09:16.543Z
922,,"The battle of Zama Hannibal and Scipio's final showdown (Rome vs Carthage History)","https://www.youtube.com/watch?v=cIDdHWr_RAk",,,,,,,2025-06-23T23:09:16.547Z,2025-06-23T23:09:16.547Z
923,,"Indonesia Malaysia History of Nusantara explained in 9 minutes","https://www.youtube.com/watch?v=SiuY2Hej9w8",,,,,,,2025-06-23T23:09:16.552Z,2025-06-23T23:09:16.552Z
924,,"History of Ancient Mexico, Aztecs, Maya and more Explained in ten minutes","https://www.youtube.com/watch?v=UfSTd6FRrVM",,,,,,,2025-06-23T23:09:16.557Z,2025-06-23T23:09:16.557Z
925,,"Historia de la antigua mexico, mesoam├⌐rica explicada en diez minutos (Documental En espa├▒ol)","https://www.youtube.com/watch?v=90-aHsOi11E",,,,,,,2025-06-23T23:09:16.562Z,2025-06-23T23:09:16.562Z
926,,"History of the Philippines explained in 8 minutes","https://www.youtube.com/watch?v=D01xKvBbRgA",,,,,,,2025-06-23T23:09:16.567Z,2025-06-23T23:09:16.567Z
927,,"3,000 years Ethiopia's history explained in less than 10 minutes","https://www.youtube.com/watch?v=Bbk54q0Jks8",,,,,,,2025-06-23T23:09:16.572Z,2025-06-23T23:09:16.572Z
928,,"The history of Nigeria explained in 6 minutes  (3,000 Years of Nigerian history)","https://www.youtube.com/watch?v=fMmkmHUAAO0",,,,,,,2025-06-23T23:09:16.577Z,2025-06-23T23:09:16.577Z
929,,"History of Ancient Israel and Judah explained in 5 minutes","https://www.youtube.com/watch?v=ZybFYikBMLg",,,,,,,2025-06-23T23:09:16.582Z,2025-06-23T23:09:16.582Z
930,,"Babylon the great  (2,000 years of Mesopotamian history explained in ten minutes)","https://www.youtube.com/watch?v=xLk1NP_nwwE",,,,,,,2025-06-23T23:09:16.586Z,2025-06-23T23:09:16.586Z
931,,"History of Sumer Mesopotamia  ( 3,000 years of Sumerian history )explained in less than 4 minutes","https://www.youtube.com/watch?v=qsoJjxDkhbo",,,,,,,2025-06-23T23:09:16.591Z,2025-06-23T23:09:16.591Z
932,,"History of Singapore explained in 5 minutes","https://www.youtube.com/watch?v=69Fdgv2ZQQs",,,,,,,2025-06-23T23:09:16.595Z,2025-06-23T23:09:16.595Z
933,,"All Korean kingdoms explained in less than 5 minutes ( Over 2,000 years of Korean history)","https://www.youtube.com/watch?v=uficJwaZygw",,,,,,,2025-06-23T23:09:16.600Z,2025-06-23T23:09:16.600Z
934,,"The Battle of Cannae (Hannibal vs Rome) History","https://www.youtube.com/watch?v=MeJY5ymg_DM",,,,,,,2025-06-23T23:09:16.605Z,2025-06-23T23:09:16.605Z
935,,"The Seven Kings of Ancient Rome explained in Seven Minutes","https://www.youtube.com/watch?v=zTzGk_-bKnA",,,,,,,2025-06-23T23:09:16.609Z,2025-06-23T23:09:16.609Z
936,,"All China's dynasties explained in 7 minutes (5,000 years of Chinese history)","https://www.youtube.com/watch?v=fFNzX3tYTXU",,,,,,,2025-06-23T23:09:16.614Z,2025-06-23T23:09:16.614Z
937,,"Rise of Muslim Spain (History of al andalus)","https://www.youtube.com/watch?v=hCm6j147gFk",,,,,,,2025-06-23T23:09:16.619Z,2025-06-23T23:09:16.619Z
939,,"Ancient battle tactics in the classical world (The legion's Roman Pilum)","https://www.youtube.com/watch?v=JzMPRXbWgmI",,,,,,,2025-06-23T23:09:16.623Z,2025-06-23T23:09:16.623Z
940,,"Untold History Potosi, The Silver El Dorado Documentary","https://www.youtube.com/watch?v=k7LIcBifaSQ",,,,,,,2025-06-23T23:09:16.628Z,2025-06-23T23:09:16.628Z
941,,"Aryan invasion, migration theory (Truth or fiction) India documentary","https://www.youtube.com/watch?v=MctZeIxvac4",,,,,,,2025-06-23T23:09:16.633Z,2025-06-23T23:09:16.633Z
942,,"El Chapo and Pablo Escobar Comparison","https://www.youtube.com/watch?v=quJN9L8nrFI",,,,,,,2025-06-23T23:09:16.637Z,2025-06-23T23:09:16.637Z
943,,"History of ancient Mexico, Mesoamerica Toltec, Maya, Aztec, Olmec, Zapotec history","https://www.youtube.com/watch?v=GY4tnSov_3E",,,,,,,2025-06-23T23:09:16.642Z,2025-06-23T23:09:16.642Z
944,,"5,000 Years History of India documentary","https://www.youtube.com/watch?v=NFczNHrbXB0",,,,,,,2025-06-23T23:09:16.648Z,2025-06-23T23:09:16.648Z
945,,"History of Zimbabwe  (From Rhodesia to Mugabe coup)","https://www.youtube.com/watch?v=O7jzYUPUpqI",,,,,,,2025-06-23T23:09:16.653Z,2025-06-23T23:09:16.653Z
946,,"The History of Saudi Arabia (House of Saud)","https://www.youtube.com/watch?v=HkcYAOs9W-E",,,,,,,2025-06-23T23:09:16.658Z,2025-06-23T23:09:16.658Z
947,,"The animated history of Spain (from Tartessos to Rome)","https://www.youtube.com/watch?v=XrOSH6cBo_E",,,,,,,2025-06-23T23:09:16.662Z,2025-06-23T23:09:16.662Z
948,,"The Ancient Roman pilum (Roman Legionary military tactics and warfare)","https://www.youtube.com/watch?v=ibagqltYRm0",,,,,,,2025-06-23T23:09:16.667Z,2025-06-23T23:09:16.667Z
949,,"The 10 worst types of Starbucks customers  (worst coffee shop customers) animated","https://www.youtube.com/watch?v=Px0C8vEo3nY",,,,,,,2025-06-23T23:09:16.672Z,2025-06-23T23:09:16.672Z
950,,"Murder, Manslaughter, Homicide, a killing differences explained in less than 5 minutes","https://www.youtube.com/watch?v=WDA2cE3YcIA",,,,,,,2025-06-23T23:09:16.676Z,2025-06-23T23:09:16.676Z
951,,"Catalonia History & independence from Spain explained in 3 minutes (Catalan history 2017)","https://www.youtube.com/watch?v=xlSQpC72zCI",,,,,,,2025-06-23T23:09:16.681Z,2025-06-23T23:09:16.681Z
952,,"Animated Kurdish independence referendum vote explained in 3 minutes","https://www.youtube.com/watch?v=eayxsdTG-K0",,,,,,,2025-06-23T23:09:16.685Z,2025-06-23T23:09:16.685Z
953,,"Catalonia independence from Spain explained in 4 minutes (Catalonia referendum 2017)","https://www.youtube.com/watch?v=WpoA23fn71o",,,,,,,2025-06-23T23:09:16.690Z,2025-06-23T23:09:16.690Z
954,,"The Scorpion king and the Birth of a civilization | History of Ancient Egypt","https://www.youtube.com/watch?v=5FE8SCg8ecQ",,,,,,,2025-06-23T23:09:16.699Z,2025-06-23T23:09:16.699Z
955,,"Narmer the unifier | History of Ancient Egypt","https://www.youtube.com/watch?v=-alAcqHAhDA",,,,,,,2025-06-23T23:09:16.704Z,2025-06-23T23:09:16.704Z
956,,"What is a Pharaoh?","https://www.youtube.com/watch?v=J3ftonzkWFU",,,,,,,2025-06-23T23:09:16.713Z,2025-06-23T23:09:16.713Z
957,,"Djoser and the gates of eternity | History of Ancient Egypt","https://www.youtube.com/watch?v=AbOY28NZ67s",,,,,,,2025-06-23T23:09:16.725Z,2025-06-23T23:09:16.725Z
958,,"Snefru the builder | History of Ancient Egypt","https://www.youtube.com/watch?v=k2aL5wsWSxM",,,,,,,2025-06-23T23:09:16.737Z,2025-06-23T23:09:16.737Z
959,,"Snefru and the green jewel | Voices from Ancient Egypt","https://www.youtube.com/watch?v=E2E1yQoUSus",,,,,,,2025-06-23T23:09:16.742Z,2025-06-23T23:09:16.742Z
960,,"Were the pyramids built by slaves?","https://www.youtube.com/watch?v=kuQK1V1bKik",,,,,,,2025-06-23T23:09:16.748Z,2025-06-23T23:09:16.748Z
961,,"Cheops and the Great Pyramid | History of Ancient Egypt","https://www.youtube.com/watch?v=YQ63G0fQZp8",,,,,,,2025-06-23T23:09:16.754Z,2025-06-23T23:09:16.754Z
962,,"The heirs of Cheops | History of Ancient Egypt","https://www.youtube.com/watch?v=41DKe3SRaRc",,,,,,,2025-06-23T23:09:16.759Z,2025-06-23T23:09:16.759Z
963,,"Pepi II and the last breath of the old kingdom | History of Ancient Egypt","https://www.youtube.com/watch?v=jdt8NltU-F0",,,,,,,2025-06-23T23:09:16.765Z,2025-06-23T23:09:16.765Z
964,,"Chaos over Egypt - The First Intermediate Period | History of Ancient Egypt","https://www.youtube.com/watch?v=bJqDG9uevOM",,,,,,,2025-06-23T23:09:16.771Z,2025-06-23T23:09:16.771Z
965,,"Pharaoh Sekhemkhet and the Buried Pyramid (c. 2648-2640 BC)","https://www.youtube.com/watch?v=0XKxWcY-PJg&pp=ygUKU2VraGVta2hldA%3D%3D",,,,,,,2025-06-23T23:09:16.780Z,2025-06-23T23:09:16.780Z
966,,"The Story of Sekhemkhet | Pharaoh | Buried Pyramid","https://www.youtube.com/watch?v=nxj8aUIn6lQ&pp=ygUKU2VraGVta2hldA%3D%3D",,,,,,,2025-06-23T23:09:16.789Z,2025-06-23T23:09:16.789Z
967,,"Queen Hetepheres II","https://www.youtube.com/watch?v=-B3GFdx0Tvw",,,,,,,2025-06-23T23:09:16.795Z,2025-06-23T23:09:16.795Z
968,,"Pharaoh Djedefre and the Lost Pyramid","https://www.youtube.com/watch?v=9ouJrWE22Mg",,,,,,,2025-06-23T23:09:16.800Z,2025-06-23T23:09:16.800Z
969,,"Khufu's Legacy","https://www.youtube.com/watch?v=WNd6g-sKE5c",,,,,,,2025-06-23T23:09:16.806Z,2025-06-23T23:09:16.806Z
970,,"Khufu's Ship","https://www.youtube.com/watch?v=THlGx6Eb7gY",,,,,,,2025-06-23T23:09:16.815Z,2025-06-23T23:09:16.815Z
971,,"Tomb of Queen Hetepheres I","https://www.youtube.com/watch?v=Xs0TFCUtZcg",,,,,,,2025-06-23T23:09:16.821Z,2025-06-23T23:09:16.821Z
972,,"Building the Pyramids","https://www.youtube.com/watch?v=ympWh1oFll0",,,,,,,2025-06-23T23:09:16.826Z,2025-06-23T23:09:16.826Z
973,,"The Great Pyramid","https://www.youtube.com/watch?v=Xv36M5irHyI",,,,,,,2025-06-23T23:09:16.831Z,2025-06-23T23:09:16.831Z
974,,"Pharaoh Khufu (2589-2566 BC)","https://www.youtube.com/watch?v=EkDEoY2DDh0",,,,,,,2025-06-23T23:09:16.837Z,2025-06-23T23:09:16.837Z
975,,"The Westcar Papyrus","https://www.youtube.com/watch?v=l1xhK8xPhNE",,,,,,,2025-06-23T23:09:16.843Z,2025-06-23T23:09:16.843Z
976,,"Highlights of 4th Dynasty Art","https://www.youtube.com/watch?v=se_NNYlbLzo",,,,,,,2025-06-23T23:09:16.849Z,2025-06-23T23:09:16.849Z
977,,"The Red Pyramid","https://www.youtube.com/watch?v=2I_Syq0ULVo",,,,,,,2025-06-23T23:09:16.854Z,2025-06-23T23:09:16.854Z
978,,"The Bent Pyramid","https://www.youtube.com/watch?v=haVnbqrNo9c",,,,,,,2025-06-23T23:09:16.860Z,2025-06-23T23:09:16.860Z
979,,"The Meidum (Meydum) Pyramid","https://www.youtube.com/watch?v=l_cDaUW4-Ds",,,,,,,2025-06-23T23:09:16.865Z,2025-06-23T23:09:16.865Z
980,,"Pharaoh Sneferu (2613-2589 BC)","https://www.youtube.com/watch?v=ra8-GiwcU_Q",,,,,,,2025-06-23T23:09:16.871Z,2025-06-23T23:09:16.871Z
981,,"Pharaoh Sanakht","https://www.youtube.com/watch?v=mh7e4GuWsMI",,,,,,,2025-06-23T23:09:16.879Z,2025-06-23T23:09:16.879Z
982,,"Pharaoh Khaba and the Layer Pyramid (c. 2640-2637 BC)","https://www.youtube.com/watch?v=aIsuXlVq8LY&t=16s",,,,,,,2025-06-23T23:09:16.884Z,2025-06-23T23:09:16.884Z
983,,"Pharaoh Huni (c. 2637-2613 BC)","https://www.youtube.com/watch?v=VBqDY_mX1rE",,,,,,,2025-06-23T23:09:16.890Z,2025-06-23T23:09:16.890Z
984,,"The Step Pyramid","https://www.youtube.com/watch?v=6TLE_GVQaqo",,,,,,,2025-06-23T23:09:16.895Z,2025-06-23T23:09:16.895Z
985,,"Pharaoh Djoser (c. 2686-2648 BC)","https://www.youtube.com/watch?v=6Ul2zNIKd4o",,,,,,,2025-06-23T23:09:16.902Z,2025-06-23T23:09:16.902Z
938,,"Pharaoh Khasekhemwy (c. 2690 BC)","https://www.youtube.com/watch?v=u2RoFs-QweQ",,,,,,,2025-06-23T23:09:16.907Z,2025-06-23T23:09:16.907Z
986,,"Pharaoh Peribsen (c. 2740 BC)","https://www.youtube.com/watch?v=BZsKV5Q_E0s",,,,,,,2025-06-23T23:09:16.912Z,2025-06-23T23:09:16.912Z
987,,"The Vague 2nd Dynasty Pharaohs","https://www.youtube.com/watch?v=xkvvnXcD324",,,,,,,2025-06-23T23:09:16.922Z,2025-06-23T23:09:16.922Z
988,,"Pharaoh Hotepsekhemwy (c. 2890 BC)","https://www.youtube.com/watch?v=YM006Eszfwk",,,,,,,2025-06-23T23:09:16.928Z,2025-06-23T23:09:16.928Z
989,,"The Second Dynasty of Egypt","https://www.youtube.com/watch?v=wPZWFl2xXwg",,,,,,,2025-06-23T23:09:16.933Z,2025-06-23T23:09:16.933Z
990,,"Pharaoh Qa'a (2910 BC)","https://www.youtube.com/watch?v=p85UO0Nulf8",,,,,,,2025-06-23T23:09:16.940Z,2025-06-23T23:09:16.940Z
991,,"Pharaoh Semerkhet (c. 2920 BC)","https://www.youtube.com/watch?v=L76TUeuRlg4",,,,,,,2025-06-23T23:09:16.945Z,2025-06-23T23:09:16.945Z
992,,"Pharaoh Anedjib (c. 2930 BC)","https://www.youtube.com/watch?v=3RJM5tF1evc",,,,,,,2025-06-23T23:09:16.951Z,2025-06-23T23:09:16.951Z
993,,"Queen Merneith & Pharaoh Den (c. 2970 BC)","https://www.youtube.com/watch?v=ogTRn_XSfoc",,,,,,,2025-06-23T23:09:16.957Z,2025-06-23T23:09:16.957Z
994,,"Pharaoh Djet (c. 2980 BC)","https://www.youtube.com/watch?v=PybtuPm9gGA",,,,,,,2025-06-23T23:09:16.962Z,2025-06-23T23:09:16.962Z
995,,"Pharaoh Djer (c. 3000 BC)","https://www.youtube.com/watch?v=crnIgohcHFc",,,,,,,2025-06-23T23:09:16.968Z,2025-06-23T23:09:16.968Z
996,,"Queen Neithotep (c. 3050 BC)","https://www.youtube.com/watch?v=-uWMSNXddto",,,,,,,2025-06-23T23:09:16.973Z,2025-06-23T23:09:16.973Z
997,,"Pharaoh Hor-Aha (c. 3050 BC)","https://www.youtube.com/watch?v=IbwZ7OSqYK8",,,,,,,2025-06-23T23:09:16.979Z,2025-06-23T23:09:16.979Z
998,,"The Most Powerful Pharaoh | Seti I and The Treasure Tomb | History Profiles","https://www.youtube.com/watch?v=YpyxQEKlQIk",,,,,,,2025-06-23T23:09:16.987Z,2025-06-23T23:09:16.987Z
999,,"The Mummification of Seti I | Ultimate Treasure Countdown","https://www.youtube.com/watch?v=j3muojXAa34&pp=ygUOUGhhb3JhaCBTZXRpIEk%3D",,,,,,,2025-06-23T23:09:16.995Z,2025-06-23T23:09:16.995Z
1000,,"Khufu - The Pharaoh Who Built the Great Pyramid Documentary","https://www.youtube.com/watch?v=hQZ2eW0HqI4",,,,,,,2025-06-23T23:09:17.004Z,2025-06-23T23:09:17.004Z
1001,,"The Dashur Pyramid : An Incredible Discovery | FULL DOCUMENTARY","https://www.youtube.com/watch?v=abRhoGfUA7g",,,,,,,2025-06-23T23:09:17.014Z,2025-06-23T23:09:17.014Z
1002,,"The Greatest Kings of Mesopotamia | Ashurbanipal ΓÇó Nebuchadnezzar II ΓÇó Cyrus II","https://www.youtube.com/watch?v=rG04c7IEIv8",,,,,,,2025-06-23T23:09:17.019Z,2025-06-23T23:09:17.019Z
1003,,"The Greatest Queens of Egypt | Sobekneferu ΓÇó Hatshepsut ΓÇó Nefertiti","https://www.youtube.com/watch?v=03v-g2-oZrg",,,,,,,2025-06-23T23:09:17.025Z,2025-06-23T23:09:17.025Z
1004,,"The Wealthiest Pharaoh | Amenhotep III | Ancient Egypt Documentary","https://www.youtube.com/watch?v=j5Oua9WNo8c",,,,,,,2025-06-23T23:09:17.030Z,2025-06-23T23:09:17.030Z
1005,,"The Lawgiver of Athens | Draco | Ancient Greece Documentary","https://www.youtube.com/watch?v=sqOxqv_yIzE",,,,,,,2025-06-23T23:09:17.036Z,2025-06-23T23:09:17.036Z
1006,,"The Lawgiver of Sparta | Lycurgus | Ancient Greece Documentary","https://www.youtube.com/watch?v=zfC1ZnTKOJU",,,,,,,2025-06-23T23:09:17.040Z,2025-06-23T23:09:17.040Z
1007,,"The First Persian Pharaoh | Cambyses II | Achaemenid Empire Documentary","https://www.youtube.com/watch?v=pXOjOcTqU5w",,,,,,,2025-06-23T23:09:17.044Z,2025-06-23T23:09:17.044Z
1008,,"The Greatest King of Persia | Cyrus the Great | Achaemenid Empire Documentary","https://www.youtube.com/watch?v=CMc1rF8u4ro",,,,,,,2025-06-23T23:09:17.050Z,2025-06-23T23:09:17.050Z
1009,,"The First Female Pharaoh | Sobekneferu | Ancient Egypt Documentary","https://www.youtube.com/watch?v=TaI3MawgKNE",,,,,,,2025-06-23T23:09:17.055Z,2025-06-23T23:09:17.055Z
1010,,"The Greatest King of Babylon | Nebuchadnezzar II | Ancient Mesopotamia Documentary","https://www.youtube.com/watch?v=WX4sTXOKRcY",,,,,,,2025-06-23T23:09:17.059Z,2025-06-23T23:09:17.059Z
1011,,"The Cruelest King of Assyria | Ashurbanipal | Ancient Mesopotamia Documentary","https://www.youtube.com/watch?v=LOCm2G0R4PY",,,,,,,2025-06-23T23:09:17.065Z,2025-06-23T23:09:17.065Z
1012,,"The Greatest Pharaoh | Ramesses II | Ancient Egypt Documentary","https://www.youtube.com/watch?v=TeESSvut5xA",,,,,,,2025-06-23T23:09:17.071Z,2025-06-23T23:09:17.071Z
1013,,"The Most Hated Female Pharaoh | Nefertiti | Ancient Egypt Documentary","https://www.youtube.com/watch?v=bLWD3bVhSbM",,,,,,,2025-06-23T23:09:17.076Z,2025-06-23T23:09:17.076Z
1014,,"The Most Hated Pharaoh | Akhenaten | Ancient Egypt Documentary","https://www.youtube.com/watch?v=Gdcu2g5uM7o",,,,,,,2025-06-23T23:09:17.081Z,2025-06-23T23:09:17.081Z
1015,,"The Deadliest Pharaoh | Thutmose III | Ancient Egypt Documentary","https://www.youtube.com/watch?v=-2XS3vmVGjU",,,,,,,2025-06-23T23:09:17.086Z,2025-06-23T23:09:17.086Z
1016,,"The Greatest Female Pharaoh | Hatshepsut | Ancient Egypt Documentary","https://www.youtube.com/watch?v=L_A8B_MdAdY",,,,,,,2025-06-23T23:09:17.092Z,2025-06-23T23:09:17.092Z
1017,,"The First Emperor of Babylon | Hammurabi | Ancient Mesopotamia Documentary","https://www.youtube.com/watch?v=jPn-Lxuilw4",,,,,,,2025-06-23T23:09:17.098Z,2025-06-23T23:09:17.098Z
1018,,"The Greatest King of Akkad | Sargon | Ancient Mesopotamia Documentary","https://www.youtube.com/watch?v=kkSwK59CwF8",,,,,,,2025-06-23T23:09:17.103Z,2025-06-23T23:09:17.103Z
1019,,"The First Pyramid Builder | Imhotep | Ancient Egypt Documentary","https://www.youtube.com/watch?v=gpL5TgIRukQ",,,,,,,2025-06-23T23:09:17.108Z,2025-06-23T23:09:17.108Z
1020,,"Imhotep ΓÇô The Powerful Priest Who Became a God ΓÇô Ancient Egypt History","https://www.youtube.com/watch?v=3ni5_yY9Zcs&pp=ygUHaW1ob3RlcA%3D%3D",,,,,,,2025-06-23T23:09:17.113Z,2025-06-23T23:09:17.113Z
1021,,"The Inventor of the First Pyramid | Lost Treasures of Egypt","https://www.youtube.com/watch?v=brMc05lOIFg",,,,,,,2025-06-23T23:09:17.122Z,2025-06-23T23:09:17.122Z
1022,,"The Step Pyramid of Djoser, an Architectural Revolution I SLICE HISTORY | FULL DOCUMENTARY","https://www.youtube.com/watch?v=bea0SAtASPo",,,,,,,2025-06-23T23:09:17.127Z,2025-06-23T23:09:17.127Z
1023,,"Giant Ancient Bells: Their Otherworldly Purpose | AE Highlights","https://www.youtube.com/watch?v=BBNfil5j9fE",,,,,,,2025-06-23T23:09:17.132Z,2025-06-23T23:09:17.132Z
1024,,"Unraveling the Mystery of the Kingdom of Zeng","https://www.youtube.com/watch?v=8yfnKsD5gPI",,,,,,,2025-06-23T23:09:17.136Z,2025-06-23T23:09:17.136Z
1025,,"Trove of Ancient Silk Manuscripts Found at Mawangdui!","https://www.youtube.com/watch?v=Md8uUCbeKGA",,,,,,,2025-06-23T23:09:17.141Z,2025-06-23T23:09:17.141Z
1026,,"An Ancient Assyrian STAR MAP","https://www.youtube.com/watch?v=TT5yYEQB2gY",,,,,,,2025-06-23T23:09:17.145Z,2025-06-23T23:09:17.145Z
1027,,"Changsha: Secrets of a Forgotten Kingdom","https://www.youtube.com/watch?v=WhYkO89ZOtA",,,,,,,2025-06-23T23:09:17.150Z,2025-06-23T23:09:17.150Z
1028,,"When Archaeologists Were Wrong About TROY | ATG Highlights","https://www.youtube.com/watch?v=eO5LlqSbDwY",,,,,,,2025-06-23T23:09:17.155Z,2025-06-23T23:09:17.155Z
1029,,"In Search of the Lost Capital of Mitanni","https://www.youtube.com/watch?v=86ndZ9dZCdY",,,,,,,2025-06-23T23:09:17.159Z,2025-06-23T23:09:17.159Z
1030,,"The Actual Church of Laodicea from the BOOK OF REVELATION","https://www.youtube.com/watch?v=F1gLtn9gUF4",,,,,,,2025-06-23T23:09:17.164Z,2025-06-23T23:09:17.164Z
1031,,"What's at the site of Troy? All revealed here.","https://www.youtube.com/watch?v=4gJY0fbwECU",,,,,,,2025-06-23T23:09:17.168Z,2025-06-23T23:09:17.168Z
1033,,"Uncovering Ancient Secrets: Inside the Mysterious Ruins of Two Cities Devastated by Earthquakes!","https://www.youtube.com/watch?v=BmZb2Y3dbDE",,,,,,,2025-06-23T23:09:17.173Z,2025-06-23T23:09:17.173Z
1034,,"Roman Nymphaea: The Ancient Luxury You Never Knew Existed! | ATG Highlights","https://www.youtube.com/watch?v=5zWPfqrvPKo",,,,,,,2025-06-23T23:09:17.178Z,2025-06-23T23:09:17.178Z
1035,,"Ephesus: The History Behind the Ruins","https://www.youtube.com/watch?v=cRz8vTFZkGE",,,,,,,2025-06-23T23:09:17.183Z,2025-06-23T23:09:17.183Z
1036,,"Ancient Sarcophagi that Will Blow Your Mind | ATG Highlights","https://www.youtube.com/watch?v=URLKXaIc9D4",,,,,,,2025-06-23T23:09:17.187Z,2025-06-23T23:09:17.187Z
1037,,"The Second Greatest Oracle in the Ancient Mediterranean World","https://www.youtube.com/watch?v=G-fvGIuOX64",,,,,,,2025-06-23T23:09:17.192Z,2025-06-23T23:09:17.192Z
1038,,"Was Homer a Real Person?","https://www.youtube.com/watch?v=rzeVzYEQvxI&t=314s",,,,,,,2025-06-23T23:09:17.196Z,2025-06-23T23:09:17.196Z
1039,,"How Accurate are Indian King Lists? | Myths Highlights","https://www.youtube.com/watch?v=vOV3d4uPz78",,,,,,,2025-06-23T23:09:17.201Z,2025-06-23T23:09:17.201Z
1040,,"An Exploratory History of Ancient Lycia","https://www.youtube.com/watch?v=Wv1YK78RKUY",,,,,,,2025-06-23T23:09:17.206Z,2025-06-23T23:09:17.206Z
1041,,"How Accurate is Berossus' Sumerian King List? | Myths Highlights","https://www.youtube.com/watch?v=UxUy6R5xDEI",,,,,,,2025-06-23T23:09:17.210Z,2025-06-23T23:09:17.210Z
1042,,"Was Derinkuyu Built for Defense? | ATG Highlights","https://www.youtube.com/watch?v=V95j_JBw6pk",,,,,,,2025-06-23T23:09:17.215Z,2025-06-23T23:09:17.215Z
1043,,"An Amazing ANCIENT CITY You've Probably Never Heard Of","https://www.youtube.com/watch?v=UTTQkCY80Xc",,,,,,,2025-06-23T23:09:17.219Z,2025-06-23T23:09:17.219Z
1044,,"The Largest Hittite Monument Ever Found | ATG Highlights","https://www.youtube.com/watch?v=xEapXt3ShKI",,,,,,,2025-06-23T23:09:17.241Z,2025-06-23T23:09:17.241Z
1045,,"The Lost Roman Legion | Possible Explanations","https://www.youtube.com/watch?v=mLD6gwdcAzU",,,,,,,2025-06-23T23:09:17.246Z,2025-06-23T23:09:17.246Z
1046,,"How We Found Augustus Caesar's Autobiography | ATG Highlights","https://www.youtube.com/watch?v=VTWzZ59rHd8",,,,,,,2025-06-23T23:09:17.250Z,2025-06-23T23:09:17.250Z
1047,,"Cities in Anatolia that Held Out Against Alexander the Great","https://www.youtube.com/watch?v=cVYIqtLaEOU",,,,,,,2025-06-23T23:09:17.254Z,2025-06-23T23:09:17.254Z
1048,,"Who Was Buried in the Royal Tombs of Ur?","https://www.youtube.com/watch?v=ZrjZAWCr_XY",,,,,,,2025-06-23T23:09:17.259Z,2025-06-23T23:09:17.259Z
1049,,"Was Taxila the site of the world's oldest university? | Myths Highlights","https://www.youtube.com/watch?v=rcTh4u7ZD0w",,,,,,,2025-06-23T23:09:17.263Z,2025-06-23T23:09:17.263Z
1050,,"The Extinct Sidetic People of Ancient Anatolia","https://www.youtube.com/watch?v=95PQzT15eGU",,,,,,,2025-06-23T23:09:17.268Z,2025-06-23T23:09:17.268Z
1051,,"Why did the Egyptians Make More Stone Vases in the Old Kingdom? | Myths Highlights","https://www.youtube.com/watch?v=7b_l_H2X3E8",,,,,,,2025-06-23T23:09:17.273Z,2025-06-23T23:09:17.273Z
1052,,"What is in the UNDERGROUND LABYRINTH of Derinkuyu?","https://www.youtube.com/watch?v=MhM2Biy5DNQ",,,,,,,2025-06-23T23:09:17.278Z,2025-06-23T23:09:17.278Z
1053,,"How the Romans Supplied Constantinople with Water | ATG Highlights","https://www.youtube.com/watch?v=kMWcg1Ksgws",,,,,,,2025-06-23T23:09:17.283Z,2025-06-23T23:09:17.283Z
1054,,"The Final Remains of the GREAT LIBRARY of Alexandria | ATG Highlights","https://www.youtube.com/watch?v=K5z6AmNrZl0",,,,,,,2025-06-23T23:09:17.288Z,2025-06-23T23:09:17.288Z
1055,,"Inside the GRANITE SEPULCHRE of the LAHUN PYRAMID | ATG Highlights","https://www.youtube.com/watch?v=Qaran-52vIU",,,,,,,2025-06-23T23:09:17.292Z,2025-06-23T23:09:17.292Z
1056,,"Yes, the SARASWATI River did exist after 2000 BCE | Myths Highlights","https://www.youtube.com/watch?v=vIbbgCMvUp8",,,,,,,2025-06-23T23:09:17.297Z,2025-06-23T23:09:17.297Z
1057,,"The AMAZING RUINS of the HITTITES","https://www.youtube.com/watch?v=kZ2eYlh_97U",,,,,,,2025-06-23T23:09:17.301Z,2025-06-23T23:09:17.301Z
1058,,"The GREAT ACROPOLIS of Ek Balaam | ATG Highlights","https://www.youtube.com/watch?v=A44WrGTcSB4",,,,,,,2025-06-23T23:09:17.306Z,2025-06-23T23:09:17.306Z
1059,,"LOST CITY of the PHRYGIANS","https://www.youtube.com/watch?v=C4ifa2afYLE",,,,,,,2025-06-23T23:09:17.310Z,2025-06-23T23:09:17.310Z
1060,,"The RUINS of CONSTANTINOPLE","https://www.youtube.com/watch?v=7imZrcwOm1w",,,,,,,2025-06-23T23:09:17.315Z,2025-06-23T23:09:17.315Z
1061,,"How Perfect is the Great Pyramid of Giza? | Myths Highlights","https://www.youtube.com/watch?v=og30tfsco24",,,,,,,2025-06-23T23:09:17.321Z,2025-06-23T23:09:17.321Z
1062,,"The Age of INDIA'S OLDEST BOOK: What They Won't Tell You","https://www.youtube.com/watch?v=ZvTlJDWG0lM",,,,,,,2025-06-23T23:09:17.326Z,2025-06-23T23:09:17.326Z
1063,,"In Search of the GREAT LIBRARY of ALEXANDRIA","https://www.youtube.com/watch?v=rsthgV2OKDU",,,,,,,2025-06-23T23:09:17.330Z,2025-06-23T23:09:17.330Z
1064,,"The MYSTERIOUS ORIGINS of the SEA PEOPLES","https://www.youtube.com/watch?v=NPeyWGWf3tc",,,,,,,2025-06-23T23:09:17.335Z,2025-06-23T23:09:17.335Z
1065,,"When Romans Moved Obelisks","https://www.youtube.com/watch?v=Um-F4r_Mf_M",,,,,,,2025-06-23T23:09:17.339Z,2025-06-23T23:09:17.339Z
1066,,"Secrets of Egypt's Lost Labyrinth Revealed! | Lahun and Hawara","https://www.youtube.com/watch?v=VI87KOkAY3I",,,,,,,2025-06-23T23:09:17.344Z,2025-06-23T23:09:17.344Z
1067,,"The Ancient Maya King Who Had a Beard and Face Tattoo | ATG Highlights","https://www.youtube.com/watch?v=g_hxe1h0AFA",,,,,,,2025-06-23T23:09:17.349Z,2025-06-23T23:09:17.349Z
1068,,"The World's Oldest Intact Granite Sarcophagus","https://www.youtube.com/watch?v=S8J-Yph8TSg",,,,,,,2025-06-23T23:09:17.354Z,2025-06-23T23:09:17.354Z
1069,,"City of the Heretic King of Egypt","https://www.youtube.com/watch?v=sLj1Ce74WxY",,,,,,,2025-06-23T23:09:17.358Z,2025-06-23T23:09:17.358Z
1070,,"How Pyramid Complexes Improved AFTER GIZA","https://www.youtube.com/watch?v=iw4aXNMEXeU",,,,,,,2025-06-23T23:09:17.362Z,2025-06-23T23:09:17.362Z
1071,,"The Strange Death of Attila the Hun","https://www.youtube.com/watch?v=22LPKVgihH4",,,,,,,2025-06-23T23:09:17.367Z,2025-06-23T23:09:17.367Z
1072,,"The Largest Megalithic Stone Circle IN THE WORLD | ATG Highlights","https://www.youtube.com/watch?v=x39aX-SsXjw",,,,,,,2025-06-23T23:09:17.372Z,2025-06-23T23:09:17.372Z
1073,,"Why the Head of the Sphinx is Too Small for the Body | ATG Highlights","https://www.youtube.com/watch?v=qw2yPRIhEso",,,,,,,2025-06-23T23:09:17.377Z,2025-06-23T23:09:17.377Z
1074,,"What Language Did the Indus Valley Civilization Speak?","https://www.youtube.com/watch?v=teMP5m0Aubo",,,,,,,2025-06-23T23:09:17.382Z,2025-06-23T23:09:17.382Z
1075,,"Where is the Body of Akhenaten? | Lost Pharaoh of Egypt's 18th Dynasty","https://www.youtube.com/watch?v=ML4N4JZtbA8",,,,,,,2025-06-23T23:09:17.387Z,2025-06-23T23:09:17.387Z
1076,,"How the GREAT PYRAMID was Aligned to True North | ATG Highlights","https://www.youtube.com/watch?v=24NjjRFL9Zc",,,,,,,2025-06-23T23:09:17.391Z,2025-06-23T23:09:17.391Z
1077,,"The Ancient Maya Ball Game Explained in 5 Minutes","https://www.youtube.com/watch?v=R1ab4dT2xkk",,,,,,,2025-06-23T23:09:17.396Z,2025-06-23T23:09:17.396Z
1078,,"The Greatest Pyramid Builder in History (Not Khufu)","https://www.youtube.com/watch?v=C4hoKqRXfZk",,,,,,,2025-06-23T23:09:17.401Z,2025-06-23T23:09:17.401Z
1079,,"BOUDICA ATTACKS Roman Verulamium | ATG Highlights","https://www.youtube.com/watch?v=RjWQj4nSi2c",,,,,,,2025-06-23T23:09:17.405Z,2025-06-23T23:09:17.405Z
1080,,"The MYSTERY of the NINE CAULDRONS of Ancient China","https://www.youtube.com/watch?v=YkYRO-cCdOQ",,,,,,,2025-06-23T23:09:17.410Z,2025-06-23T23:09:17.410Z
1081,,"Who Made the Stone Boxes in the Serapeum of Saqqara? | ATG Highlights","https://www.youtube.com/watch?v=bop_AMJno64",,,,,,,2025-06-23T23:09:17.415Z,2025-06-23T23:09:17.415Z
1082,,"The Pyramid of Unas | ATG Highlights","https://www.youtube.com/watch?v=O8pOzD0rXXI",,,,,,,2025-06-23T23:09:17.420Z,2025-06-23T23:09:17.420Z
1083,,"Are there any more ROYAL TOMBS to be found in Egypt?","https://www.youtube.com/watch?v=KZtfwz3Xslc",,,,,,,2025-06-23T23:09:17.425Z,2025-06-23T23:09:17.425Z
1084,,"The OLDEST Colossal Building in Egypt | ATG Highlights","https://www.youtube.com/watch?v=e-KxbvIL0uE",,,,,,,2025-06-23T23:09:17.433Z,2025-06-23T23:09:17.433Z
1085,,"Decoding the CODE of HAMMURABI","https://www.youtube.com/watch?v=TXyMN9bGe0I",,,,,,,2025-06-23T23:09:17.437Z,2025-06-23T23:09:17.437Z
1086,,"The Astonishing PYRAMIDS of ABUSIR","https://www.youtube.com/watch?v=fricnw2q3j4",,,,,,,2025-06-23T23:09:17.452Z,2025-06-23T23:09:17.452Z
1087,,"Ancient Egypt's MOST AMAZING Artifacts!","https://www.youtube.com/watch?v=NVdYgbV5HjI",,,,,,,2025-06-23T23:09:17.457Z,2025-06-23T23:09:17.457Z
1088,,"The Only Intact Royal Tomb Ever Found in Egypt | ATG Highlights","https://www.youtube.com/watch?v=doSYa_luskI",,,,,,,2025-06-23T23:09:17.467Z,2025-06-23T23:09:17.467Z
1089,,"ANCIENT STONE CRAFT TECHNOLOGY: What Tools Did They Use?","https://www.youtube.com/watch?v=L3A_kItgymQ",,,,,,,2025-06-23T23:09:17.482Z,2025-06-23T23:09:17.482Z
1090,,"Bubastis: Ancient Egypt's City of Cats | ATG Highlights","https://www.youtube.com/watch?v=fIkCmQvjgZ0",,,,,,,2025-06-23T23:09:17.512Z,2025-06-23T23:09:17.512Z
1091,,"Who Made the Pyramids? | GIZA UNCOVERED","https://www.youtube.com/watch?v=PHQkREcbcOE",,,,,,,2025-06-23T23:09:17.565Z,2025-06-23T23:09:17.565Z
1092,,"Exploring the Mysterious Underground World of Saqqara","https://www.youtube.com/watch?v=Zd8AN9Vwiiw",,,,,,,2025-06-23T23:09:17.576Z,2025-06-23T23:09:17.576Z
1093,,"Cocaine Mummies | Everything You Need to Know","https://www.youtube.com/watch?v=M2YxcK-20XM",,,,,,,2025-06-23T23:09:17.582Z,2025-06-23T23:09:17.582Z
1094,,"GENESIS of the PYRAMIDS | Saqqara Unveiled","https://www.youtube.com/watch?v=04DMbhM2NjA&t=1s",,,,,,,2025-06-23T23:09:17.598Z,2025-06-23T23:09:17.598Z
1095,,"Secrets of the Libyan Pharaohs","https://www.youtube.com/watch?v=hnoVXuvIX6o",,,,,,,2025-06-23T23:09:17.616Z,2025-06-23T23:09:17.616Z
1096,,"Who Made the BARABAR CAVES?","https://www.youtube.com/watch?v=on6W7p4xcdg",,,,,,,2025-06-23T23:09:17.621Z,2025-06-23T23:09:17.621Z
1097,,"The Lost Civilization of Tartessos","https://www.youtube.com/watch?v=5K5-XAK6Vls",,,,,,,2025-06-23T23:09:17.626Z,2025-06-23T23:09:17.626Z
1098,,"The ""Caste"" System of India - Was it Based Originally on Skin Color?","https://www.youtube.com/watch?v=NU3Zfuomlx8",,,,,,,2025-06-23T23:09:17.631Z,2025-06-23T23:09:17.631Z
1099,,"White Gods in the New World? | Quetzalcoatl and Viracocha","https://www.youtube.com/watch?v=dqd1hEQ1Fos",,,,,,,2025-06-23T23:09:17.637Z,2025-06-23T23:09:17.637Z
1100,,"The GOLDEN MUMMY of Isaious","https://www.youtube.com/watch?v=KtWdfsHcpDo",,,,,,,2025-06-23T23:09:17.641Z,2025-06-23T23:09:17.641Z
1101,,"The Age of Tiwanaku: What They Aren't Telling You","https://www.youtube.com/watch?v=rxIiDwngvVQ",,,,,,,2025-06-23T23:09:17.646Z,2025-06-23T23:09:17.646Z
1102,,"The Oldest Books in the World","https://www.youtube.com/watch?v=pGa5u59KD6Q",,,,,,,2025-06-23T23:09:17.650Z,2025-06-23T23:09:17.650Z
1103,,"The SWORD OF GOUJIAN","https://www.youtube.com/watch?v=1fpgSnIOby4",,,,,,,2025-06-23T23:09:17.655Z,2025-06-23T23:09:17.655Z
1104,,"The UNFINISHED OBELISK of Ancient Egypt","https://www.youtube.com/watch?v=wP6Dys2RB0M",,,,,,,2025-06-23T23:09:17.659Z,2025-06-23T23:09:17.659Z
1105,,"Law Enforcement in the Ancient World","https://www.youtube.com/watch?v=dFXx3C2F1iU",,,,,,,2025-06-23T23:09:17.664Z,2025-06-23T23:09:17.664Z
1106,,"THE MENKAURE DYAD","https://www.youtube.com/watch?v=Hxw5PYPJi-E",,,,,,,2025-06-23T23:09:17.673Z,2025-06-23T23:09:17.673Z
1107,,"When did SANSKRIT appear in India? | The GENETIC Evidence","https://www.youtube.com/watch?v=NQX5LlJ7YXg",,,,,,,2025-06-23T23:09:17.677Z,2025-06-23T23:09:17.677Z
1108,,"THE STATUE OF EBIH-IL","https://www.youtube.com/watch?v=MUpb2l5lWOk",,,,,,,2025-06-23T23:09:17.682Z,2025-06-23T23:09:17.682Z
1109,,"How the Hittites Got Their Name","https://www.youtube.com/watch?v=lPIG1FkKOi8",,,,,,,2025-06-23T23:09:17.686Z,2025-06-23T23:09:17.686Z
1110,,"The PHAISTOS DISK","https://www.youtube.com/watch?v=bA9AwIDjGY4",,,,,,,2025-06-23T23:09:17.691Z,2025-06-23T23:09:17.691Z
1111,,"Egypt's Lost Labyrinth","https://www.youtube.com/watch?v=dzvfiutSDsE",,,,,,,2025-06-23T23:09:17.696Z,2025-06-23T23:09:17.696Z
1112,,"The ANTIKYTHERA MECHANISM","https://www.youtube.com/watch?v=idVf2eJxcXU",,,,,,,2025-06-23T23:09:17.700Z,2025-06-23T23:09:17.700Z
1113,,"The SUMERIAN KING LIST","https://www.youtube.com/watch?v=xQx0vSYzKfg",,,,,,,2025-06-23T23:09:17.705Z,2025-06-23T23:09:17.705Z
1114,,"When Did the Mahabharata War Happen? by Nilesh Nilkanth Oak","https://www.youtube.com/watch?v=H938WMKikrI",,,,,,,2025-06-23T23:09:17.709Z,2025-06-23T23:09:17.709Z
1115,,"GREAT PYRAMID Number Magic | Tricks People Play","https://www.youtube.com/watch?v=qdpKTe-m7Jw",,,,,,,2025-06-23T23:09:17.714Z,2025-06-23T23:09:17.714Z
1116,,"Atlantis FLOOD MYTH at the EDFU TEMPLE?","https://www.youtube.com/watch?v=pYYktjXlEK8",,,,,,,2025-06-23T23:09:17.719Z,2025-06-23T23:09:17.719Z
1117,,"The BRONZE AGE COLLAPSE | 1177 BC by Eric Cline","https://www.youtube.com/watch?v=n4or7FFTySo",,,,,,,2025-06-23T23:09:17.724Z,2025-06-23T23:09:17.724Z
1118,,"SACSAYHUAMAN - How They Did It | Polygonal Masonry","https://www.youtube.com/watch?v=_5AplOCegMA",,,,,,,2025-06-23T23:09:17.729Z,2025-06-23T23:09:17.729Z
1119,,"Is the JESUS Story PLAGIARIZED from Pagan Myths?","https://www.youtube.com/watch?v=KdNZtduV2AY",,,,,,,2025-06-23T23:09:17.735Z,2025-06-23T23:09:17.735Z
1120,,"How Common were WOMEN WARRIORS in Antiquity?","https://www.youtube.com/watch?v=wvxC12fTdcg",,,,,,,2025-06-23T23:09:17.740Z,2025-06-23T23:09:17.740Z
1121,,"How Much Did Ancient People Value Human Life?","https://www.youtube.com/watch?v=xyHeLYt68V8&t=25s",,,,,,,2025-06-23T23:09:17.745Z,2025-06-23T23:09:17.745Z
1122,,"How ROME Began | Kathryn Lomas: The Rise of Rome | Book Review","https://www.youtube.com/watch?v=iH_2HoXIbCo",,,,,,,2025-06-23T23:09:17.750Z,2025-06-23T23:09:17.750Z
1123,,"Did the Buddha Exist?","https://www.youtube.com/watch?v=m7wFDxZj1oI",,,,,,,2025-06-23T23:09:17.754Z,2025-06-23T23:09:17.754Z
1124,,"When Did Roman Slavery End?","https://www.youtube.com/watch?v=_LxYGhr5EAA",,,,,,,2025-06-23T23:09:17.759Z,2025-06-23T23:09:17.759Z
1125,,"Do we know more about ancient civilizations at their centers?","https://www.youtube.com/watch?v=X1m3AYvMSCM",,,,,,,2025-06-23T23:09:17.763Z,2025-06-23T23:09:17.763Z
1126,,"Deciphering the HIEROGLYPHS of TEOTIHUACAN | Tatiana Valdez Interview","https://www.youtube.com/watch?v=Ec4_Gw41BVU",,,,,,,2025-06-23T23:09:17.768Z,2025-06-23T23:09:17.768Z
1127,,"Who was Hermes Trismegistus? | The Hermetica Explained","https://www.youtube.com/watch?v=Kae-_pq7jU8&t=206s",,,,,,,2025-06-23T23:09:17.772Z,2025-06-23T23:09:17.772Z
1128,,"DWARKA: The Sunken City of Krishna","https://www.youtube.com/watch?v=5cX_IF5YFo4",,,,,,,2025-06-23T23:09:17.777Z,2025-06-23T23:09:17.777Z
1032,,"Coba and the MAYA BALL GAME","https://www.youtube.com/watch?v=TKil8_h-FUY",,,,,,,2025-06-23T23:09:17.781Z,2025-06-23T23:09:17.781Z
1129,,"Mysteries of Ancient Chacchoben | Plus Bacalar, and the Gran Cenote of Tulum","https://www.youtube.com/watch?v=9ag4cF5yf6M",,,,,,,2025-06-23T23:09:17.786Z,2025-06-23T23:09:17.786Z
1130,,"MAYAN WARFARE: Caracol vs. its Enemies | Cahal Pech and the Cave of the Dead","https://www.youtube.com/watch?v=GTJhWQUIWoU",,,,,,,2025-06-23T23:09:17.791Z,2025-06-23T23:09:17.791Z
1131,,"AMAZING RELIEFS Found Near Ancient Assyrian Aqueduct | Daniele Morandi Interview","https://www.youtube.com/watch?v=E6jaS6LrWg4",,,,,,,2025-06-23T23:09:17.795Z,2025-06-23T23:09:17.795Z
1132,,"3,400 year old BALL COURT discovered in Mexico | Jeffrey Blomster Interview","https://www.youtube.com/watch?v=yUwQAnCEexU",,,,,,,2025-06-23T23:09:17.800Z,2025-06-23T23:09:17.800Z
1133,,"The LONGEST INHABITED CITY in the ancient MAYA world | Exploring LAMANAI","https://www.youtube.com/watch?v=wxlYjAk_7WM",,,,,,,2025-06-23T23:09:17.805Z,2025-06-23T23:09:17.805Z
1134,,"Rise of the SNAKE DYNASTY in the Yucatan | The Ruins of Dzibanche and Kohunlich","https://www.youtube.com/watch?v=okzAkrGZImY",,,,,,,2025-06-23T23:09:17.809Z,2025-06-23T23:09:17.809Z
1135,,"Baalbek: Mystery of the Trilithon Stones","https://www.youtube.com/watch?v=QUiNoAgijpc",,,,,,,2025-06-23T23:09:17.814Z,2025-06-23T23:09:17.814Z
1136,,"CALAKMUL: Secrets of a LOST EMPIRE","https://www.youtube.com/watch?v=WzFNc6lVTWM",,,,,,,2025-06-23T23:09:17.818Z,2025-06-23T23:09:17.818Z
1137,,"Forgotten Cities of Campeche: BECAN and XPUHIL","https://www.youtube.com/watch?v=5332Lq8-VpU",,,,,,,2025-06-23T23:09:17.826Z,2025-06-23T23:09:17.826Z
1138,,"The ANCIENT MAYA cities of KABAH and SAYIL | Exploring the Temple of King Chac Xib Chaac","https://www.youtube.com/watch?v=ngm9Ak7Qs58",,,,,,,2025-06-23T23:09:17.834Z,2025-06-23T23:09:17.834Z
1139,,"The Wonders of UXMAL: Best-preserved Mayan city in the Yucatan","https://www.youtube.com/watch?v=ziFsld8mUSg",,,,,,,2025-06-23T23:09:17.842Z,2025-06-23T23:09:17.842Z
1140,,"Roman Canterbury","https://www.youtube.com/watch?v=4Ne8fF6Nj4A",,,,,,,2025-06-23T23:09:17.849Z,2025-06-23T23:09:17.849Z
1141,,"The Roman Fort Under Portchester Castle","https://www.youtube.com/watch?v=7EmAMbPDhEs",,,,,,,2025-06-23T23:09:17.854Z,2025-06-23T23:09:17.854Z
1142,,"STONEHENGE and AVEBURY: What Were They For?","https://www.youtube.com/watch?v=PNnc1YYJL1A",,,,,,,2025-06-23T23:09:17.859Z,2025-06-23T23:09:17.859Z
1143,,"Indo-Aryan Migration: In or Out of India?","https://www.youtube.com/watch?v=h-xntpWhLCs",,,,,,,2025-06-23T23:09:17.865Z,2025-06-23T23:09:17.865Z
1144,,"Roman COMBAT TRAINING at Isca Augusta Fortress","https://www.youtube.com/watch?v=9PVOobINwNI",,,,,,,2025-06-23T23:09:17.869Z,2025-06-23T23:09:17.869Z
1145,,"Did Civilization Begin in India?","https://www.youtube.com/watch?v=ZqPYQYpc2_I",,,,,,,2025-06-23T23:09:17.875Z,2025-06-23T23:09:17.875Z
1146,,"How much did THE SUMERIANS know about our SOLAR SYSTEM?","https://www.youtube.com/watch?v=9Sch8CYWjtc",,,,,,,2025-06-23T23:09:17.880Z,2025-06-23T23:09:17.880Z
1147,,"The Abandoned City of Viroconium: Home of the WEREWOLF?","https://www.youtube.com/watch?v=3EdQbuGkxng",,,,,,,2025-06-23T23:09:17.885Z,2025-06-23T23:09:17.885Z
1148,,"Leicester's Neglected Roman Ruins","https://www.youtube.com/watch?v=WeoioA7kCes",,,,,,,2025-06-23T23:09:17.889Z,2025-06-23T23:09:17.889Z
1149,,"Mystery of the Sumerian Handbags SOLVED","https://www.youtube.com/watch?v=Ub3FBLUgxfY",,,,,,,2025-06-23T23:09:17.895Z,2025-06-23T23:09:17.895Z
1150,,"Second Crusade Finally Begins - Constantinople and Dorylaeum 1147","https://www.youtube.com/watch?v=Ouyj1BC2SJE",,,,,,,2025-06-23T23:09:17.900Z,2025-06-23T23:09:17.900Z
1151,,"The Eastern Front: Week by week - Official Trailer","https://www.youtube.com/watch?v=u5JF1cnPPro",,,,,,,2025-06-23T23:09:17.904Z,2025-06-23T23:09:17.904Z
1152,,"Peninsula Campaign - Why the American Civil War Wasn't Won Quickly","https://www.youtube.com/watch?v=7ky86GF-cW0",,,,,,,2025-06-23T23:09:17.909Z,2025-06-23T23:09:17.909Z
1153,,"Hideyoshi Strikes Back - Sengoku Jidai Documentary","https://www.youtube.com/watch?v=w4Rir_yI3Rg",,,,,,,2025-06-23T23:09:17.914Z,2025-06-23T23:09:17.914Z
1154,,"American Revolution 1775-1783 - All Battles from the Americas to India","https://www.youtube.com/watch?v=yRfAoxJj5j8",,,,,,,2025-06-23T23:09:17.918Z,2025-06-23T23:09:17.918Z
1155,,"How Did the Romans Hold Gladiatorial Games? - Ancient History DOCUMENTARY","https://www.youtube.com/watch?v=3IRpxAXtR38",,,,,,,2025-06-23T23:09:17.923Z,2025-06-23T23:09:17.923Z
1156,,"Israel-Hezbollah War of 1982-2000 - Modern Warfare DOCUMENTARY","https://www.youtube.com/watch?v=UxaYyN0oO7c",,,,,,,2025-06-23T23:09:17.928Z,2025-06-23T23:09:17.928Z
1157,,"Holodomor - Ukrainians Between Two World Wars","https://www.youtube.com/watch?v=UTMfFxy-L_8",,,,,,,2025-06-23T23:09:17.932Z,2025-06-23T23:09:17.932Z
1158,,"USS Hornet: The Legendary Aircraft Carrier of WWII","https://www.youtube.com/watch?v=Qmh4RPMG4CQ",,,,,,,2025-06-23T23:09:17.937Z,2025-06-23T23:09:17.937Z
1159,,"Fall of Edessa - Event Triggering the Second Crusade - Medieval History","https://www.youtube.com/watch?v=fASljjlfT2k",,,,,,,2025-06-23T23:09:17.946Z,2025-06-23T23:09:17.946Z
1160,,"North Korea Joins the War - Russian Invasion of Ukraine DOCUMENTARY","https://www.youtube.com/watch?v=oIyHh-HSpHw",,,,,,,2025-06-23T23:09:17.950Z,2025-06-23T23:09:17.950Z
1161,,"Fall of Constantinople 1453 - Ottoman Empire DOCUMENTARY","https://www.youtube.com/watch?v=vAlZ1v1ArVg",,,,,,,2025-06-23T23:09:17.955Z,2025-06-23T23:09:17.955Z
1162,,"American Civil War Begins with Fort Sumter and Bull Run","https://www.youtube.com/watch?v=akciSbEka_E",,,,,,,2025-06-23T23:09:17.959Z,2025-06-23T23:09:17.959Z
1163,,"Ghost of Tsushima Sequel Story: What to expect from Ghost of Yotei?","https://www.youtube.com/watch?v=wMvDPhSDNt8",,,,,,,2025-06-23T23:09:17.963Z,2025-06-23T23:09:17.963Z
1164,,"How Taiwan Became a Democracy","https://www.youtube.com/watch?v=Rt4LeJXYtxE",,,,,,,2025-06-23T23:09:17.968Z,2025-06-23T23:09:17.968Z
1165,,"Rise and Fall of Zero: A6M and Its Struggle for Pacific Supremacy","https://www.youtube.com/watch?v=6v_EKBbsaf4",,,,,,,2025-06-23T23:09:17.973Z,2025-06-23T23:09:17.973Z
1166,,"Structure of the Teutonic Order DOCUMENTARY","https://www.youtube.com/watch?v=lKqIOw-htmo",,,,,,,2025-06-23T23:09:17.978Z,2025-06-23T23:09:17.978Z
1167,,"Sad End of Alexander's Empire - Diadochi Wars - Every Battle, Full Story","https://www.youtube.com/watch?v=HXXvBurRK88",,,,,,,2025-06-23T23:09:17.982Z,2025-06-23T23:09:17.982Z
1168,,"Gupta Empire - Golden Age of Classical India - Ancient Civilizations","https://www.youtube.com/watch?v=Vu7myRpw4m4",,,,,,,2025-06-23T23:09:17.987Z,2025-06-23T23:09:17.987Z
1169,,"Israel-Hezbollah War Begins?","https://www.youtube.com/watch?v=096RBgFcgfU",,,,,,,2025-06-23T23:09:17.992Z,2025-06-23T23:09:17.992Z
1170,,"Bavarian Knight Who Served Bayezid and Timur","https://www.youtube.com/watch?v=bb8QaEvo9iE",,,,,,,2025-06-23T23:09:17.996Z,2025-06-23T23:09:17.996Z
1171,,"Israel-Lebanon War of 1982 - Modern Warfare DOCUMENTARY","https://www.youtube.com/watch?v=_-PwP2C7X_o",,,,,,,2025-06-23T23:09:18.001Z,2025-06-23T23:09:18.001Z
1172,,"Indus Valley Civilization - Ancient Civilizations DOCUMENTARY","https://www.youtube.com/watch?v=7GRob-zFs0k",,,,,,,2025-06-23T23:09:18.007Z,2025-06-23T23:09:18.007Z
1173,,"Zelenskyy's Victory Plan - Russian Invasion of Ukraine DOCUMENTARY","https://www.youtube.com/watch?v=1Ndve0tX-hk",,,,,,,2025-06-23T23:09:18.012Z,2025-06-23T23:09:18.012Z
1174,,"How Much Tribute did the Eastern Romans Pay?","https://www.youtube.com/watch?v=pbj_ymV9rSc",,,,,,,2025-06-23T23:09:18.017Z,2025-06-23T23:09:18.017Z
1175,,"How the American Civil War Happened - Road to the War","https://www.youtube.com/watch?v=o96xUF5mjOs",,,,,,,2025-06-23T23:09:18.021Z,2025-06-23T23:09:18.021Z
1176,,"How Christianity and Judaism Split DOCUMENTARY","https://www.youtube.com/watch?v=iCyQmLd7xAQ",,,,,,,2025-06-23T23:09:18.026Z,2025-06-23T23:09:18.026Z
1177,,"Surviving the Zero: How the F4F Wildcat Transformed WWII Dogfights","https://www.youtube.com/watch?v=lnDHF45vKP8",,,,,,,2025-06-23T23:09:18.030Z,2025-06-23T23:09:18.030Z
1178,,"Russo-Japanese War Begins - Port Arthur 1904 DOCUMENTARY","https://www.youtube.com/watch?v=PHWowlP-EOc",,,,,,,2025-06-23T23:09:18.035Z,2025-06-23T23:09:18.035Z
1179,,"Why Napoleon's Blockade of Britain Failed DOCUMENTARY","https://www.youtube.com/watch?v=_boI-x4_QDI",,,,,,,2025-06-23T23:09:18.039Z,2025-06-23T23:09:18.039Z
1180,,"How the Diadochi Wars Ended - Successors of Alexander End His Empire","https://www.youtube.com/watch?v=uLzbz0lCHiQ",,,,,,,2025-06-23T23:09:18.045Z,2025-06-23T23:09:18.045Z
1181,,"Why did the Albigensian Crusades Happen? - Medieval History","https://www.youtube.com/watch?v=mKPhahc50v4",,,,,,,2025-06-23T23:09:18.049Z,2025-06-23T23:09:18.049Z
1182,,"Rhodesian Bush War 1964-1979 - Zimbabwean Independence War DOCUMENTARY","https://www.youtube.com/watch?v=aL-Uy_Wmcbc",,,,,,,2025-06-23T23:09:18.053Z,2025-06-23T23:09:18.053Z
1183,,"Battle of Ipsus 301 BC - The Most Important Diadochi BATTLE","https://www.youtube.com/watch?v=2Y1DeKrQJk8",,,,,,,2025-06-23T23:09:18.058Z,2025-06-23T23:09:18.058Z
1184,,"Slavic Slave Trade","https://www.youtube.com/watch?v=E3rmGL-zymc",,,,,,,2025-06-23T23:09:18.062Z,2025-06-23T23:09:18.062Z
1185,,"How Imperial Cities Rose Through War and Alliances","https://www.youtube.com/watch?v=zOXBONBc1Cg",,,,,,,2025-06-23T23:09:18.067Z,2025-06-23T23:09:18.067Z
1186,,"Augustus: How Rome's First Emperor Shaped the Empire's Future","https://www.youtube.com/watch?v=iQOS1oJNGz8",,,,,,,2025-06-23T23:09:18.072Z,2025-06-23T23:09:18.072Z
1187,,"Russia is Getting Closer to Pokrovsk - Russian Invasion of Ukraine","https://www.youtube.com/watch?v=r9oBkiyun0A",,,,,,,2025-06-23T23:09:18.076Z,2025-06-23T23:09:18.076Z
1188,,"Muslim Conquests: Eastern Roman Perspective DOCUMENTARY","https://www.youtube.com/watch?v=RDR9nq6vcKs",,,,,,,2025-06-23T23:09:18.081Z,2025-06-23T23:09:18.081Z
1189,,"Rise of Imad al-Din Zengi - Battle of Montferrand - Second Crusade","https://www.youtube.com/watch?v=IuNHc95BtEc",,,,,,,2025-06-23T23:09:18.085Z,2025-06-23T23:09:18.085Z
1190,,"Siege of Rhodes - Diadochi Wars - Ancient History DOCUMENTARY","https://www.youtube.com/watch?v=pNi0_YpnK44",,,,,,,2025-06-23T23:09:18.090Z,2025-06-23T23:09:18.090Z
1191,,"2nd Battle of Kosovo 1448 - Hunyadi vs Murad","https://www.youtube.com/watch?v=mIYNYZaxUCo",,,,,,,2025-06-23T23:09:18.094Z,2025-06-23T23:09:18.094Z
1192,,"Fall of Sparta","https://www.youtube.com/watch?v=P3JTaPyY7Ok",,,,,,,2025-06-23T23:09:18.099Z,2025-06-23T23:09:18.099Z
1193,,"How Ukraine Shocked Russia By Invading Kursk - Russian Invasion DOCUMENTARY","https://www.youtube.com/watch?v=hd0vdn9FFkw",,,,,,,2025-06-23T23:09:18.103Z,2025-06-23T23:09:18.103Z
1194,,"Was the Byzantine Empire the Heir to the Ancient Greeks?","https://www.youtube.com/watch?v=23ObUz0pFMA",,,,,,,2025-06-23T23:09:18.108Z,2025-06-23T23:09:18.108Z
1195,,"Anabasis of Xenophon - Greatest Story Ever - Ancient Greek DOCUMENTARY","https://www.youtube.com/watch?v=2JdzO8n905I",,,,,,,2025-06-23T23:09:18.112Z,2025-06-23T23:09:18.112Z
1196,,"How the Shamans Created the Mongol Empire","https://www.youtube.com/watch?v=MvyEuO-SxQ0",,,,,,,2025-06-23T23:09:18.117Z,2025-06-23T23:09:18.117Z
1197,,"Origin of the Sikhs - The Lions of the Punjab DOCUMENTARY","https://www.youtube.com/watch?v=bFbYxgeqCGo",,,,,,,2025-06-23T23:09:18.121Z,2025-06-23T23:09:18.121Z
1198,,"New Russian Tactics Before Ukrainian Attack on Kursk","https://www.youtube.com/watch?v=k_dUw3GJjGQ",,,,,,,2025-06-23T23:09:18.126Z,2025-06-23T23:09:18.126Z
1199,,"Siege of Mariupol 2022 - Russian Invasion of Ukraine DOCUMENTARY","https://www.youtube.com/watch?v=Z-_8sXV4MVA",,,,,,,2025-06-23T23:09:18.130Z,2025-06-23T23:09:18.130Z
1200,,"Salamis 306 BC - Diadochi Wars Ancient History DOCUMENTARY","https://www.youtube.com/watch?v=x8Tbm4SqF6w",,,,,,,2025-06-23T23:09:18.134Z,2025-06-23T23:09:18.134Z
1201,,"The Real Reason Behind the American Civil War","https://www.youtube.com/watch?v=E_rV6QGjRmQ",,,,,,,2025-06-23T23:09:18.139Z,2025-06-23T23:09:18.139Z
1202,,"History of the Dacians - Ancient Civilizations DOCUMENTARY","https://www.youtube.com/watch?v=dTGGKvsyGYk",,,,,,,2025-06-23T23:09:18.143Z,2025-06-23T23:09:18.143Z
1203,,"Indigenous People of Taiwan - Austronesian Origins DOCUMENTARY","https://www.youtube.com/watch?v=AhwB0lMoPKQ",,,,,,,2025-06-23T23:09:18.148Z,2025-06-23T23:09:18.148Z
1204,,"Rise and Fall of the Khazar Khaganate - Arab-Khazar Wars DOCUMENTARY","https://www.youtube.com/watch?v=DOA4c9obeUI",,,,,,,2025-06-23T23:09:18.153Z,2025-06-23T23:09:18.153Z
1205,,"Rise of Skanderbeg - Ottoman Empire DOCUMENTARY","https://www.youtube.com/watch?v=wHAT_JDwFOY",,,,,,,2025-06-23T23:09:18.157Z,2025-06-23T23:09:18.157Z
1206,,"Christian Mercenaries in Muslim Service - Animated Medieval History","https://www.youtube.com/watch?v=jsJSntPd5z0",,,,,,,2025-06-23T23:09:18.162Z,2025-06-23T23:09:18.162Z
1207,,"How the Dutch Colonized Indonesia","https://www.youtube.com/watch?v=Sityn7bO-SU",,,,,,,2025-06-23T23:09:18.166Z,2025-06-23T23:09:18.166Z
1208,,"Life of a Gladiator - Roman History DOCUMENTARY","https://www.youtube.com/watch?v=dHia2Y8KgPY",,,,,,,2025-06-23T23:09:18.171Z,2025-06-23T23:09:18.171Z
1209,,"Another Failed Crusade - Assassins Appear - Animated Medieval History","https://www.youtube.com/watch?v=mlctSFIvifU",,,,,,,2025-06-23T23:09:18.175Z,2025-06-23T23:09:18.175Z
1210,,"Rise of Hideyoshi - Japanese Sengoku Jidai DOCUMENTARY","https://www.youtube.com/watch?v=Dybk4hnp0dA",,,,,,,2025-06-23T23:09:18.180Z,2025-06-23T23:09:18.180Z
1211,,"How the Japanese Took Burma and Threatened India - Pacific War","https://www.youtube.com/watch?v=ftncWUDXYt4",,,,,,,2025-06-23T23:09:18.184Z,2025-06-23T23:09:18.184Z
1212,,"Nabateans, Petra and the Lost Kingdom - Ancient Civilizations DOCUMENTARY","https://www.youtube.com/watch?v=4b1y2Q5qrxE",,,,,,,2025-06-23T23:09:18.188Z,2025-06-23T23:09:18.188Z
1213,,"Meatgrinder Continues - Russian Invasion of Ukraine","https://www.youtube.com/watch?v=i4L78JclY4I",,,,,,,2025-06-23T23:09:18.193Z,2025-06-23T23:09:18.193Z
1214,,"How to Defend Against the Mongols","https://www.youtube.com/watch?v=ZLVQTpiWGVI",,,,,,,2025-06-23T23:09:18.197Z,2025-06-23T23:09:18.197Z
1215,,"How the United States Became Independent - American Revolution DOCUMENTARY","https://www.youtube.com/watch?v=Lxs-FrvWT1A",,,,,,,2025-06-23T23:09:18.201Z,2025-06-23T23:09:18.201Z
1216,,"History of the Illyrians - Ancient Civilizations DOCUMENTARY","https://www.youtube.com/watch?v=8fDuTqAmo9M",,,,,,,2025-06-23T23:09:18.206Z,2025-06-23T23:09:18.206Z
1217,,"Battle of Varna 1444 - Ottoman Empire DOCUMENTARY","https://www.youtube.com/watch?v=hKoV1K-HUhI",,,,,,,2025-06-23T23:09:18.211Z,2025-06-23T23:09:18.211Z
1218,,"Babylonian War - Diadochi Wars Continue - Ancient History DOCUMENTARY","https://www.youtube.com/watch?v=ou13rDcuS6A",,,,,,,2025-06-23T23:09:18.215Z,2025-06-23T23:09:18.215Z
1219,,"What Happened to the Last Emperor of China?","https://www.youtube.com/watch?v=hSbN3wO8A5M",,,,,,,2025-06-23T23:09:18.220Z,2025-06-23T23:09:18.220Z
1220,,"The Largest Slave Rebellion Against the Caliphate - ANIMATED HISTORY","https://www.youtube.com/watch?v=5-l6_5dp-fo",,,,,,,2025-06-23T23:09:18.224Z,2025-06-23T23:09:18.224Z
1221,,"Battle of Azaz - Crusaders Turn the Tide - Animated Medieval History","https://www.youtube.com/watch?v=Y6cnE7SyTZ4",,,,,,,2025-06-23T23:09:18.229Z,2025-06-23T23:09:18.229Z
1222,,"Arab-Khazar Wars Continue - Animated Medieval History","https://www.youtube.com/watch?v=RWnUqvYniN8",,,,,,,2025-06-23T23:09:18.234Z,2025-06-23T23:09:18.234Z
1223,,"Japanese Invasion of Alaska - Pacific War DOCUMENTARY","https://www.youtube.com/watch?v=LWggo0ORTks",,,,,,,2025-06-23T23:09:18.239Z,2025-06-23T23:09:18.239Z
1224,,"Russian Kharkiv Offensive Begins and Fails - War in Ukraine DOCUMENTARY","https://www.youtube.com/watch?v=g8QSdMB-isc",,,,,,,2025-06-23T23:09:18.244Z,2025-06-23T23:09:18.244Z
1225,,"The Whale Which Annoyed Justinian and Other Historical Animals","https://www.youtube.com/watch?v=fYwMM9g1Qvw",,,,,,,2025-06-23T23:09:18.249Z,2025-06-23T23:09:18.249Z
1226,,"How Indonesia Became the Largest Muslim Country","https://www.youtube.com/watch?v=OGfLWcRDz7g",,,,,,,2025-06-23T23:09:18.253Z,2025-06-23T23:09:18.253Z
1227,,"How Russia, Prussia, and Austria Partitioned Poland","https://www.youtube.com/watch?v=FU-ZDTzJXmQ",,,,,,,2025-06-23T23:09:18.258Z,2025-06-23T23:09:18.258Z
1228,,"Battle of Gaza 312 BC - Third War of the Diadochi DOCUMENTARY","https://www.youtube.com/watch?v=BlTl1iWFnGU",,,,,,,2025-06-23T23:09:18.263Z,2025-06-23T23:09:18.263Z
1229,,"Battle of Yorktown 1781 - American Revolution - History DOCUMENTARY","https://www.youtube.com/watch?v=jNzO9_zVDnI",,,,,,,2025-06-23T23:09:18.268Z,2025-06-23T23:09:18.268Z
1230,,"Rise of John Hunyadi - Varna Crusade Begins DOCUMENTARY","https://www.youtube.com/watch?v=G1qWNoBAKjE",,,,,,,2025-06-23T23:09:18.272Z,2025-06-23T23:09:18.272Z
1231,,"How Historically Accurate is the Shogun TV Show?","https://www.youtube.com/watch?v=pPuTfo5-ZFc",,,,,,,2025-06-23T23:09:18.277Z,2025-06-23T23:09:18.277Z
1232,,"The Italian Wars 1494-1559 - Early Modern History DOCUMENTARY","https://www.youtube.com/watch?v=AWOwOJme9uc",,,,,,,2025-06-23T23:09:18.281Z,2025-06-23T23:09:18.281Z
1233,,"Israel-Hamas War - What has Israel Achieved? What is Its End Goal?","https://www.youtube.com/watch?v=mkwbvkiCYPY",,,,,,,2025-06-23T23:09:18.286Z,2025-06-23T23:09:18.286Z
1234,,"How Did the Mongols Fight Other Mongols?","https://www.youtube.com/watch?v=JGOriZoyYyk",,,,,,,2025-06-23T23:09:18.291Z,2025-06-23T23:09:18.291Z
1235,,"History of the Thracians - Ancient Civilizations DOCUMENTARY","https://www.youtube.com/watch?v=5AJW31Q-jg4",,,,,,,2025-06-23T23:09:18.295Z,2025-06-23T23:09:18.295Z
1236,,"Ninja and Shinobi: What is the Truth? - History of Japan","https://www.youtube.com/watch?v=eQMrQ4rAnKA",,,,,,,2025-06-23T23:09:18.300Z,2025-06-23T23:09:18.300Z
1237,,"Ukraine Will Receive US Aid Again. Is it too late?","https://www.youtube.com/watch?v=OhOisxlLFt8",,,,,,,2025-06-23T23:09:18.304Z,2025-06-23T23:09:18.304Z
1238,,"Was Polish-Lithuanian Commonwealth a Real Republic?","https://www.youtube.com/watch?v=bFjLbmHpeno",,,,,,,2025-06-23T23:09:18.309Z,2025-06-23T23:09:18.309Z
1239,,"Rise and Fall of the Majapahit Empire: Golden Age of Indonesia","https://www.youtube.com/watch?v=wTqar76MBF4",,,,,,,2025-06-23T23:09:18.313Z,2025-06-23T23:09:18.313Z
1240,,"Cornwallis Enters the Fray - American Revolution DOCUMENTARY","https://www.youtube.com/watch?v=8CO9qvqcSOw",,,,,,,2025-06-23T23:09:18.318Z,2025-06-23T23:09:18.318Z
1241,,"How Octavian Won the Civil War - Post Caesar Rome","https://www.youtube.com/watch?v=OgoEPs3FxaM",,,,,,,2025-06-23T23:09:18.323Z,2025-06-23T23:09:18.323Z
1242,,"History of the Shogunates and the End of the Shogun","https://www.youtube.com/watch?v=aoczzwyfjkA",,,,,,,2025-06-23T23:09:18.327Z,2025-06-23T23:09:18.327Z
1243,,"Battle of Chasiv Yar is Critical for Ukraine and Russia","https://www.youtube.com/watch?v=jbeBmqn1NCg",,,,,,,2025-06-23T23:09:18.335Z,2025-06-23T23:09:18.335Z
1244,,"Ottoman Conquest of Thessalonica and Albania - Medieval History","https://www.youtube.com/watch?v=CjeRqbvsT8I",,,,,,,2025-06-23T23:09:18.343Z,2025-06-23T23:09:18.343Z
1245,,"What Tactics Did the Ancient Chinese Use?","https://www.youtube.com/watch?v=VyHhGEUhcms",,,,,,,2025-06-23T23:09:18.351Z,2025-06-23T23:09:18.351Z
1246,,"Bushido - Samurai Code of Honour - Myth and Reality of Shogun TV Show","https://www.youtube.com/watch?v=EfWNgUXvfT0",,,,,,,2025-06-23T23:09:18.359Z,2025-06-23T23:09:18.359Z
1247,,"Every Global Conflict and War SUMMARIZED - Kings and Generals DOCUMENTARY","https://www.youtube.com/watch?v=Xqjt_ivt5Ns",,,,,,,2025-06-23T23:09:18.363Z,2025-06-23T23:09:18.363Z
1248,,"Eastern Roman Army: Tactics, Structure, Weapons, Recruitment, Navy, Soldiers","https://www.youtube.com/watch?v=g7YA6chMdtU",,,,,,,2025-06-23T23:09:18.368Z,2025-06-23T23:09:18.368Z
1249,,"Russia Advances Despite Heavy Losses - Putin's Invasion Continues","https://www.youtube.com/watch?v=rLyK2EOfV1s",,,,,,,2025-06-23T23:09:18.372Z,2025-06-23T23:09:18.372Z
1250,,"Second Taiwan Strait Crisis - Modern Warfare Animated History","https://www.youtube.com/watch?v=l2iCHOWgVCo",,,,,,,2025-06-23T23:09:18.377Z,2025-06-23T23:09:18.377Z
1251,,"Battles of Gabiene and Paraitakene - Second War of the Diadochi DOCUMENTARY","https://www.youtube.com/watch?v=x1EdxhuQWyc",,,,,,,2025-06-23T23:09:18.381Z,2025-06-23T23:09:18.381Z
1252,,"Japanese Armies of the Shogunate Era - Shogun TV Show DOCUMENTARY","https://www.youtube.com/watch?v=prwtomYDsZ4",,,,,,,2025-06-23T23:09:18.386Z,2025-06-23T23:09:18.386Z
1253,,"Venetian Crusade 1122-1124 - Middle Ages History DOCUMENTARY","https://www.youtube.com/watch?v=wwHOYmyC04k",,,,,,,2025-06-23T23:09:18.390Z,2025-06-23T23:09:18.390Z
1254,,"Early Christian Schisms - How the Modern Church was Formed DOCUMENTARY","https://www.youtube.com/watch?v=xeYQPzgN3yA",,,,,,,2025-06-23T23:09:18.395Z,2025-06-23T23:09:18.395Z
1255,,"Rise of the Mamluks - Animated Medieval History DOCUMENTARY","https://www.youtube.com/watch?v=87YSV2UbfDc",,,,,,,2025-06-23T23:09:18.400Z,2025-06-23T23:09:18.400Z
1256,,"France and Spain Join the Revolutionary War DOCUMENTARY","https://www.youtube.com/watch?v=J0G_6Pjv6DU",,,,,,,2025-06-23T23:09:18.405Z,2025-06-23T23:09:18.405Z
1257,,"How the Khazars and Arabs Became Enemies - Arab-Khazar Wars DOCUMENTARY","https://www.youtube.com/watch?v=MsVgINykMTQ",,,,,,,2025-06-23T23:09:18.409Z,2025-06-23T23:09:18.409Z
1258,,"What Was the Structure of Medieval Japan?- Guide to the Shogun TV Show","https://www.youtube.com/watch?v=1xxrwHBcDs0",,,,,,,2025-06-23T23:09:18.414Z,2025-06-23T23:09:18.414Z
1259,,"How Constantinople Survived an Ottoman Siege - Medieval DOCUMENTARY","https://www.youtube.com/watch?v=rYF5Ycah93U",,,,,,,2025-06-23T23:09:18.418Z,2025-06-23T23:09:18.418Z
1260,,"How Korea Defended against the Mongols - Medieval History","https://www.youtube.com/watch?v=a_uV1ijx1ec",,,,,,,2025-06-23T23:09:18.423Z,2025-06-23T23:09:18.423Z
1261,,"The Gurkhas - Fiercest Soldiers in Modern History - DOCUMENTARY","https://www.youtube.com/watch?v=fnueIkrSrT8",,,,,,,2025-06-23T23:09:18.428Z,2025-06-23T23:09:18.428Z
1262,,"Evolution of Roman Religion - From Polytheism to Christianity DOCUMENTARY","https://www.youtube.com/watch?v=YPTkmH39rUg",,,,,,,2025-06-23T23:09:18.432Z,2025-06-23T23:09:18.432Z
1263,,"First War of the Diadochi - Alexander's Successors At War DOCUMENTARY","https://www.youtube.com/watch?v=Jpzt9ovg9vU",,,,,,,2025-06-23T23:09:18.437Z,2025-06-23T23:09:18.437Z
1264,,"Fall of Avdiivka - Russian Invasion of Ukraine DOCUMENTARY","https://www.youtube.com/watch?v=8f3Ehc-_ILY",,,,,,,2025-06-23T23:09:18.442Z,2025-06-23T23:09:18.442Z
1265,,"Why the Houthis Control Half of Yemen - Modern Affairs DOCUMENTARY","https://www.youtube.com/watch?v=2YSsc-OcgeQ",,,,,,,2025-06-23T23:09:18.446Z,2025-06-23T23:09:18.446Z
1266,,"How Did the Americans Turn the Tide Against the British?","https://www.youtube.com/watch?v=daflS5hHUOI",,,,,,,2025-06-23T23:09:18.454Z,2025-06-23T23:09:18.454Z
1267,,"Himyarite Kingdom: The Forgotten Empire of Pre-Islamic Arabia DOCUMENTARY","https://www.youtube.com/watch?v=E_BAywEPUNA",,,,,,,2025-06-23T23:09:18.458Z,2025-06-23T23:09:18.458Z
1268,,"How Russia Won the Second Chechen War - Modern History DOCUMENTARY","https://www.youtube.com/watch?v=o7sHFtnR7qs",,,,,,,2025-06-23T23:09:18.463Z,2025-06-23T23:09:18.463Z
1269,,"Battle of Alexandria 30 BC - End of Antony and Cleopatra 4K DOCUMENTARY","https://www.youtube.com/watch?v=Zqe0SiWXkBE",,,,,,,2025-06-23T23:09:18.467Z,2025-06-23T23:09:18.467Z
1270,,"Japan and the West: First Contact - the Real History Behind Shogun","https://www.youtube.com/watch?v=TEAe50n633k",,,,,,,2025-06-23T23:09:18.471Z,2025-06-23T23:09:18.471Z
1271,,"How England and Spain Failed to Destroy Each Other - Early Modern History","https://www.youtube.com/watch?v=tCDTFZdpXak",,,,,,,2025-06-23T23:09:18.476Z,2025-06-23T23:09:18.476Z
1272,,"Medieval Baghdad: Rise and Fall of the City of Peace - DOCUMENTARY","https://www.youtube.com/watch?v=LnVl9AsoraE",,,,,,,2025-06-23T23:09:18.481Z,2025-06-23T23:09:18.481Z
1273,,"Why did the Mongols Leave Europe? DOCUMENTARY","https://www.youtube.com/watch?v=AmmNoAS1eP8",,,,,,,2025-06-23T23:09:18.485Z,2025-06-23T23:09:18.485Z
1274,,"Ukraine Damages Russian Economy - Russian Invasion of Ukraine DOCUMENTARY","https://www.youtube.com/watch?v=7x_oWpsoJnA",,,,,,,2025-06-23T23:09:18.490Z,2025-06-23T23:09:18.490Z
1275,,"Who were the Cuman-Qipchaq Peoples? - Ancient Civilizations DOCUMENTARY","https://www.youtube.com/watch?v=quI7VB-_Wsw",,,,,,,2025-06-23T23:09:18.495Z,2025-06-23T23:09:18.495Z
1276,,"How the Russian Empire Tried to Russify Ukraine DOCUMENTARY","https://www.youtube.com/watch?v=vrRws6KTCt0",,,,,,,2025-06-23T23:09:18.499Z,2025-06-23T23:09:18.499Z
1277,,"Battle of Hab 1119 - Baldwin Strikes Back - Second Crusade DOCUMENTARY","https://www.youtube.com/watch?v=pYaEmggEsEM",,,,,,,2025-06-23T23:09:18.505Z,2025-06-23T23:09:18.505Z
1278,,"Battle of Trenton 1776 - American Independence War DOCUMENTARY","https://www.youtube.com/watch?v=WTC8vdLGAtE",,,,,,,2025-06-23T23:09:18.510Z,2025-06-23T23:09:18.510Z
1279,,"How Xi Jinping Destroyed Chinese Politics - Modern Affairs DOCUMENTARY","https://www.youtube.com/watch?v=U7exXFSj8mc",,,,,,,2025-06-23T23:09:18.515Z,2025-06-23T23:09:18.515Z
1280,,"Why is Yemen the Way it is? - XX Century History DOCUMENTARY","https://www.youtube.com/watch?v=qXab9BRP8vw",,,,,,,2025-06-23T23:09:18.519Z,2025-06-23T23:09:18.519Z
1281,,"How Indonesians Defended against the Mongols - Medieval History","https://www.youtube.com/watch?v=9T2HrcHZKO4",,,,,,,2025-06-23T23:09:18.524Z,2025-06-23T23:09:18.524Z
1282,,"How Ukraine Lost and Liberated Kherson - Russian Invasion DOCUMENTARY","https://www.youtube.com/watch?v=AqjFwUrwv6I",,,,,,,2025-06-23T23:09:18.529Z,2025-06-23T23:09:18.529Z
1283,,"Early Muslim Expansion - Europe, North Africa, Central Asia DOCUMENTARY","https://www.youtube.com/watch?v=ICjpNvNmUgU",,,,,,,2025-06-23T23:09:18.533Z,2025-06-23T23:09:18.533Z
1284,,"Second and Third Spanish Armadas - Early Modern History","https://www.youtube.com/watch?v=iGvJdw9zAdo",,,,,,,2025-06-23T23:09:18.538Z,2025-06-23T23:09:18.538Z
1285,,"Were the Eastern Romans and Arabs Always at War? - Pre-Crusades DOCUMENTARY","https://www.youtube.com/watch?v=nBMP6yRAOZg",,,,,,,2025-06-23T23:09:18.542Z,2025-06-23T23:09:18.542Z
1286,,"Israel invades South Gaza - War Continues - Kings and Generals DOCUMENTARY","https://www.youtube.com/watch?v=j4ePNi1_52w",,,,,,,2025-06-23T23:09:18.547Z,2025-06-23T23:09:18.547Z
1287,,"Civil War That Almost Destroyed the Ottomans - Animated Medieval History","https://www.youtube.com/watch?v=bBi33Z1T0YE",,,,,,,2025-06-23T23:09:18.555Z,2025-06-23T23:09:18.555Z
1288,,"Lamian War - Greeks Rebel Against the Diadochi - Alexander's Successors","https://www.youtube.com/watch?v=OQW38zxcKw8",,,,,,,2025-06-23T23:09:18.560Z,2025-06-23T23:09:18.560Z
1289,,"300k+ Russian Casualties, Russian Navy and Air Force Shocked - War in Ukraine","https://www.youtube.com/watch?v=4bEGiozqiv8",,,,,,,2025-06-23T23:09:18.564Z,2025-06-23T23:09:18.564Z
1290,,"Ager Sanguinis 1119 - Crusaders' Field of Blood - Second Crusade","https://www.youtube.com/watch?v=0vsJwqFmNQg",,,,,,,2025-06-23T23:09:18.569Z,2025-06-23T23:09:18.569Z
1291,,"Eastern Roman Empire: Diplomacy and Espionage - Middle Ages DOCUMENTARY","https://www.youtube.com/watch?v=ESjMCqQzd0M",,,,,,,2025-06-23T23:09:18.573Z,2025-06-23T23:09:18.573Z
1292,,"Battle of Bunker Hill 1775 - Beginning of the American Revolution","https://www.youtube.com/watch?v=2LEgs_H2gYg",,,,,,,2025-06-23T23:09:18.578Z,2025-06-23T23:09:18.578Z
1293,,"No Breakthrough in Ukraine - Russian Invasion of Ukraine DOCUMENTARY","https://www.youtube.com/watch?v=SFZdoIx05Xw",,,,,,,2025-06-23T23:09:18.583Z,2025-06-23T23:09:18.583Z
1294,,"How Did the Jews Live in the Early Caliphate? History of Religions","https://www.youtube.com/watch?v=gtIHJNNIm1U",,,,,,,2025-06-23T23:09:18.587Z,2025-06-23T23:09:18.587Z
1295,,"Alexander: Indian Campaign, Reforms, Plans, Death - Ancient History","https://www.youtube.com/watch?v=XXK-vN1J61w",,,,,,,2025-06-23T23:09:18.592Z,2025-06-23T23:09:18.592Z
1296,,"Is Ridley Scott's Napoleon Historically Accurate?","https://www.youtube.com/watch?v=cw4mP6rYrOw",,,,,,,2025-06-23T23:09:18.596Z,2025-06-23T23:09:18.596Z
1297,,"How Russia Lost the First Chechen War - Modern History DOCUMENTARY","https://www.youtube.com/watch?v=xjIu9pkrIP4",,,,,,,2025-06-23T23:09:18.601Z,2025-06-23T23:09:18.601Z
1298,,"Alexander of Macedon - Conquest of Persia - Ancient History DOCUMENTARY","https://www.youtube.com/watch?v=ApZf0BaaTmo",,,,,,,2025-06-23T23:09:18.606Z,2025-06-23T23:09:18.606Z
1299,,"How the Samurai Defended Against the Mongols - Middle Ages DOCUMENTARY","https://www.youtube.com/watch?v=fMN1VALIb5A",,,,,,,2025-06-23T23:09:18.610Z,2025-06-23T23:09:18.610Z
1300,,"Russian Avdiivka Attack Slows Down - Invasion of Ukraine DOCUMENTARY","https://www.youtube.com/watch?v=Ja8cDimh2hk",,,,,,,2025-06-23T23:09:18.615Z,2025-06-23T23:09:18.615Z
1301,,"What Happened After Guadalcanal? - Central Solomons Campaign - PACIFIC WAR","https://www.youtube.com/watch?v=wdcntM5MDK8",,,,,,,2025-06-23T23:09:18.620Z,2025-06-23T23:09:18.620Z
1302,,"How the Chariots Became Outdated - Ancient History","https://www.youtube.com/watch?v=NBzHnd0Z7Z8",,,,,,,2025-06-23T23:09:18.624Z,2025-06-23T23:09:18.624Z
1303,,"American Revolution - Causes, Problems, Beginning - Early Modern History","https://www.youtube.com/watch?v=_5_jkn_ODCM",,,,,,,2025-06-23T23:09:18.629Z,2025-06-23T23:09:18.629Z
1304,,"Putin Has Been Invading Ukraine Since 2014","https://www.youtube.com/watch?v=dLQsi-0abp0",,,,,,,2025-06-23T23:09:18.633Z,2025-06-23T23:09:18.633Z
1305,,"Battle for North Gaza - Israel-Hamas DOCUMENTARY","https://www.youtube.com/watch?v=NuYSxS8kPl8",,,,,,,2025-06-23T23:09:18.638Z,2025-06-23T23:09:18.638Z
1306,,"Byzantine Army: Armenians, Georgians, Turks, Catalans, Slavs DOCUMENTARY","https://www.youtube.com/watch?v=UlxdIqsOyy0",,,,,,,2025-06-23T23:09:18.642Z,2025-06-23T23:09:18.642Z
1308,,"English Armada - An Even Worse Catastrophe Than the Spanish Armada","https://www.youtube.com/watch?v=9aVqmRLN-5Y",,,,,,,2025-06-23T23:09:18.647Z,2025-06-23T23:09:18.647Z
1309,,"Russia Regains Momentum - Russian Invasion of Ukraine DOCUMENTARY","https://www.youtube.com/watch?v=5U1CBgkc-BM",,,,,,,2025-06-23T23:09:18.651Z,2025-06-23T23:09:18.651Z
1310,,"Hundred Years' War - Full Story, Every Battle - Animated Medieval History","https://www.youtube.com/watch?v=pvoejM-cls0",,,,,,,2025-06-23T23:09:18.657Z,2025-06-23T23:09:18.657Z
1311,,"Czechoslovak Legion - One of the Best Stories Ever Told - Kings and Generals","https://www.youtube.com/watch?v=jcuoupAV0Kc",,,,,,,2025-06-23T23:09:18.661Z,2025-06-23T23:09:18.661Z
1312,,"Was Napoleon a Military Tyrant or a Reformer? Kings and Generals Documentary","https://www.youtube.com/watch?v=age2DRFN-Lc",,,,,,,2025-06-23T23:09:18.677Z,2025-06-23T23:09:18.677Z
1313,,"How Napoleon Subverted the Revolution - Animated Early Modern History","https://www.youtube.com/watch?v=t4ZwHPWFwkE",,,,,,,2025-06-23T23:09:18.693Z,2025-06-23T23:09:18.693Z
1314,,"Actium 31 BC - Last Battle of the Roman Republic - Ancient History","https://www.youtube.com/watch?v=wkGPystXAkQ",,,,,,,2025-06-23T23:09:18.707Z,2025-06-23T23:09:18.707Z
1315,,"English Civil War - War of the Three Kingdoms DOCUMENTARY","https://www.youtube.com/watch?v=B3s-UiERX_U",,,,,,,2025-06-23T23:09:18.712Z,2025-06-23T23:09:18.712Z
1316,,"Israeli Ground Offensive Begins - Gaza Crisis DOCUMENTARY","https://www.youtube.com/watch?v=WxD3MD1pW6c",,,,,,,2025-06-23T23:09:18.716Z,2025-06-23T23:09:18.716Z
1317,,"From Pearl Harbor to Midway: How America Turned the Tables - Pacific War","https://www.youtube.com/watch?v=4f_ooRSdddI",,,,,,,2025-06-23T23:09:18.725Z,2025-06-23T23:09:18.725Z
1318,,"How Vietnam Defended Against the Mongols - Animated Medieval History","https://www.youtube.com/watch?v=HK_2PeTydcA",,,,,,,2025-06-23T23:09:18.729Z,2025-06-23T23:09:18.729Z
1319,,"Spanish Armada: How England Defended Itself - Early Modern History","https://www.youtube.com/watch?v=jyZ_oypJD_A",,,,,,,2025-06-23T23:09:18.734Z,2025-06-23T23:09:18.734Z
1320,,"Ukraine Crosses the Dnipro, ATACMS Arrive - Russian Invasion Continues","https://www.youtube.com/watch?v=0MjfYIe0G4k",,,,,,,2025-06-23T23:09:18.738Z,2025-06-23T23:09:18.738Z
1321,,"Byzantine Navy: Greek Fire, Tactics, Ships - Medieval History","https://www.youtube.com/watch?v=LO1uTRZbHpY",,,,,,,2025-06-23T23:09:18.743Z,2025-06-23T23:09:18.743Z
1322,,"Battle of Ankara 1402 - Definitive Version - 4k History DOCUMENTARY","https://www.youtube.com/watch?v=sHH3lQ_O-xA",,,,,,,2025-06-23T23:09:18.748Z,2025-06-23T23:09:18.748Z
1323,,"Why Did Ukraine Give Up Its Nukes? - Kings and Generals Modern Affairs","https://www.youtube.com/watch?v=PXgNAuYRIOw",,,,,,,2025-06-23T23:09:18.753Z,2025-06-23T23:09:18.753Z
1324,,"Israel-Hamas: Before the Ground Assault - Kings and Generals Modern Affairs","https://www.youtube.com/watch?v=gn8T2fDSpMk",,,,,,,2025-06-23T23:09:18.765Z,2025-06-23T23:09:18.765Z
1325,,"Did the Mongols Build Cities? - Animated Medieval History","https://www.youtube.com/watch?v=gVa1o4n_Ydg",,,,,,,2025-06-23T23:09:18.784Z,2025-06-23T23:09:18.784Z
1326,,"Russia's Avdiivka Disaster - Invasion of Ukraine During the Gaza Crisis","https://www.youtube.com/watch?v=wDJvCsImVLQ",,,,,,,2025-06-23T23:09:18.789Z,2025-06-23T23:09:18.789Z
1327,,"Alexandria: The Cultural Heart of Ancient Egypt, One of the Seven Wonders","https://www.youtube.com/watch?v=bxlMGQ70RGQ",,,,,,,2025-06-23T23:09:18.793Z,2025-06-23T23:09:18.793Z
1328,,"Last War of the Roman Republic Begins - Animated Ancient History","https://www.youtube.com/watch?v=_NOjzX2VHH8",,,,,,,2025-06-23T23:09:18.799Z,2025-06-23T23:09:18.799Z
1329,,"War of Attrition Again - Russian Invasion of Ukraine Continues","https://www.youtube.com/watch?v=zKCjrZ9QgVY",,,,,,,2025-06-23T23:09:18.814Z,2025-06-23T23:09:18.814Z
1330,,"Full History of Medieval Wales - Animated Medieval History","https://www.youtube.com/watch?v=djqj8o8WDL4",,,,,,,2025-06-23T23:09:18.829Z,2025-06-23T23:09:18.829Z
1331,,"The Great Siege of Gibraltar 1779-1783 - Early Modern History","https://www.youtube.com/watch?v=nZGprMwHVOA",,,,,,,2025-06-23T23:09:18.833Z,2025-06-23T23:09:18.833Z
1332,,"The Israel-Hamas War - What We Know So Far - King and Generals","https://www.youtube.com/watch?v=9UTckJi7hQ4",,,,,,,2025-06-23T23:09:18.838Z,2025-06-23T23:09:18.838Z
1333,,"This is Why The Nazis Never Built a Nuke","https://www.youtube.com/watch?v=Mq_qVWEIQfk",,,,,,,2025-06-23T23:09:18.842Z,2025-06-23T23:09:18.842Z
1334,,"How did Ancient Egypt Survive the Bronze Age Collapse?","https://www.youtube.com/watch?v=5IQNrXlHJ6o",,,,,,,2025-06-23T23:09:18.847Z,2025-06-23T23:09:18.847Z
1335,,"Does the West Really Want Ukraine to Win? Kings and Generals DOCUMENTARY","https://www.youtube.com/watch?v=GDEsH8uBxac",,,,,,,2025-06-23T23:09:18.852Z,2025-06-23T23:09:18.852Z
1336,,"Battle of Tours - The Franks Beat Back the Muslim Caliphate DOCUMENTARY","https://www.youtube.com/watch?v=OR9jzxBUkNY",,,,,,,2025-06-23T23:09:18.856Z,2025-06-23T23:09:18.856Z
1337,,"Why Didn't the Nazis Invade Sweden? DOCUMENTARY","https://www.youtube.com/watch?v=8UsQnaKIw8k",,,,,,,2025-06-23T23:09:18.863Z,2025-06-23T23:09:18.863Z
1338,,"The Full History of the Peloponnesian War - Athens vs Sparta","https://www.youtube.com/watch?v=Jr8EGJwDCk8",,,,,,,2025-06-23T23:09:18.868Z,2025-06-23T23:09:18.868Z
1339,,"Is Russia Fascist? Kings and Generals Modern Affairs DOCUMENTARY","https://www.youtube.com/watch?v=QFtluXVvw2E",,,,,,,2025-06-23T23:09:18.873Z,2025-06-23T23:09:18.873Z
1340,,"Golden Age of Ancient Egypt - New Kingdom - Ancient Civilizations DOCUMENTARY","https://www.youtube.com/watch?v=4SEf_hfbkeU",,,,,,,2025-06-23T23:09:18.878Z,2025-06-23T23:09:18.878Z
1341,,"Ukraine Strikes Putin's Navy in Crimea - Russian Invasion DOCUMENTARY","https://www.youtube.com/watch?v=BB_lO-6ASDU",,,,,,,2025-06-23T23:09:18.882Z,2025-06-23T23:09:18.882Z
1342,,"Who Were The Sea Peoples? - Kings and Generals Bronze Age DOCUMENTARY","https://www.youtube.com/watch?v=8OPJ3OhQNvc",,,,,,,2025-06-23T23:09:18.890Z,2025-06-23T23:09:18.890Z
1343,,"First Crusade - Full Story, Every Battle - Animated Medieval History","https://www.youtube.com/watch?v=kxfP_BSnmyw",,,,,,,2025-06-23T23:09:18.895Z,2025-06-23T23:09:18.895Z
1344,,"What Did the Europeans Think About the Eastern Romans? DOCUMENTARY","https://www.youtube.com/watch?v=Qu6NnWj1EZ8",,,,,,,2025-06-23T23:09:18.900Z,2025-06-23T23:09:18.900Z
1345,,"300,000 Russian Casualties in Ukraine - Russian Invasion DOCUMENTARY","https://www.youtube.com/watch?v=gz67GkHoSeg",,,,,,,2025-06-23T23:09:18.904Z,2025-06-23T23:09:18.904Z
1346,,"Athens Strikes Back - Spartans Defeated - Peloponnesian War DOCUMENTARY","https://www.youtube.com/watch?v=s9QVplPqeYo",,,,,,,2025-06-23T23:09:18.909Z,2025-06-23T23:09:18.909Z
1347,,"Can the F-16 be a Game Changer for Ukraine in the War Against Russia?","https://www.youtube.com/watch?v=8f64SnDnXck",,,,,,,2025-06-23T23:09:18.913Z,2025-06-23T23:09:18.913Z
1348,,"Philippines Campaign FULL DOCUMENTARY - Pacific War Animated","https://www.youtube.com/watch?v=Gx6WPpjvCc8",,,,,,,2025-06-23T23:09:18.918Z,2025-06-23T23:09:18.918Z
1349,,"Eastern Roman Empire: Why So Many Civil Wars? DOCUMENTARY","https://www.youtube.com/watch?v=SK_yHooLu1s",,,,,,,2025-06-23T23:09:18.923Z,2025-06-23T23:09:18.923Z
1351,,"Ukraine Breaks Through the Surovikin Line - Russian Invasion DOCUMENTARY","https://www.youtube.com/watch?v=ONum4RbudQ0",,,,,,,2025-06-23T23:09:18.929Z,2025-06-23T23:09:18.929Z
1352,,"Why Was the Habsburg Empire Divided? - Kings and Generals DOCUMENTARY","https://www.youtube.com/watch?v=XPNv0iewEFE",,,,,,,2025-06-23T23:09:18.933Z,2025-06-23T23:09:18.933Z
1353,,"Roman Emperor Gets No Help in the West - Ottoman Empire DOCUMENTARY","https://www.youtube.com/watch?v=oJQlRi2KNf0",,,,,,,2025-06-23T23:09:18.938Z,2025-06-23T23:09:18.938Z
1354,,"Persians Join the Conflict - Peloponnesian War DOCUMENTARY","https://www.youtube.com/watch?v=zJjIOm_EMbA",,,,,,,2025-06-23T23:09:18.943Z,2025-06-23T23:09:18.943Z
1355,,"Issues with the Ukrainian Offensive - Russian Invasion DOCUMENTARY","https://www.youtube.com/watch?v=4h_bwIbyjsA",,,,,,,2025-06-23T23:09:18.947Z,2025-06-23T23:09:18.947Z
1356,,"How do the Russian and Ukrainian Economies Cope? - Kings and Generals DOCUMENTARY","https://www.youtube.com/watch?v=puRaYiBKqhs",,,,,,,2025-06-23T23:09:18.953Z,2025-06-23T23:09:18.953Z
1357,,"Malaya Campaign FULL DOCUMENTARY - Pacific War Animated","https://www.youtube.com/watch?v=mBKCuHBS-R8",,,,,,,2025-06-23T23:09:18.957Z,2025-06-23T23:09:18.957Z
1358,,"History of the Ukrainian Euromaidan Revolution of 2014 DOCUMENTARY","https://www.youtube.com/watch?v=cx-RxyyeAjw",,,,,,,2025-06-23T23:09:18.962Z,2025-06-23T23:09:18.962Z
1359,,"Arab Invasion of France - Battle of Toulouse 721 - Medieval DOCUMENTARY","https://www.youtube.com/watch?v=U2k-bKiIrx4",,,,,,,2025-06-23T23:09:18.969Z,2025-06-23T23:09:18.969Z
1360,,"Ukrainians Reach the Surovikin Line - Russian Invasion of Ukraine DOCUMENTARY","https://www.youtube.com/watch?v=qxfT_tTJ7B0",,,,,,,2025-06-23T23:09:18.974Z,2025-06-23T23:09:18.974Z
1361,,"Destruction of the Athenian Fleet - Greatest Military Disaster of Antiquity","https://www.youtube.com/watch?v=Aq0ReVZ92Ac",,,,,,,2025-06-23T23:09:18.979Z,2025-06-23T23:09:18.979Z
1362,,"How the Parthians Defeated the Romans Again - Post-Caesar Wars DOCUMENTARY","https://www.youtube.com/watch?v=CzNHnb-9wu0",,,,,,,2025-06-23T23:09:18.983Z,2025-06-23T23:09:18.983Z
1363,,"Who is Going to Rule Russia After Putin? Kings and Generals DOCUMENTARY","https://www.youtube.com/watch?v=KvRxkVHIKc4",,,,,,,2025-06-23T23:09:18.988Z,2025-06-23T23:09:18.988Z
1364,,"What Happened to the Anglo-Saxons After the Norman Conquest? DOCUMENTARY","https://www.youtube.com/watch?v=jx_FnQTdDwQ",,,,,,,2025-06-23T23:09:18.992Z,2025-06-23T23:09:18.992Z
1365,,"Battle of Mantinea 418 BC - Peloponnesian War 4K Animated DOCUMENTARY","https://www.youtube.com/watch?v=8YxcWZCs9JY",,,,,,,2025-06-23T23:09:18.997Z,2025-06-23T23:09:18.997Z
1366,,"How the Ottomans Defeated the Last Crusade - Nicopolis 1396 DOCUMENTARY","https://www.youtube.com/watch?v=t1LEcJti8_s",,,,,,,2025-06-23T23:09:19.001Z,2025-06-23T23:09:19.001Z
1367,,"Battle of Amphipolis 422 BC - Peloponnesian War 4K History DOCUMENTARY","https://www.youtube.com/watch?v=zWIfw5kzpBE",,,,,,,2025-06-23T23:09:19.006Z,2025-06-23T23:09:19.006Z
1368,,"Ukrainian Counteroffensive Continues - Russian Invasion DOCUMENTARY","https://www.youtube.com/watch?v=gPGcSefG-ek",,,,,,,2025-06-23T23:09:19.010Z,2025-06-23T23:09:19.010Z
1369,,"Can the EU be a Superpower? - Kings and Generals Modern DOCUMENTARY","https://www.youtube.com/watch?v=85KXEtX9ABc",,,,,,,2025-06-23T23:09:19.015Z,2025-06-23T23:09:19.015Z
1370,,"Full History of the Ancient Britons: Origins to Post Rome DOCUMENTARY","https://www.youtube.com/watch?v=5tzi_J8XDXI",,,,,,,2025-06-23T23:09:19.020Z,2025-06-23T23:09:19.020Z
1371,,"Drive on Munda Point - Pacific War #87 DOCUMENTARY","https://www.youtube.com/watch?v=7anymF1NXmY",,,,,,,2025-06-23T23:09:19.024Z,2025-06-23T23:09:19.024Z
1372,,"Battle of Pylos 425 BC - Peloponnesian War #3 History 4K DOCUMENTARY","https://www.youtube.com/watch?v=GhQufEEzYdA",,,,,,,2025-06-23T23:09:19.029Z,2025-06-23T23:09:19.029Z
1373,,"History of Wagner Before Ukraine - Early Story DOCUMENTARY","https://www.youtube.com/watch?v=JjmX-j72cYA",,,,,,,2025-06-23T23:09:19.034Z,2025-06-23T23:09:19.034Z
1374,,"Prigozhin's Coup - Wagner Mutiny - Russian Invasion of Ukraine DOCUMENTARY","https://www.youtube.com/watch?v=HAY2u55fDGo",,,,,,,2025-06-23T23:09:19.039Z,2025-06-23T23:09:19.039Z
1375,,"Battle of Kolombangara - Pacific War #86 DOCUMENTARY","https://www.youtube.com/watch?v=-OpwGmnDmx0",,,,,,,2025-06-23T23:09:19.043Z,2025-06-23T23:09:19.043Z
1376,,"Plataea 429-427 BC - Peloponnesian War DOCUMENTARY","https://www.youtube.com/watch?v=iI5Gp9Eyo-c",,,,,,,2025-06-23T23:09:19.048Z,2025-06-23T23:09:19.048Z
1377,,"Kingdom of Okinawa - The Venice of Asia DOCUMENTARY","https://www.youtube.com/watch?v=LYlnv6mjgAY",,,,,,,2025-06-23T23:09:19.052Z,2025-06-23T23:09:19.052Z
1378,,"How the French Lost the Italian Wars - Early Modern History DOCUMENTARY","https://www.youtube.com/watch?v=_Svt81cBzFk",,,,,,,2025-06-23T23:09:19.057Z,2025-06-23T23:09:19.057Z
1379,,"How and Why the Peloponnesian War Started - Ancient History DOCUMENTARY","https://www.youtube.com/watch?v=2lr8yAfjcDA",,,,,,,2025-06-23T23:09:19.062Z,2025-06-23T23:09:19.062Z
1380,,"Battle of Kula Gulf - Pacific War #85 DOCUMENTARY","https://www.youtube.com/watch?v=dIVYO3RRSkM",,,,,,,2025-06-23T23:09:19.067Z,2025-06-23T23:09:19.067Z
1381,,"Can the Russian JDAMs Change the Fate of War in Ukraine?","https://www.youtube.com/watch?v=FqiQ99Fcsn0",,,,,,,2025-06-23T23:09:19.071Z,2025-06-23T23:09:19.071Z
1382,,"Conquest of New Georgia - Pacific War #84 DOCUMENTARY","https://www.youtube.com/watch?v=4yR41AHqc4c",,,,,,,2025-06-23T23:09:19.076Z,2025-06-23T23:09:19.076Z
1383,,"First Jihad Against the Crusaders - First Crusade #16 DOCUMENTARY","https://www.youtube.com/watch?v=yH8uWQSf7qM",,,,,,,2025-06-23T23:09:19.080Z,2025-06-23T23:09:19.080Z
1384,,"Ukrainian Counteroffensive Begins - Russian Invasion DOCUMENTARY","https://www.youtube.com/watch?v=pBMoIOodqm0",,,,,,,2025-06-23T23:09:19.085Z,2025-06-23T23:09:19.085Z
1385,,"How the First Tanks Were Created - Animated Historical DOCUMENTARY","https://www.youtube.com/watch?v=rAi4wlSVy1Y",,,,,,,2025-06-23T23:09:19.090Z,2025-06-23T23:09:19.090Z
1386,,"How Would Ukraine Liberate Crimea? - Russian Invasion DOCUMENTARY","https://www.youtube.com/watch?v=vm96YQqNvAY",,,,,,,2025-06-23T23:09:19.094Z,2025-06-23T23:09:19.094Z
1387,,"Battle of Lababia Ridge - Pacific War #83 DOCUMENTARY","https://www.youtube.com/watch?v=ev35ELJ3-zo",,,,,,,2025-06-23T23:09:19.098Z,2025-06-23T23:09:19.098Z
1388,,"Why Did the Saxons Lose to the Vikings? Medieval Animated DOCUMENTARY","https://www.youtube.com/watch?v=VTouKSYSsss",,,,,,,2025-06-23T23:09:19.103Z,2025-06-23T23:09:19.103Z
1389,,"Bakhmut Falls - Belgorod Raid - Russian Invasion of Ukraine DOCUMENTARY","https://www.youtube.com/watch?v=-baBEiiTnCc",,,,,,,2025-06-23T23:09:19.109Z,2025-06-23T23:09:19.109Z
1390,,"Operation Cartwheel Begins - Pacific War #82 DOCUMENTARY","https://www.youtube.com/watch?v=iaI1U8_HGMs",,,,,,,2025-06-23T23:09:19.113Z,2025-06-23T23:09:19.113Z
1391,,"Sultan Baybars - From Slave to Saviour of Islam - Animated DOCUMENTARY","https://www.youtube.com/watch?v=GFf67JtUUm4",,,,,,,2025-06-23T23:09:19.118Z,2025-06-23T23:09:19.118Z
1392,,"Brewster F2A Buffalo - Pacific War #81 DOCUMENTARY","https://www.youtube.com/watch?v=E-Ryv5Opij4",,,,,,,2025-06-23T23:09:19.123Z,2025-06-23T23:09:19.123Z
1393,,"2nd Battle of El Alamein - End of the African Campaign DOCUMENTARY","https://www.youtube.com/watch?v=W-5J9TqEz78",,,,,,,2025-06-23T23:09:19.128Z,2025-06-23T23:09:19.128Z
1394,,"What is PrigozhinΓÇÖs Game? - Russian Invasion of Ukraine DOCUMENTARY","https://www.youtube.com/watch?v=rXyonEl1uzQ",,,,,,,2025-06-23T23:09:19.132Z,2025-06-23T23:09:19.132Z
1395,,"Withdrawal from West Hubei - Pacific War #80 DOCUMENTARY","https://www.youtube.com/watch?v=6WQPYSXGFoY",,,,,,,2025-06-23T23:09:19.137Z,2025-06-23T23:09:19.137Z
1396,,"What is in the Pentagon Leaks? - Kings and Generals DOCUMENTARY","https://www.youtube.com/watch?v=BQPhhchfs5I",,,,,,,2025-06-23T23:09:19.141Z,2025-06-23T23:09:19.141Z
1397,,"Russia, China and Iran - a New Axis? - Kings and Generals DOCUMENTARY","https://www.youtube.com/watch?v=wRAQezn85tw",,,,,,,2025-06-23T23:09:19.146Z,2025-06-23T23:09:19.146Z
1398,,"Why Do We Call the War in Ukraine Unprovoked? - Debunking Russian Claims","https://www.youtube.com/watch?v=bQbP4jTx2wU",,,,,,,2025-06-23T23:09:19.151Z,2025-06-23T23:09:19.151Z
1399,,"First Crusade Against the Romans - Animated Medieval 4K DOCUMENTARY","https://www.youtube.com/watch?v=PixH-H6WDW0",,,,,,,2025-06-23T23:09:19.156Z,2025-06-23T23:09:19.156Z
1400,,"Fall of Attu - Pacific War #79 DOCUMENTARY","https://www.youtube.com/watch?v=32mtAXi2L-4",,,,,,,2025-06-23T23:09:19.160Z,2025-06-23T23:09:19.160Z
1401,,"Norman Kingdom in Italy - Animated Historical Medieval 4k DOCUMENTARY","https://www.youtube.com/watch?v=04dll_DYysU",,,,,,,2025-06-23T23:09:19.165Z,2025-06-23T23:09:19.165Z
1402,,"Stalemate Again - Russian Invasion of Ukraine DOCUMENTARY","https://www.youtube.com/watch?v=W_D9XZV5Qls",,,,,,,2025-06-23T23:09:19.170Z,2025-06-23T23:09:19.170Z
1403,,"West Hubei Offensive - Pacific War #78 DOCUMENTARY","https://www.youtube.com/watch?v=U6AtjvH366s",,,,,,,2025-06-23T23:09:19.175Z,2025-06-23T23:09:19.175Z
1404,,"First Major Ottoman Defeat - Battle of Rovine 1395 - 4K DOCUMENTARY","https://www.youtube.com/watch?v=CQaa4idtCVE",,,,,,,2025-06-23T23:09:19.179Z,2025-06-23T23:09:19.179Z
1405,,"Battle of Attu - Pacific War #77 DOCUMENTARY","https://www.youtube.com/watch?v=HEbSBGP__LE",,,,,,,2025-06-23T23:09:19.184Z,2025-06-23T23:09:19.184Z
1406,,"How Medieval Jousting Tournaments Were Held- Middle Ages DOCUMENTARY","https://www.youtube.com/watch?v=VXutkrTVN0Q",,,,,,,2025-06-23T23:09:19.188Z,2025-06-23T23:09:19.188Z
1407,,"Where Will Ukraine Attack? - Russian Invasion DOCUMENTARY","https://www.youtube.com/watch?v=dLtk0I5LEXY",,,,,,,2025-06-23T23:09:19.193Z,2025-06-23T23:09:19.193Z
1408,,"Guadalcanal Campaign FULL DOCUMENTARY - Pacific War Animated","https://www.youtube.com/watch?v=FI4eNk69E8Q",,,,,,,2025-06-23T23:09:19.200Z,2025-06-23T23:09:19.200Z
1409,,"Russia slows down, Ukraine prepares for counteroffensive - DOCUMENTARY","https://www.youtube.com/watch?v=-i_qpQI29Io",,,,,,,2025-06-23T23:09:19.205Z,2025-06-23T23:09:19.205Z
1410,,"Drive to Salamua - Pacific War #76 DOCUMENTARY","https://www.youtube.com/watch?v=FWNYEboUsys",,,,,,,2025-06-23T23:09:19.209Z,2025-06-23T23:09:19.209Z
1411,,"15 Events that Defined the War in Ukraine - Modern DOCUMENTARY","https://www.youtube.com/watch?v=kB-fUwNFkNo",,,,,,,2025-06-23T23:09:19.214Z,2025-06-23T23:09:19.214Z
1412,,"Was an Arthurian Knight Inspired by a Hungarian King? Medieval DOCUMENTARY","https://www.youtube.com/watch?v=htils7su1MQ",,,,,,,2025-06-23T23:09:19.219Z,2025-06-23T23:09:19.219Z
1413,,"Japan Counterattacks in Arakan - Pacific War #75 DOCUMENTARY","https://www.youtube.com/watch?v=MZBuYu6we9I",,,,,,,2025-06-23T23:09:19.224Z,2025-06-23T23:09:19.224Z
1414,,"Last Days of Alexander - Two Versions - Ancient History DOCUMENTARY","https://www.youtube.com/watch?v=xwO3M8To2OM",,,,,,,2025-06-23T23:09:19.229Z,2025-06-23T23:09:19.229Z
1415,,"Siege of Constantinople 717-718 - Early Muslim Expansion 4K DOCUMENTARY","https://www.youtube.com/watch?v=KcLpPv9T0CA",,,,,,,2025-06-23T23:09:19.234Z,2025-06-23T23:09:19.234Z
1416,,"Operation Vengeance: Avenging Pearl Harbor - Pacific War #74 DOCUMENTARY","https://www.youtube.com/watch?v=GKAZ3LFeG4g",,,,,,,2025-06-23T23:09:19.239Z,2025-06-23T23:09:19.239Z
1417,,"Russia Occupied 0.01% of Ukraine in March - Russian Invasion DOCUMENTARY","https://www.youtube.com/watch?v=bRxjOJSv8Bg",,,,,,,2025-06-23T23:09:19.244Z,2025-06-23T23:09:19.244Z
1418,,"How Russia Ended Ukrainian Independence - Early Modern History DOCUMENTARY","https://www.youtube.com/watch?v=Hyi490NXuG4",,,,,,,2025-06-23T23:09:19.249Z,2025-06-23T23:09:19.249Z
1419,,"Return of the Chindits - Pacific War #73 DOCUMENTARY","https://www.youtube.com/watch?v=-WVvZrBGZLw",,,,,,,2025-06-23T23:09:19.254Z,2025-06-23T23:09:19.254Z
1420,,"How the Ottomans Became Sultans of Rum - Ottoman Empire DOCUMENTARY","https://www.youtube.com/watch?v=WY4DVdCTgGY",,,,,,,2025-06-23T23:09:19.258Z,2025-06-23T23:09:19.258Z
1421,,"Norman Invasion of Wales - Medieval Celts DOCUMENTARY","https://www.youtube.com/watch?v=yjKcDL3JY1M",,,,,,,2025-06-23T23:09:19.263Z,2025-06-23T23:09:19.263Z
1422,,"Japan Tries to Counter-Attack - Pacific War #72 DOCUMENTARY","https://www.youtube.com/watch?v=rjvbvQBeujE",,,,,,,2025-06-23T23:09:19.268Z,2025-06-23T23:09:19.268Z
1423,,"Putin Needs Bakhmut & Avdiivka - Russian Invasion of Ukraine DOCUMENTARY","https://www.youtube.com/watch?v=riQOPfoPwDs",,,,,,,2025-06-23T23:09:19.274Z,2025-06-23T23:09:19.274Z
1424,,"Alexander's Last Year - Reforms and Plans - Ancient History DOCUMENTARY","https://www.youtube.com/watch?v=D5hlu3ZuoI0",,,,,,,2025-06-23T23:09:19.279Z,2025-06-23T23:09:19.279Z
1425,,"Military Conference that Decided the fate of the Pacific War - #71","https://www.youtube.com/watch?v=CVYXF5270CU",,,,,,,2025-06-23T23:09:19.283Z,2025-06-23T23:09:19.283Z
1426,,"Circassian Genocide - How Russia Took Over the Caucasus DOCUMENTARY","https://www.youtube.com/watch?v=WFSDbHppDKg",,,,,,,2025-06-23T23:09:19.288Z,2025-06-23T23:09:19.288Z
1427,,"Worst Crusade - Crusade of 1101 - Medieval Battles DOCUMENTARY","https://www.youtube.com/watch?v=PI5IVrPH6rE",,,,,,,2025-06-23T23:09:19.292Z,2025-06-23T23:09:19.292Z
1428,,"Battle of the Komandorski Islands - Pacific War #70 DOCUMENTARY","https://www.youtube.com/watch?v=DBdg3xP3La0",,,,,,,2025-06-23T23:09:19.297Z,2025-06-23T23:09:19.297Z
1429,,"Bakhmut Holds - Chinese Plan - Russian Invasion of Ukraine DOCUMENTARY","https://www.youtube.com/watch?v=T19EjO6JTZM",,,,,,,2025-06-23T23:09:19.301Z,2025-06-23T23:09:19.301Z
1430,,"How India Defended Against the Mongols - Medieval DOCUMENTARY","https://www.youtube.com/watch?v=PY2ac4klEQU",,,,,,,2025-06-23T23:09:19.306Z,2025-06-23T23:09:19.306Z
1431,,"Operation Longcloth - Pacific War #69 DOCUMENTARY","https://www.youtube.com/watch?v=KJ2YOOsjq-s",,,,,,,2025-06-23T23:09:19.310Z,2025-06-23T23:09:19.310Z
1432,,"How the Muslims conquered Spain - Guadelete 711 - Medieval DOCUMENTARY","https://www.youtube.com/watch?v=p9R3yh90hA0",,,,,,,2025-06-23T23:09:19.315Z,2025-06-23T23:09:19.315Z
1433,,"How did Japan become Buddhist? - History of Religions DOCUMENTARY","https://www.youtube.com/watch?v=u0Zrwqh3GEc",,,,,,,2025-06-23T23:09:19.319Z,2025-06-23T23:09:19.319Z
1434,,"Battle at the Blackett Strait - Pacific War #68 DOCUMENTARY","https://www.youtube.com/watch?v=u5wo_9Acm80",,,,,,,2025-06-23T23:09:19.324Z,2025-06-23T23:09:19.324Z
1435,,"Bakhmut Crisis, Russian Vuhledar Disaster - Russian Invasion of Ukraine","https://www.youtube.com/watch?v=uazg6o-c1U4",,,,,,,2025-06-23T23:09:19.329Z,2025-06-23T23:09:19.329Z
1436,,"Early Protestant Movements - History of Religion DOCUMENTARY","https://www.youtube.com/watch?v=zl20UudcEkI",,,,,,,2025-06-23T23:09:19.333Z,2025-06-23T23:09:19.333Z
1437,,"Battle of the Bismarck Sea - Pacific War #67 DOCUMENTARY","https://www.youtube.com/watch?v=p5_kgcQw5Ms",,,,,,,2025-06-23T23:09:19.338Z,2025-06-23T23:09:19.338Z
1438,,"Last Battle of the First Crusade - Ascalon 1099 - 4K History DOCUMENTARY","https://www.youtube.com/watch?v=-d3nEjQuBQg",,,,,,,2025-06-23T23:09:19.342Z,2025-06-23T23:09:19.342Z
1439,,"Why Were Medieval Armies So Small? - Medieval History DOCUMENTARY","https://www.youtube.com/watch?v=H-fe1Gzymhw",,,,,,,2025-06-23T23:09:19.347Z,2025-06-23T23:09:19.347Z
1440,,"What is the Russian Attack Plan - Russian Invasion of Ukraine DOCUMENTARY","https://www.youtube.com/watch?v=oOGgRgWzElA",,,,,,,2025-06-23T23:09:19.351Z,2025-06-23T23:09:19.351Z
1441,,"Landing at Amchitka - Pacific War #66 DOCUMENTARY","https://www.youtube.com/watch?v=J1w7W-uWGM0",,,,,,,2025-06-23T23:09:19.356Z,2025-06-23T23:09:19.356Z
1442,,"Battle of Kosovo 1389 - Rise of Ottoman Empire - 4K DOCUMENTARY","https://www.youtube.com/watch?v=PwRfCAU7vzA",,,,,,,2025-06-23T23:09:19.361Z,2025-06-23T23:09:19.361Z
1443,,"Russia Regains Initiative, Western Tanks - Russian Invasion DOCUMENTARY","https://www.youtube.com/watch?v=eoIbUUPCkKg",,,,,,,2025-06-23T23:09:19.366Z,2025-06-23T23:09:19.366Z
1444,,"Daily Life of the Ancient Egyptians - Ancient Civilizations DOCUMENTARY","https://www.youtube.com/watch?v=PrLXDvPrL4E",,,,,,,2025-06-23T23:09:19.371Z,2025-06-23T23:09:19.371Z
1445,,"Britain Strikes Back Against Japan - Pacific War #65 DOCUMENTARY","https://www.youtube.com/watch?v=cfmJcETbERM",,,,,,,2025-06-23T23:09:19.375Z,2025-06-23T23:09:19.375Z
1446,,"Octavian Defeats Two Enemies In One Campaign - Post-Caesar Civil Wars","https://www.youtube.com/watch?v=g4w2WOBNA40",,,,,,,2025-06-23T23:09:19.381Z,2025-06-23T23:09:19.381Z
1447,,"How the Ruthenians defended against the Mongols - Medieval DOCUMENTARY","https://www.youtube.com/watch?v=vm5e_qLHTyU",,,,,,,2025-06-23T23:09:19.385Z,2025-06-23T23:09:19.385Z
1448,,"Battle of Wau - Pacific War #64 DOCUMENTARY","https://www.youtube.com/watch?v=2cqIED35lbA",,,,,,,2025-06-23T23:09:19.390Z,2025-06-23T23:09:19.390Z
1449,,"Russian Advance Around Bakhmut - Russian Invasion of Ukraine DOCUMENTARY","https://www.youtube.com/watch?v=TmpWByOr6JQ",,,,,,,2025-06-23T23:09:19.395Z,2025-06-23T23:09:19.395Z
1450,,"End of the Guadalcanal Campaign - Pacific War #63 DOCUMENTARY","https://www.youtube.com/watch?v=D2Jw_AjaF94",,,,,,,2025-06-23T23:09:19.400Z,2025-06-23T23:09:19.400Z
1451,,"Full History of the Ancient Celts: Origins to Roman Conquest DOCUMENTARY","https://www.youtube.com/watch?v=uOaStDDogDY",,,,,,,2025-06-23T23:09:19.404Z,2025-06-23T23:09:19.404Z
1452,,"Ottoman Expansion in Anatolia - Ottoman Empire 4k DOCUMENTARY","https://www.youtube.com/watch?v=bIO66-ZKNhQ",,,,,,,2025-06-23T23:09:19.408Z,2025-06-23T23:09:19.408Z
1453,,"Russia's First Invasion of Ukraine - Ukrainian History DOCUMENTARY","https://www.youtube.com/watch?v=TuW_aV9qIBY",,,,,,,2025-06-23T23:09:19.413Z,2025-06-23T23:09:19.413Z
1454,,"Battle of Rennell Island - Pacific War #62 DOCUMENTARY","https://www.youtube.com/watch?v=ViQi8YzZm8w",,,,,,,2025-06-23T23:09:19.418Z,2025-06-23T23:09:19.418Z
1455,,"Octavian Attacks Pompey - Mylae 36 BC - Post-Caesar Civil Wars DOCUMENTARY","https://www.youtube.com/watch?v=C-yLDW6XMsg",,,,,,,2025-06-23T23:09:19.422Z,2025-06-23T23:09:19.422Z
1456,,"Battle of Kyiv - Russian Invasion of Ukraine DOCUMENTARY @UNITED24media","https://www.youtube.com/watch?v=ZSSiPrF8GoM",,,,,,,2025-06-23T23:09:19.427Z,2025-06-23T23:09:19.427Z
1457,,"End of the Battle of Buna-Gona - Pacific War #61 DOCUMENTARY","https://www.youtube.com/watch?v=o8po14UzWUc",,,,,,,2025-06-23T23:09:19.431Z,2025-06-23T23:09:19.431Z
1458,,"How the Mafia Helped the Allies in World War 2 DOCUMENTARY","https://www.youtube.com/watch?v=JWqE1eUgA0E",,,,,,,2025-06-23T23:09:19.436Z,2025-06-23T23:09:19.436Z
1459,,"December Stalemate - Russian Invasion of Ukraine DOCUMENTARY","https://www.youtube.com/watch?v=OOpew0MbJtg",,,,,,,2025-06-23T23:09:19.440Z,2025-06-23T23:09:19.440Z
1460,,"Galloping Horse and Sea Horse - Pacific War #60 DOCUMENTARY","https://www.youtube.com/watch?v=Nr4kL6AZhg4",,,,,,,2025-06-23T23:09:19.445Z,2025-06-23T23:09:19.445Z
1461,,"Imjin War - Japanese Invasion of Korea 1592-1598 - 4K DOCUMENTARY","https://www.youtube.com/watch?v=5TA5gb1beqo",,,,,,,2025-06-23T23:09:19.449Z,2025-06-23T23:09:19.449Z
1462,,"How Ukraine Changed the Power Balance in the Black Sea - DOCUMENTARY","https://www.youtube.com/watch?v=gpK1yML03l8",,,,,,,2025-06-23T23:09:19.454Z,2025-06-23T23:09:19.454Z
1463,,"Sanananda Campaign - Pacific War #59 DOCUMENTARY","https://www.youtube.com/watch?v=30KPBh9uCNY",,,,,,,2025-06-23T23:09:19.458Z,2025-06-23T23:09:19.458Z
1464,,"Dunbar 1650 - Cromwell in Ireland and Scotland - History DOCUMENTARY","https://www.youtube.com/watch?v=7q72DEA84D8",,,,,,,2025-06-23T23:09:19.463Z,2025-06-23T23:09:19.463Z
1465,,"Why did the Arabs revolt against the Ottoman Empire? DOCUMENTARY","https://www.youtube.com/watch?v=SGrjQeskPwU",,,,,,,2025-06-23T23:09:19.467Z,2025-06-23T23:09:19.467Z
1466,,"Revival of the Medieval Roman Empire - Byzantine Reconquista DOCUMENTARY","https://www.youtube.com/watch?v=cpLicb2t7Mw",,,,,,,2025-06-23T23:09:19.472Z,2025-06-23T23:09:19.472Z
1467,,"Fall of Buna - Pacific War #58 DOCUMENTARY","https://www.youtube.com/watch?v=zdrT-xXTr1U",,,,,,,2025-06-23T23:09:19.477Z,2025-06-23T23:09:19.477Z
1468,,"Siege of Jerusalem 1099 - First Crusade Medieval History 4K DOCUMENTARY","https://www.youtube.com/watch?v=nUCYmHwDM3E",,,,,,,2025-06-23T23:09:19.482Z,2025-06-23T23:09:19.482Z
1469,,"How the Chinese Defended Against the Mongols - Medieval DOCUMENTARY","https://www.youtube.com/watch?v=RmaVP1n3Ogk",,,,,,,2025-06-23T23:09:19.486Z,2025-06-23T23:09:19.486Z
1470,,"First Arakan Campaign - Pacific War #57 DOCUMENTARY","https://www.youtube.com/watch?v=PffAwS5NfPc",,,,,,,2025-06-23T23:09:19.491Z,2025-06-23T23:09:19.491Z
1471,,"Winter Takes Over - Russian Invasion of Ukraine DOCUMENTARY","https://www.youtube.com/watch?v=8r0JfS6WTWs",,,,,,,2025-06-23T23:09:19.495Z,2025-06-23T23:09:19.495Z
1472,,"Why 1224 was the most politically unstable year in Europe? DOCUMENTARY","https://www.youtube.com/watch?v=eq8vijF_muU",,,,,,,2025-06-23T23:09:19.500Z,2025-06-23T23:09:19.500Z
1473,,"Alexander's Last War - Mallian Campaign - Ancient History DOCUMENTARY","https://www.youtube.com/watch?v=LUPvGmoRe74",,,,,,,2025-06-23T23:09:19.505Z,2025-06-23T23:09:19.505Z
1474,,"Battle of Mount Austen - Pacific War #56 DOCUMENTARY","https://www.youtube.com/watch?v=SInTj5y9fGY",,,,,,,2025-06-23T23:09:19.509Z,2025-06-23T23:09:19.509Z
1475,,"Battle of Didgori 1121 - Georgian-Seljuk War DOCUMENTARY","https://www.youtube.com/watch?v=c-qi9dPI_Vw",,,,,,,2025-06-23T23:09:19.514Z,2025-06-23T23:09:19.514Z
1476,,"Fall of Gona - Allied Breakthrough - Pacific War #55 DOCUMENTARY","https://www.youtube.com/watch?v=PfwQXciz-J4",,,,,,,2025-06-23T23:09:19.518Z,2025-06-23T23:09:19.518Z
1477,,"Century of Crisis - Why the 1300s Were the Worst - Medieval DOCUMENTARY","https://www.youtube.com/watch?v=fwXlr4_pGhM",,,,,,,2025-06-23T23:09:19.523Z,2025-06-23T23:09:19.523Z
1478,,"Preston 1648 - Cromwell Ends the English Civil War - DOCUMENTARY","https://www.youtube.com/watch?v=g_DpVK52P2s",,,,,,,2025-06-23T23:09:19.528Z,2025-06-23T23:09:19.528Z
1479,,"How Ukraine Liberated Kherson - Russian Invasion DOCUMENTARY","https://www.youtube.com/watch?v=sYr5mTNljN8",,,,,,,2025-06-23T23:09:19.532Z,2025-06-23T23:09:19.532Z
1480,,"Wales during the Viking Age - Medieval Celts DOCUMENTARY","https://www.youtube.com/watch?v=fSbbrTMsohg",,,,,,,2025-06-23T23:09:19.537Z,2025-06-23T23:09:19.537Z
1481,,"Battle of Tassafaronga - Pacific War #54 DOCUMENTARY","https://www.youtube.com/watch?v=Mw5Htq_qKKU",,,,,,,2025-06-23T23:09:19.542Z,2025-06-23T23:09:19.542Z
1482,,"Greek War of Independence 1821-32 - Greek & Ottoman History DOCUMENTARY","https://www.youtube.com/watch?v=8c7qMvIL3gI",,,,,,,2025-06-23T23:09:19.546Z,2025-06-23T23:09:19.546Z
1483,,"How the Mamluks Defended Against the Mongols - Medieval DOCUMENTARY","https://www.youtube.com/watch?v=pPV5K1WkWjc",,,,,,,2025-06-23T23:09:19.551Z,2025-06-23T23:09:19.551Z
1484,,"Maritsa 1371 - End of the Serbian Empire - Ottoman History DOCUMENTARY","https://www.youtube.com/watch?v=qBA-jdWQGJs",,,,,,,2025-06-23T23:09:19.559Z,2025-06-23T23:09:19.559Z
1485,,"Why Was Italy so Fragmented in the Middle Ages? - Medieval DOCUMENTARY","https://www.youtube.com/watch?v=L9m5kifZjhU",,,,,,,2025-06-23T23:09:19.564Z,2025-06-23T23:09:19.564Z
1486,,"Mongol Ideology - Why Chinggis Wanted to Conquer the World - DOCUMENTARY","https://www.youtube.com/watch?v=8W3B8o1r2-c",,,,,,,2025-06-23T23:09:19.568Z,2025-06-23T23:09:19.568Z
1487,,"Carlson's Long Patrol - Pacific War #53 DOCUMENTARY","https://www.youtube.com/watch?v=4NxI9SzOGxY",,,,,,,2025-06-23T23:09:19.572Z,2025-06-23T23:09:19.572Z
1488,,"Battle that Turned Crusaders into Cannibals - Ma'arra 1098 - First Crusade 4K","https://www.youtube.com/watch?v=tIJ6Nf_G_jM",,,,,,,2025-06-23T23:09:19.580Z,2025-06-23T23:09:19.580Z
1489,,"History of Thebes - Ancient Egypt's Holiest City - Bronze Age DOCUMENTARY","https://www.youtube.com/watch?v=_8vhWNIDPCU",,,,,,,2025-06-23T23:09:19.585Z,2025-06-23T23:09:19.585Z
1490,,"Why do we call them the ""Dark Ages""? - Medieval DOCUMENTARY","https://www.youtube.com/watch?v=9kHvlapsJjw",,,,,,,2025-06-23T23:09:19.590Z,2025-06-23T23:09:19.590Z
1491,,"Ukrainian Attack on Crimea and the Grain Deal - Russian Invasion DOCUMENTARY","https://www.youtube.com/watch?v=wUAzOsvaX7k",,,,,,,2025-06-23T23:09:19.594Z,2025-06-23T23:09:19.594Z
1492,,"Battle of Buna-Gona - Pacific War #52 DOCUMENTARY","https://www.youtube.com/watch?v=SxSuFhq6df8",,,,,,,2025-06-23T23:09:19.599Z,2025-06-23T23:09:19.599Z
1493,,"Battle of Hydaspes 326 BC - Conquests of Alexander the Great DOCUMENTARY","https://www.youtube.com/watch?v=NxUXkhEoznQ",,,,,,,2025-06-23T23:09:19.603Z,2025-06-23T23:09:19.603Z
1494,,"How the Roman Rulers Became God-Emperors - Roman Religion DOCUMENTARY","https://www.youtube.com/watch?v=PVUq670hGvY",,,,,,,2025-06-23T23:09:19.608Z,2025-06-23T23:09:19.608Z
1495,,"The Lost History of Genghis Khan - Mongol History DOCUMENTARY","https://www.youtube.com/watch?v=FdxT58OpDf4",,,,,,,2025-06-23T23:09:19.612Z,2025-06-23T23:09:19.612Z
1496,,"Sack of Rome 1527 - Italian Wars DOCUMENTARY","https://www.youtube.com/watch?v=BXA4BoKloUI",,,,,,,2025-06-23T23:09:19.617Z,2025-06-23T23:09:19.617Z
1497,,"Naval Battle of Guadalcanal - Pacific War #51 DOCUMENTARY","https://www.youtube.com/watch?v=VLvsHgE_9Aw",,,,,,,2025-06-23T23:09:19.621Z,2025-06-23T23:09:19.621Z
1498,,"CromwellΓÇÖs Crowning Victory - Battle of Naseby - English Civil War","https://www.youtube.com/watch?v=rTbKpSTYxPI",,,,,,,2025-06-23T23:09:19.626Z,2025-06-23T23:09:19.626Z
1499,,"First Muslim Incursion into India - Early Muslim Expansion DOCUMENTARY","https://www.youtube.com/watch?v=TFcGpsb0_70",,,,,,,2025-06-23T23:09:19.631Z,2025-06-23T23:09:19.631Z
1500,,"Celtic Britons: the Origins of Medieval Wales - Middle Ages DOCUMENTARY","https://www.youtube.com/watch?v=Rqa3sgSncdk",,,,,,,2025-06-23T23:09:19.635Z,2025-06-23T23:09:19.635Z
1501,,"Attack on the Crimean Bridge - Russian Invasion of Ukraine DOCUMENTARY","https://www.youtube.com/watch?v=i4gebic_Wnc",,,,,,,2025-06-23T23:09:19.641Z,2025-06-23T23:09:19.641Z
1502,,"Battle of Oivi-Gorari - Pacific War #50 DOCUMENTARY","https://www.youtube.com/watch?v=xjmHvG8XSP4",,,,,,,2025-06-23T23:09:19.646Z,2025-06-23T23:09:19.646Z
1503,,"How the Ottomans Took Over Western Anatolia - Medieval History DOCUMENTARY","https://www.youtube.com/watch?v=JPAK3stgMBU",,,,,,,2025-06-23T23:09:19.650Z,2025-06-23T23:09:19.650Z
1504,,"Kingdom of Armenia - Between Rome & Parthia - Ancient History DOCUMENTARY","https://www.youtube.com/watch?v=faQsYjxtJRU",,,,,,,2025-06-23T23:09:19.654Z,2025-06-23T23:09:19.654Z
1505,,"Civil War of the First Crusade - Medieval History DOCUMENTARY","https://www.youtube.com/watch?v=RywLZ9h-Cfg",,,,,,,2025-06-23T23:09:19.659Z,2025-06-23T23:09:19.659Z
1506,,"Great Powers of the Victorian Era - Victoria 3 DOCUMENTARY","https://www.youtube.com/watch?v=QKnRuB9wZ-8",,,,,,,2025-06-23T23:09:19.665Z,2025-06-23T23:09:19.665Z
1507,,"Battle of the Santa Cruz Islands - Pacific War #49 DOCUMENTARY","https://www.youtube.com/watch?v=WUA3OUwacgk",,,,,,,2025-06-23T23:09:19.670Z,2025-06-23T23:09:19.670Z
1508,,"10 Events That Defined the Victorian Era - Victoria 3 DOCUMENTARY","https://www.youtube.com/watch?v=OeMJiPKe0oU",,,,,,,2025-06-23T23:09:19.674Z,2025-06-23T23:09:19.674Z
1509,,"Ukraine Continues Attacking - Russian Invasion DOCUMENTARY","https://www.youtube.com/watch?v=S7usqwT-ty4",,,,,,,2025-06-23T23:09:19.681Z,2025-06-23T23:09:19.681Z
1510,,"Battle for Henderson Field - Pacific War #48 DOCUMENTARY","https://www.youtube.com/watch?v=kPqYKZY6Iac",,,,,,,2025-06-23T23:09:19.685Z,2025-06-23T23:09:19.685Z
1511,,"Did the Middle Ages Happen? - Debunking the Phantom Time Hypothesis","https://www.youtube.com/watch?v=L_SWpfF7r5I",,,,,,,2025-06-23T23:09:19.690Z,2025-06-23T23:09:19.690Z
1512,,"Russian Invasion of Ukraine - 6 Month Summary DOCUMENTARY","https://www.youtube.com/watch?v=4mJT452uDDc",,,,,,,2025-06-23T23:09:19.695Z,2025-06-23T23:09:19.695Z
1513,,"Kokoda Track Counteroffensive - Pacific War #47 DOCUMENTARY","https://www.youtube.com/watch?v=2yteUdJdE_0",,,,,,,2025-06-23T23:09:19.699Z,2025-06-23T23:09:19.699Z
1514,,"PompeianΓÇôParthian invasion of Rome - Post-Caesar Civil Wars DOCUMENTARY","https://www.youtube.com/watch?v=WdBZ61ulasQ",,,,,,,2025-06-23T23:09:19.703Z,2025-06-23T23:09:19.703Z
1515,,"Rise of Cromwell - Marston Moor 1644 - English Civil War DOCUMENTARY","https://www.youtube.com/watch?v=PJ7VWqQwYag",,,,,,,2025-06-23T23:09:19.708Z,2025-06-23T23:09:19.708Z
1516,,"Battle of Cape Esperance - Pacific War #46 DOCUMENTARY","https://www.youtube.com/watch?v=mqfNY45xYjQ",,,,,,,2025-06-23T23:09:19.713Z,2025-06-23T23:09:19.713Z
1517,,"Alexander in Afghanistan - Cophen Campaign - Ancient Battles DOCUMENTARY","https://www.youtube.com/watch?v=1VYDWyGo1uU",,,,,,,2025-06-23T23:09:19.717Z,2025-06-23T23:09:19.717Z
1518,,"Battle of Matanikau - Pacific War #45 DOCUMENTARY","https://www.youtube.com/watch?v=Xg4hwxtoPM8",,,,,,,2025-06-23T23:09:19.721Z,2025-06-23T23:09:19.721Z
1519,,"Ukrainian Kharkiv Counter-Offensive - Russian Invasion DOCUMENTARY","https://www.youtube.com/watch?v=gJRjKuss_Co",,,,,,,2025-06-23T23:09:19.726Z,2025-06-23T23:09:19.726Z
1520,,"How the World Betrayed Ethiopia - World War II DOCUMENTARY","https://www.youtube.com/watch?v=Gr4RU4LLdnc",,,,,,,2025-06-23T23:09:19.730Z,2025-06-23T23:09:19.730Z
1521,,"Perusine War - Octavian in Crisis - Post-Caesar Civil Wars DOCUMENTARY","https://www.youtube.com/watch?v=XtXdEjWjA9g",,,,,,,2025-06-23T23:09:19.735Z,2025-06-23T23:09:19.735Z
1522,,"Persianization of Alexander the Great - Ancient History DOCUMENTARY","https://www.youtube.com/watch?v=8NjZjW2fv64",,,,,,,2025-06-23T23:09:19.740Z,2025-06-23T23:09:19.740Z
1523,,"What we are working on - Support our new channel!","https://www.youtube.com/watch?v=Bpluec_Hhq4",,,,,,,2025-06-23T23:09:19.744Z,2025-06-23T23:09:19.744Z
1524,,"Kherson Counter-Offensive Begins! Russian Invasion of Ukraine DOCUMENTARY","https://www.youtube.com/watch?v=2hZoQ4xebGw",,,,,,,2025-06-23T23:09:19.749Z,2025-06-23T23:09:19.749Z
1525,,"Battle of the Ioribaiwa - Pacific War #44 DOCUMENTARY","https://www.youtube.com/watch?v=TB4cm_vqWQI",,,,,,,2025-06-23T23:09:19.753Z,2025-06-23T23:09:19.753Z
1526,,"Rise of the Ottoman Empire - Bapheus 1302 - Medieval DOCUMENTARY","https://www.youtube.com/watch?v=Xfb9fIMzuRw",,,,,,,2025-06-23T23:09:19.758Z,2025-06-23T23:09:19.758Z
1527,,"Australia's Pearl Harbor - Pacific War #23 DOCUMENTARY","https://www.youtube.com/watch?v=xXXv18D2wd8",,,,,,,2025-06-23T23:09:19.762Z,2025-06-23T23:09:19.762Z
1528,,"Battle of the Bloody Ridge - Pacific War #43 DOCUMENTARY","https://www.youtube.com/watch?v=YlHi7kSCzYI",,,,,,,2025-06-23T23:09:19.767Z,2025-06-23T23:09:19.767Z
1529,,"Battle of Newbury 1643 - English Civil War DOCUMENTARY","https://www.youtube.com/watch?v=dkHRTnWdA9s",,,,,,,2025-06-23T23:09:19.771Z,2025-06-23T23:09:19.771Z
1530,,"How the Europeans fought the Mongols - Medieval History DOCUMENTARY","https://www.youtube.com/watch?v=DJdqMs6OUyI",,,,,,,2025-06-23T23:09:19.776Z,2025-06-23T23:09:19.776Z
1531,,"Jan Zizka - Undefeated Czech General - Medieval Wars DOCUMENTARY","https://www.youtube.com/watch?v=bVeWWxJND1U",,,,,,,2025-06-23T23:09:19.780Z,2025-06-23T23:09:19.780Z
1532,,"Battle of Milne Bay - Pacific War #42 DOCUMENTARY","https://www.youtube.com/watch?v=7XCNjhdWYaQ",,,,,,,2025-06-23T23:09:19.785Z,2025-06-23T23:09:19.785Z
1533,,"Biggest Battle of the First Crusade - Battle of Antioch 1098 DOCUMENTARY","https://www.youtube.com/watch?v=ztHyABVByeA",,,,,,,2025-06-23T23:09:19.790Z,2025-06-23T23:09:19.790Z
1534,,"Mycenae - What do we know about it? Bronze Age Greece DOCUMENTARY","https://www.youtube.com/watch?v=LBmqBBdfKwE",,,,,,,2025-06-23T23:09:19.795Z,2025-06-23T23:09:19.795Z
1535,,"Carthage Razed Again - Early Muslim Expansion - Medieval DOCUMENTARY","https://www.youtube.com/watch?v=NoF8XCseFio",,,,,,,2025-06-23T23:09:19.799Z,2025-06-23T23:09:19.799Z
1536,,"Australia's Thermopylae - Battle of Isurava - Pacific War #41 DOCUMENTARY","https://www.youtube.com/watch?v=AwFkaUBHscY",,,,,,,2025-06-23T23:09:19.804Z,2025-06-23T23:09:19.804Z
1537,,"How HIMARS Changed the War in Ukraine - Russian Invasion DOCUMENTARY","https://www.youtube.com/watch?v=WS0D0X8V6rg",,,,,,,2025-06-23T23:09:19.808Z,2025-06-23T23:09:19.808Z
1538,,"Slavery in the Early Caliphate - Medieval History DOCUMENTARY","https://www.youtube.com/watch?v=5kDPPmZvSKY",,,,,,,2025-06-23T23:09:19.813Z,2025-06-23T23:09:19.813Z
1539,,"Battle of Eastern Solomons - Pacific War #40 DOCUMENTARY","https://www.youtube.com/watch?v=H28H-mRF0A0",,,,,,,2025-06-23T23:09:19.817Z,2025-06-23T23:09:19.817Z
1540,,"Battle of the Sogdian Rock 327 BC - Alexander the Great DOCUMENTARY","https://www.youtube.com/watch?v=5YPUhomJ_Dw",,,,,,,2025-06-23T23:09:19.822Z,2025-06-23T23:09:19.822Z
1541,,"How the Romans Adopted the Greek Gods - Ancient History DOCUMENTARY","https://www.youtube.com/watch?v=OGYhxE2nsO0",,,,,,,2025-06-23T23:09:19.826Z,2025-06-23T23:09:19.826Z
1542,,"Siege of Antioch 1097-98 - First Crusade - Medieval History DOCUMENTARY","https://www.youtube.com/watch?v=2yvVPfUpGRc",,,,,,,2025-06-23T23:09:19.831Z,2025-06-23T23:09:19.831Z
1543,,"Raid on Makin Island - Pacific War #39 DOCUMENTARY","https://www.youtube.com/watch?v=QJ3YN-QFYbI",,,,,,,2025-06-23T23:09:19.835Z,2025-06-23T23:09:19.835Z
1544,,"Austro-Turkish Struggle for Romania - Long Turkish War DOCUMENTARY","https://www.youtube.com/watch?v=R_iz-dKkBEA",,,,,,,2025-06-23T23:09:19.840Z,2025-06-23T23:09:19.840Z
1545,,"Greek War of Independence: Modern Greece is Born - History DOCUMENTARY","https://www.youtube.com/watch?v=I-FWgCAHXlc",,,,,,,2025-06-23T23:09:19.845Z,2025-06-23T23:09:19.845Z
1546,,"Battle of Savo Island - Pacific War #38 DOCUMENTARY","https://www.youtube.com/watch?v=z_gXrpSCrvM",,,,,,,2025-06-23T23:09:19.850Z,2025-06-23T23:09:19.850Z
1547,,"Battle of Edgehill 1642 - English Civil War Begins - DOCUMENTARY","https://www.youtube.com/watch?v=3PiGT2t_lGo",,,,,,,2025-06-23T23:09:19.855Z,2025-06-23T23:09:19.855Z
1548,,"Why did the English Civil War Happen? - Early Modern History DOCUMENTARY","https://www.youtube.com/watch?v=Byxx5ZDzRog",,,,,,,2025-06-23T23:09:19.859Z,2025-06-23T23:09:19.859Z
1549,,"Invasion of Solomon Islands - Pacific War #37 DOCUMENTARY","https://www.youtube.com/watch?v=ro7rgxYeK_8",,,,,,,2025-06-23T23:09:19.864Z,2025-06-23T23:09:19.864Z
1550,,"Battle of the Jaxartes 329 BC - Alexander the Great DOCUMENTARY","https://www.youtube.com/watch?v=x9qgM6zxzSY",,,,,,,2025-06-23T23:09:19.881Z,2025-06-23T23:09:19.881Z
1551,,"Rise of the Cossacks - Origins of the Ukrainians DOCUMENTARY","https://www.youtube.com/watch?v=UQ_ocyTRRIE",,,,,,,2025-06-23T23:09:19.911Z,2025-06-23T23:09:19.911Z
1552,,"Battle of Kokoda - Pacific War #36 DOCUMENTARY","https://www.youtube.com/watch?v=MWan4wEb2Ro",,,,,,,2025-06-23T23:09:19.942Z,2025-06-23T23:09:19.942Z
1553,,"Russia's Best Month - Russian Invasion of Ukraine DOCUMENTARY","https://www.youtube.com/watch?v=SIm4mQihHdA",,,,,,,2025-06-23T23:09:19.958Z,2025-06-23T23:09:19.958Z
1554,,"Wak┼ì - History of Piracy in Japan and China - Naval History DOCUMENTARY","https://www.youtube.com/watch?v=ptixgsjGxqg",,,,,,,2025-06-23T23:09:19.963Z,2025-06-23T23:09:19.963Z
1555,,"Invasion of Buna-Gona - Pacific War #35 DOCUMENTARY","https://www.youtube.com/watch?v=42mm2gUjJzQ",,,,,,,2025-06-23T23:09:19.972Z,2025-06-23T23:09:19.972Z
1556,,"Second Civil War in the Caliphate - Early Muslim Expansion DOCUMENTARY","https://www.youtube.com/watch?v=gteP2lmh42U",,,,,,,2025-06-23T23:09:19.987Z,2025-06-23T23:09:19.987Z
1557,,"Did the Bronze Age Really Collapse? Ancient History DOCUMENTARY","https://www.youtube.com/watch?v=xHz2Llrdz8Q",,,,,,,2025-06-23T23:09:20.002Z,2025-06-23T23:09:20.002Z
1558,,"Japan Attacks the Continental United States - Pacific War #34 DOCUMENTARY","https://www.youtube.com/watch?v=SxI03tn7V8k",,,,,,,2025-06-23T23:09:20.017Z,2025-06-23T23:09:20.017Z
1559,,"Battle of Dorylaeum 1097 - First Crusade - Medieval History DOCUMENTARY","https://www.youtube.com/watch?v=irQLNITTqd4",,,,,,,2025-06-23T23:09:20.032Z,2025-06-23T23:09:20.032Z
1560,,"Evolution of the Indo-European Languages - Ancient Civilizations DOCUMENTARY","https://www.youtube.com/watch?v=VpXgMdvLUXw",,,,,,,2025-06-23T23:09:20.047Z,2025-06-23T23:09:20.047Z
1561,,"How the Greeks Almost Lost Their War of Independence DOCUMENTARY","https://www.youtube.com/watch?v=-t3jMUey5oY",,,,,,,2025-06-23T23:09:20.052Z,2025-06-23T23:09:20.052Z
1562,,"Japanese War Crimes: Biological Warfare in China - Pacific War #33","https://www.youtube.com/watch?v=M4wc_sz6XHc",,,,,,,2025-06-23T23:09:20.056Z,2025-06-23T23:09:20.056Z
1563,,"War of Attrition - Russian Invasion of Ukraine DOCUMENTARY","https://www.youtube.com/watch?v=D-93q4GMFT0",,,,,,,2025-06-23T23:09:20.063Z,2025-06-23T23:09:20.063Z
1564,,"Why Japan Joined the Axis - World War Animated DOCUMENTARY","https://www.youtube.com/watch?v=X4wazpsKnSY",,,,,,,2025-06-23T23:09:20.068Z,2025-06-23T23:09:20.068Z
1565,,"Japan Attacks New Guinea - Pacific War #32 DOCUMENTARY","https://www.youtube.com/watch?v=D36zkO56bpA",,,,,,,2025-06-23T23:09:20.072Z,2025-06-23T23:09:20.072Z
1566,,"Battle of the Persian Gate 330 BC - Alexander the Great DOCUMENTARY","https://www.youtube.com/watch?v=jkm4erY7l-0",,,,,,,2025-06-23T23:09:20.078Z,2025-06-23T23:09:20.078Z
1567,,"Foundation of Carthage - Ancient Civilizations DOCUMENTARY","https://www.youtube.com/watch?v=v2EzIaLlLGI",,,,,,,2025-06-23T23:09:20.082Z,2025-06-23T23:09:20.082Z
1568,,"How MacArthur Caused the Philippines Disaster - Pacific War #31","https://www.youtube.com/watch?v=XfWAKZdelrk",,,,,,,2025-06-23T23:09:20.087Z,2025-06-23T23:09:20.087Z
1569,,"Megiddo 1457 BC  - Oldest Battle in History - Bronze Age DOCUMENTARY","https://www.youtube.com/watch?v=bf-SUOCqbrI",,,,,,,2025-06-23T23:09:20.091Z,2025-06-23T23:09:20.091Z
1570,,"How European Kings Defeated their Nobles - Medieval History DOCUMENTARY","https://www.youtube.com/watch?v=SHBVIHH-pLg",,,,,,,2025-06-23T23:09:20.096Z,2025-06-23T23:09:20.096Z
1571,,"How Europeans Tried to End Japanese Isolation - Colonialism DOCUMENTARY","https://www.youtube.com/watch?v=wFJRc6jYOaI",,,,,,,2025-06-23T23:09:20.101Z,2025-06-23T23:09:20.101Z
1572,,"Japanese Attack on Sydney - Pacific War #30 Animated DOCUMENTARY","https://www.youtube.com/watch?v=ZnYm7P4Oyis",,,,,,,2025-06-23T23:09:20.105Z,2025-06-23T23:09:20.105Z
1573,,"Princes' Crusade Begins: Battle of Nicaea - First Crusade DOCUMENTARY","https://www.youtube.com/watch?v=Pp8gooljT1E",,,,,,,2025-06-23T23:09:20.110Z,2025-06-23T23:09:20.110Z
1574,,"How Eastern Rome Established Cultural Supremacy over Eastern Europe","https://www.youtube.com/watch?v=-WN7GsgIH_k",,,,,,,2025-06-23T23:09:20.114Z,2025-06-23T23:09:20.114Z
1575,,"Japanese Invasion of Alaska - Pacific War #29 Animated Historical DOCUMENTARY","https://www.youtube.com/watch?v=7ayfLluk-go",,,,,,,2025-06-23T23:09:20.119Z,2025-06-23T23:09:20.119Z
1576,,"Roman Religion Before the Greeks - Ancient History DOCUMENTARY","https://www.youtube.com/watch?v=U7WPREqzDmE",,,,,,,2025-06-23T23:09:20.124Z,2025-06-23T23:09:20.124Z
1577,,"Battle of Donbas Begins - Russian Invasion of Ukraine DOCUMENTARY","https://www.youtube.com/watch?v=K2N_fHKrWIg",,,,,,,2025-06-23T23:09:20.128Z,2025-06-23T23:09:20.128Z
1578,,"Battle of Midway - Pacific War #28 Animated Historical DOCUMENTARY","https://www.youtube.com/watch?v=p1qKon2rdzk",,,,,,,2025-06-23T23:09:20.133Z,2025-06-23T23:09:20.133Z
1579,,"Who Financed the Great War? - World War I DOCUMENTARY","https://www.youtube.com/watch?v=Cktr__ZSuNc",,,,,,,2025-06-23T23:09:20.138Z,2025-06-23T23:09:20.138Z
1580,,"Abd al-Rahman I - Father of Muslim Spain - Medieval History DOCUMENTARY","https://www.youtube.com/watch?v=iHAcvlkeUZE",,,,,,,2025-06-23T23:09:20.142Z,2025-06-23T23:09:20.142Z
1581,,"How did the Sinking of Moskva Impact the War in Ukraine","https://www.youtube.com/watch?v=QvB2CPpdTMY",,,,,,,2025-06-23T23:09:20.147Z,2025-06-23T23:09:20.147Z
1582,,"Shimabara Rebellion: The Christian Revolt That Isolated Medieval Japan DOCUMENTARY","https://www.youtube.com/watch?v=YgMIUzUeBnE",,,,,,,2025-06-23T23:09:20.152Z,2025-06-23T23:09:20.152Z
1583,,"How Japan Responded to the Doolittle Raid - Pacific War #27 Animated Historical DOCUMENTARY","https://www.youtube.com/watch?v=6Ta_eum5hdU",,,,,,,2025-06-23T23:09:20.157Z,2025-06-23T23:09:20.157Z
1584,,"Russia's Imperial Ascendancy: A Deep Dive into the Great Northern War - Documentary","https://www.youtube.com/watch?v=rDCFxgHDncc",,,,,,,2025-06-23T23:09:20.161Z,2025-06-23T23:09:20.161Z
1585,,"Greek War of Independence: Egyptians Attack - Early Modern DOCUMENTARY","https://www.youtube.com/watch?v=Tqoe4znC3ZI",,,,,,,2025-06-23T23:09:20.166Z,2025-06-23T23:09:20.166Z
1586,,"Fall of Burma - Pacific War #26 Animated Historical DOCUMENTARY","https://www.youtube.com/watch?v=LyHqNY_p27Y",,,,,,,2025-06-23T23:09:20.171Z,2025-06-23T23:09:20.171Z
1587,,"Seven Other Wonders of the Ancient World - Historical 3D DOCUMENTARY","https://www.youtube.com/watch?v=CerypNnQ1uI",,,,,,,2025-06-23T23:09:20.176Z,2025-06-23T23:09:20.176Z
1588,,"Battle of Pavia 1525 - Italian Wars DOCUMENTARY","https://www.youtube.com/watch?v=Qbjsb34jFQo",,,,,,,2025-06-23T23:09:20.180Z,2025-06-23T23:09:20.180Z
1589,,"Fall of the Philippines - Pacific War #25 Animated Historical DOCUMENTARY","https://www.youtube.com/watch?v=AEwH8oQk6H8",,,,,,,2025-06-23T23:09:20.185Z,2025-06-23T23:09:20.185Z
1590,,"Battle of Philippi - Post-Caesar Civil Wars DOCUMENTARY","https://www.youtube.com/watch?v=0B83Jk1qB9c",,,,,,,2025-06-23T23:09:20.189Z,2025-06-23T23:09:20.189Z
1591,,"How Old Is Chinese Civilization? - Ancient Civilizations DOCUMENTARY","https://www.youtube.com/watch?v=8BXpsbSQFKg",,,,,,,2025-06-23T23:09:20.198Z,2025-06-23T23:09:20.198Z
1592,,"Battle of the Coral Sea - Pacific War #24 DOCUMENTARY","https://www.youtube.com/watch?v=kMX7Y6Njc9A",,,,,,,2025-06-23T23:09:20.203Z,2025-06-23T23:09:20.203Z
1593,,"How Ukraine Won the First Phase of the War - Modern Warfare DOCUMENTARY","https://www.youtube.com/watch?v=yBZPE9o2gHU",,,,,,,2025-06-23T23:09:20.207Z,2025-06-23T23:09:20.207Z
1594,,"King Arthur: Historical Roots - Medieval History DOCUMENTARY","https://www.youtube.com/watch?v=2q32EB0k6ws",,,,,,,2025-06-23T23:09:20.211Z,2025-06-23T23:09:20.211Z
1595,,"How the Mongol Empire Fell - Medieval History DOCUMENTARY","https://www.youtube.com/watch?v=THpYk-au6-s",,,,,,,2025-06-23T23:09:20.216Z,2025-06-23T23:09:20.216Z
1596,,"Medieval Origins of Ukrainians - Project Ukraine - History DOCUMENTARY","https://www.youtube.com/watch?v=3uyHWEOoPnM",,,,,,,2025-06-23T23:09:20.220Z,2025-06-23T23:09:20.220Z
1597,,"Constantinople 674ΓÇô678 and Marj Rahit 684 - Muslim Expansion DOCUMENTARY","https://www.youtube.com/watch?v=BZa_HjChaS0",,,,,,,2025-06-23T23:09:20.225Z,2025-06-23T23:09:20.225Z
1598,,"Mad Caliph Who Provoked the First Crusade - Medieval DOCUMENTARY","https://www.youtube.com/watch?v=m05qkTiipY4",,,,,,,2025-06-23T23:09:20.230Z,2025-06-23T23:09:20.230Z
1599,,"Japanese Advance on Burma Road - Pacific War #22 DOCUMENTARY","https://www.youtube.com/watch?v=bdJ_373NyME",,,,,,,2025-06-23T23:09:20.234Z,2025-06-23T23:09:20.234Z
1600,,"Battles of Xanthos and Rhodes - Post-Caesar Civil Wars DOCUMENTARY","https://www.youtube.com/watch?v=liY-egBx0qQ",,,,,,,2025-06-23T23:09:20.239Z,2025-06-23T23:09:20.239Z
1601,,"Ibn Fadlan: Greatest Traveller of the Middle Ages","https://www.youtube.com/watch?v=lE9HeT0M03E",,,,,,,2025-06-23T23:09:20.244Z,2025-06-23T23:09:20.244Z
1602,,"Doolittle Raid: America Strikes Back - Pacific War #21 DOCUMENTARY","https://www.youtube.com/watch?v=TTM2HR3Mtyo",,,,,,,2025-06-23T23:09:20.248Z,2025-06-23T23:09:20.248Z
1603,,"Battle of Gaugamela 331 BC - Alexander the Great DOCUMENTARY","https://www.youtube.com/watch?v=xwunu9gJyas",,,,,,,2025-06-23T23:09:20.253Z,2025-06-23T23:09:20.253Z
1604,,"Great Game: How Britain and Russia Fought for Afghanistan DOCUMENTARY","https://www.youtube.com/watch?v=WHVpF85CIIY",,,,,,,2025-06-23T23:09:20.258Z,2025-06-23T23:09:20.258Z
1605,,"Fall of Bataan & The Bataan Death March - Pacific War #20 DOCUMENTARY","https://www.youtube.com/watch?v=gZsxpgNwxYc",,,,,,,2025-06-23T23:09:20.263Z,2025-06-23T23:09:20.263Z
1606,,"Crusades From the Byzantine Perspective - Medieval History DOCUMENTARY","https://www.youtube.com/watch?v=w9zmSAsGj1Q",,,,,,,2025-06-23T23:09:20.267Z,2025-06-23T23:09:20.267Z
1607,,"How Female Conquistadors Conquered Americas - Age of Colonization","https://www.youtube.com/watch?v=NzlGAyO4Bqo",,,,,,,2025-06-23T23:09:20.272Z,2025-06-23T23:09:20.272Z
1608,,"Japanese Raids in the Indian Ocean - Pacific War #19 DOCUMENTARY","https://www.youtube.com/watch?v=E75hxwGbFHE",,,,,,,2025-06-23T23:09:20.276Z,2025-06-23T23:09:20.276Z
1609,,"Battle of Siffin 657 - Rise of the Umayyad Caliphate - DOCUMENTARY","https://www.youtube.com/watch?v=FVkTzYmoIoI",,,,,,,2025-06-23T23:09:20.281Z,2025-06-23T23:09:20.281Z
1610,,"Why America Joined the Great War - World War I DOCUMENTARY","https://www.youtube.com/watch?v=_ciwnsauwQ8",,,,,,,2025-06-23T23:09:20.285Z,2025-06-23T23:09:20.285Z
1611,,"Hideki Tojo: Bringing Japan Into the War - Pacific War #18 DOCUMENTARY","https://www.youtube.com/watch?v=7FO4o-N2fKk",,,,,,,2025-06-23T23:09:20.290Z,2025-06-23T23:09:20.290Z
1612,,"Battle of Mezokeresztes 1596 - Long Turkish War DOCUMENTARY","https://www.youtube.com/watch?v=u0vwL8Q_s0o",,,,,,,2025-06-23T23:09:20.296Z,2025-06-23T23:09:20.296Z
1613,,"Greek War of Independence: How It Started - Early Modern History","https://www.youtube.com/watch?v=lRNSJzIYQy8",,,,,,,2025-06-23T23:09:20.301Z,2025-06-23T23:09:20.301Z
1615,,"How the US Responded to Pearl Harbor - Pacific War #17 DOCUMENTARY","https://www.youtube.com/watch?v=z-0liSYA60M",,,,,,,2025-06-23T23:09:20.305Z,2025-06-23T23:09:20.305Z
1616,,"Siege of Gaza 332 BC - Ancient History DOCUMENTARY","https://www.youtube.com/watch?v=yLlEVBGydKo",,,,,,,2025-06-23T23:09:20.310Z,2025-06-23T23:09:20.310Z
1617,,"Spanish Inquisition: Basics - Medieval Religion DOCUMENTARY","https://www.youtube.com/watch?v=gVaBl_vklI4",,,,,,,2025-06-23T23:09:20.315Z,2025-06-23T23:09:20.315Z
1618,,"How the Mongols Lost Iran - Medieval History Animated DOCUMENTARY","https://www.youtube.com/watch?v=XU99kFKi7Ls",,,,,,,2025-06-23T23:09:20.319Z,2025-06-23T23:09:20.319Z
1619,,"Fall of Rangoon - Pacific War #16 Animated DOCUMENTARY","https://www.youtube.com/watch?v=oyu7z7wQNqg",,,,,,,2025-06-23T23:09:20.324Z,2025-06-23T23:09:20.324Z
1620,,"People's Crusade: Battle of Civetot - First Crusade DOCUMENTARY","https://www.youtube.com/watch?v=lArYYQxRkA8",,,,,,,2025-06-23T23:09:20.329Z,2025-06-23T23:09:20.329Z
1621,,"How Pope Urban II Sparked the First Crusade - Medieval DOCUMENTARY","https://www.youtube.com/watch?v=vJwxbAz_iDA",,,,,,,2025-06-23T23:09:20.333Z,2025-06-23T23:09:20.333Z
1622,,"Octavian and Antony: the Monsters - Post-Caesar Civil Wars DOCUMENTARY","https://www.youtube.com/watch?v=D9duJSBBs14",,,,,,,2025-06-23T23:09:20.338Z,2025-06-23T23:09:20.338Z
1623,,"Fall of Java - Pacific War #15 Animated DOCUMENTARY","https://www.youtube.com/watch?v=QOOJcr2DQSQ",,,,,,,2025-06-23T23:09:20.343Z,2025-06-23T23:09:20.343Z
1624,,"First Muslim Civil War - Early Muslim Expansion DOCUMENTARY","https://www.youtube.com/watch?v=5a6PyMTLL1E",,,,,,,2025-06-23T23:09:20.347Z,2025-06-23T23:09:20.347Z
1625,,"Battle of Calugareni 1595 - Long Turkish War DOCUMENTARY","https://www.youtube.com/watch?v=Du8CstRO1rw",,,,,,,2025-06-23T23:09:20.353Z,2025-06-23T23:09:20.353Z
1626,,"Japanese Invasion of Timor - Pacific War #14 Animated DOCUMENTARY","https://www.youtube.com/watch?v=PID0vt52-vY",,,,,,,2025-06-23T23:09:20.358Z,2025-06-23T23:09:20.358Z
1627,,"First Crusade: Partition of the Seljuk Empire - Medieval DOCUMENTARY","https://www.youtube.com/watch?v=0UuHUMesQ6M",,,,,,,2025-06-23T23:09:20.362Z,2025-06-23T23:09:20.362Z
1628,,"How Greece was Christianized DOCUMENTARY","https://www.youtube.com/watch?v=x_bf3Yszpcw",,,,,,,2025-06-23T23:09:20.367Z,2025-06-23T23:09:20.367Z
1629,,"Fourth Crusade: From Sack to Restoration - Medieval DOCUMENTARY","https://www.youtube.com/watch?v=uZ5-wPyqk3s",,,,,,,2025-06-23T23:09:20.371Z,2025-06-23T23:09:20.371Z
1630,,"Japanese Invasion of Sumatra - Pacific War #13 Animated DOCUMENTARY","https://www.youtube.com/watch?v=DA2HKaeu8w4",,,,,,,2025-06-23T23:09:20.376Z,2025-06-23T23:09:20.376Z
1631,,"Siege of Tyre 332 BC - Alexander the Great DOCUMENTARY","https://www.youtube.com/watch?v=98inDANKtEs",,,,,,,2025-06-23T23:09:20.381Z,2025-06-23T23:09:20.381Z
1632,,"Fall of Singapore - Pacific War #12 Animated DOCUMENTARY","https://www.youtube.com/watch?v=d_xE4CVG3rY",,,,,,,2025-06-23T23:09:20.385Z,2025-06-23T23:09:20.385Z
1633,,"How Eastern Courts Worked - Crusader Kings III DOCUMENTARY","https://www.youtube.com/watch?v=zGxJFG-0Rbw",,,,,,,2025-06-23T23:09:20.391Z,2025-06-23T23:09:20.391Z
1634,,"End of the Swedish Empire - Gangut 1714 - Great Northern War DOCUMENTARY","https://www.youtube.com/watch?v=s7z9HVr3zn8",,,,,,,2025-06-23T23:09:20.399Z,2025-06-23T23:09:20.399Z
1635,,"How the Mongols Lost Russia - Medieval History Animated DOCUMENTARY","https://www.youtube.com/watch?v=ClcbdD-YUU8",,,,,,,2025-06-23T23:09:20.403Z,2025-06-23T23:09:20.403Z
1636,,"How Western Courts Worked - Crusader Kings III DOCUMENTARY","https://www.youtube.com/watch?v=A67_IwxK98E",,,,,,,2025-06-23T23:09:20.408Z,2025-06-23T23:09:20.408Z
1637,,"Battle of Makassar Strait - Pacific War #11 Animated DOCUMENTARY","https://www.youtube.com/watch?v=XJMxr7ED8tI",,,,,,,2025-06-23T23:09:20.412Z,2025-06-23T23:09:20.412Z
1638,,"Battles of Novara and Marignano - Italian Wars DOCUMENTARY","https://www.youtube.com/watch?v=Nxy7keZaYUU",,,,,,,2025-06-23T23:09:20.417Z,2025-06-23T23:09:20.417Z
1639,,"First Crusade - Rise of Alexios Komnenos - Medieval DOCUMENTARY","https://www.youtube.com/watch?v=e5LE2eZb64U",,,,,,,2025-06-23T23:09:20.422Z,2025-06-23T23:09:20.422Z
1640,,"Why and How Feudalism Declined in Europe - Medieval History DOCUMENTARY","https://www.youtube.com/watch?v=9LaLhARvLi4",,,,,,,2025-06-23T23:09:20.426Z,2025-06-23T23:09:20.426Z
1641,,"Fall of Malaya - Pacific War #10 Animated DOCUMENTARY","https://www.youtube.com/watch?v=z7KaNtn2sFo",,,,,,,2025-06-23T23:09:20.431Z,2025-06-23T23:09:20.431Z
1642,,"Ancient Origins of the Kyivan Rus: From Rurikids to Mongols DOCUMENTARY","https://www.youtube.com/watch?v=zHPLFHHGk-o",,,,,,,2025-06-23T23:09:20.435Z,2025-06-23T23:09:20.435Z
1643,,"Why the Russian Colonization of the Americas Failed - DOCUMENTARY","https://www.youtube.com/watch?v=hVUbiefgVJQ",,,,,,,2025-06-23T23:09:20.440Z,2025-06-23T23:09:20.440Z
1644,,"Invasion of New Britain - Pacific War #9 Animated DOCUMENTARY","https://www.youtube.com/watch?v=rUL538i8Oms",,,,,,,2025-06-23T23:09:20.444Z,2025-06-23T23:09:20.444Z
1645,,"Abbasid Revolution - How the Umayyad Caliphate Fell DOCUMENTARY","https://www.youtube.com/watch?v=hvyHW9fXCvg",,,,,,,2025-06-23T23:09:20.449Z,2025-06-23T23:09:20.449Z
1646,,"Battle of Gadebusch 1712 - Great Northern War DOCUMENTARY","https://www.youtube.com/watch?v=0UJ2gLsWYd4",,,,,,,2025-06-23T23:09:20.454Z,2025-06-23T23:09:20.454Z
1647,,"When the French Kings Kidnapped the Pope - Avignon Papacy DOCUMENTARY","https://www.youtube.com/watch?v=5f2EwIIGiUM",,,,,,,2025-06-23T23:09:20.458Z,2025-06-23T23:09:20.458Z
1648,,"Battle for the Dutch East Indies - Pacific War #8 Animated DOCUMENTARY","https://www.youtube.com/watch?v=lBwjgesFsFU",,,,,,,2025-06-23T23:09:20.463Z,2025-06-23T23:09:20.463Z
1649,,"How the Mongols Lost China - Medieval History Animated DOCUMENTARY","https://www.youtube.com/watch?v=iCgGoYGjeds",,,,,,,2025-06-23T23:09:20.468Z,2025-06-23T23:09:20.468Z
1650,,"How the Greeks Colonized the Mediterranean - Ancient Civilizations","https://www.youtube.com/watch?v=B9HeRf4f7z8",,,,,,,2025-06-23T23:09:20.473Z,2025-06-23T23:09:20.473Z
1651,,"Battle of Slim River - Pacific War #7 Animated DOCUMENTARY","https://www.youtube.com/watch?v=meWALqmsXxs",,,,,,,2025-06-23T23:09:20.477Z,2025-06-23T23:09:20.477Z
1652,,"Kadesh 1274 BC  - 2nd Oldest Battle in History DOCUMENTARY","https://www.youtube.com/watch?v=Ez9Q60EIxXc",,,,,,,2025-06-23T23:09:20.482Z,2025-06-23T23:09:20.482Z
1653,,"How Medieval Cities Defended Themselves - Middle Ages DOCUMENTARY","https://www.youtube.com/watch?v=hR3IhT-XvsE",,,,,,,2025-06-23T23:09:20.486Z,2025-06-23T23:09:20.486Z
1654,,"Battle of Kampar - Pacific War #6 Animated Historical DOCUMENTARY","https://www.youtube.com/watch?v=AGYaghICqkY",,,,,,,2025-06-23T23:09:20.491Z,2025-06-23T23:09:20.491Z
1655,,"Battle of Issus 333 BC - Alexander the Great DOCUMENTARY","https://www.youtube.com/watch?v=pEsyRHLmBGw",,,,,,,2025-06-23T23:09:20.495Z,2025-06-23T23:09:20.495Z
1656,,"Battle of Poltava 1709 - Great Northern War DOCUMENTARY","https://www.youtube.com/watch?v=vMkiWDExIY8",,,,,,,2025-06-23T23:09:20.501Z,2025-06-23T23:09:20.501Z
1657,,"Fall of Wake Island - Pacific War #5 Animated Historical DOCUMENTARY","https://www.youtube.com/watch?v=tgtagewcqKo",,,,,,,2025-06-23T23:09:20.505Z,2025-06-23T23:09:20.505Z
1658,,"Post-Caesar Civil Wars - Battle of Mutina - Roman History DOCUMENTARY","https://www.youtube.com/watch?v=3Qdi0VUOn3Q",,,,,,,2025-06-23T23:09:20.510Z,2025-06-23T23:09:20.510Z
1659,,"Crusades From the Muslim Perspective - Medieval History DOCUMENTARY","https://www.youtube.com/watch?v=t8RZtYvW02g",,,,,,,2025-06-23T23:09:20.514Z,2025-06-23T23:09:20.514Z
1660,,"What is the Truth about Tartaria","https://www.youtube.com/watch?v=_9yvFe4tZ7c",,,,,,,2025-06-23T23:09:20.519Z,2025-06-23T23:09:20.519Z
1661,,"Japan Continues Attacking: Borneo, Philippines - Pacific War #4 Animated Historical DOCUMENTARY","https://www.youtube.com/watch?v=MhQrv82HHn8",,,,,,,2025-06-23T23:09:20.524Z,2025-06-23T23:09:20.524Z
1662,,"German Conquistadors: Search for El Dorado - Age of Colonization","https://www.youtube.com/watch?v=WKFXMSkdLss",,,,,,,2025-06-23T23:09:20.530Z,2025-06-23T23:09:20.530Z
1663,,"Japan Attacks Everywhere Simultaneously - Pacific War #3 DOCUMENTARY","https://www.youtube.com/watch?v=MZ4d7Qeyivk",,,,,,,2025-06-23T23:09:20.535Z,2025-06-23T23:09:20.535Z
1664,,"Japanese Invasion of Malaya - Pacific War #2 DOCUMENTARY","https://www.youtube.com/watch?v=mpBGUC8OjE4",,,,,,,2025-06-23T23:09:20.539Z,2025-06-23T23:09:20.539Z
1665,,"Attack on Pearl Harbor - Pacific War #1 DOCUMENTARY","https://www.youtube.com/watch?v=ZzS1ZAulpoY",,,,,,,2025-06-23T23:09:20.544Z,2025-06-23T23:09:20.544Z
1666,,"First Crusade: Battle of Manzikert 1071 DOCUMENTARY","https://www.youtube.com/watch?v=JkyYjpYLORI",,,,,,,2025-06-23T23:09:20.550Z,2025-06-23T23:09:20.550Z
1667,,"War of the Last Alliance - Lord of the Rings DOCUMENTARY","https://www.youtube.com/watch?v=EnrH4pp2Jrw",,,,,,,2025-06-23T23:09:20.555Z,2025-06-23T23:09:20.555Z
1668,,"What Happened In Rome After Caesar's Assassination - Roman DOCUMENTARY","https://www.youtube.com/watch?v=jfBsb_-h-_M",,,,,,,2025-06-23T23:09:20.560Z,2025-06-23T23:09:20.560Z
1669,,"Wizards and Warriors - Fantasy & Sci-fi Channel Announcement Trailer","https://www.youtube.com/watch?v=shG8bxpg0qc",,,,,,,2025-06-23T23:09:20.566Z,2025-06-23T23:09:20.566Z
1670,,"Why Japan Decided to Attack America - Pacific War #0.7 DOCUMENTARY","https://www.youtube.com/watch?v=NacJi_WO3es",,,,,,,2025-06-23T23:09:20.571Z,2025-06-23T23:09:20.571Z
1671,,"How Caesar Won the Great Roman Civil War - Animated DOCUMENTARY","https://www.youtube.com/watch?v=o8F8IajtW9U",,,,,,,2025-06-23T23:09:20.575Z,2025-06-23T23:09:20.575Z
1672,,"Caesar against Pompey - Great Roman Civil War DOCUMENTARY","https://www.youtube.com/watch?v=_O5DshzvUsk",,,,,,,2025-06-23T23:09:20.580Z,2025-06-23T23:09:20.580Z
1673,,"Ottoman Pirates - Armies and Tactics DOCUMENTARY","https://www.youtube.com/watch?v=5jguevSDIuY",,,,,,,2025-06-23T23:09:20.584Z,2025-06-23T23:09:20.584Z
1674,,"How the War in Europe Influenced Conflict in Asia - Pacific War #0.6","https://www.youtube.com/watch?v=U4EdDCZ4pCA",,,,,,,2025-06-23T23:09:20.588Z,2025-06-23T23:09:20.588Z
1675,,"Sultanate of Women in the Ottoman Empire DOCUMENTARY","https://www.youtube.com/watch?v=OEzS8D4IidA",,,,,,,2025-06-23T23:09:20.593Z,2025-06-23T23:09:20.593Z
1676,,"When Americans and Wehrmacht allied against the SS - Castle Itter 1945","https://www.youtube.com/watch?v=qpd0DDvXwiw",,,,,,,2025-06-23T23:09:20.597Z,2025-06-23T23:09:20.597Z
1677,,"What was lost when the Library of Alexandria burned? - DOCUMENTARY","https://www.youtube.com/watch?v=NGFI2kQpk5g",,,,,,,2025-06-23T23:09:20.603Z,2025-06-23T23:09:20.603Z
1678,,"China at War - Pacific War #0.5 DOCUMENTARY","https://www.youtube.com/watch?v=TnYHe80ZvBw",,,,,,,2025-06-23T23:09:20.608Z,2025-06-23T23:09:20.608Z
1679,,"Was Mansa Musa the Wealthiest Person Who Ever Lived?","https://www.youtube.com/watch?v=a-sThie2xVE",,,,,,,2025-06-23T23:09:20.613Z,2025-06-23T23:09:20.613Z
1680,,"Battle of Nagashino 1575 - Oda Nobunaga DOCUMENTARY","https://www.youtube.com/watch?v=ns6oefsIH4g",,,,,,,2025-06-23T23:09:20.617Z,2025-06-23T23:09:20.617Z
1681,,"How America Became an Empire - Pacific War #0.4 DOCUMENTARY","https://www.youtube.com/watch?v=DY2CUazAaaY",,,,,,,2025-06-23T23:09:20.622Z,2025-06-23T23:09:20.622Z
1682,,"Battle of Fraustadt 1706 - Swedish Invasion of Poland DOCUMENTARY","https://www.youtube.com/watch?v=xiT5FDJDlQ0",,,,,,,2025-06-23T23:09:20.626Z,2025-06-23T23:09:20.626Z
1683,,"Siege of Halicarnassus 334 BC - Alexander's Conquests DOCUMENTARY","https://www.youtube.com/watch?v=_vWlu5IWWys",,,,,,,2025-06-23T23:09:20.630Z,2025-06-23T23:09:20.630Z
1684,,"Rise of Ultranationalism in Japan - Pacific War #0.3 DOCUMENTARY","https://www.youtube.com/watch?v=7vQ6nxBRGd8",,,,,,,2025-06-23T23:09:20.635Z,2025-06-23T23:09:20.635Z
1685,,"Is Genghis Khan Ancestor of the Millions?","https://www.youtube.com/watch?v=qrPnMEpOuNw",,,,,,,2025-06-23T23:09:20.640Z,2025-06-23T23:09:20.640Z
1686,,"How Europe Transitioned from Slavery to Serfdom - Middle Ages DOCUMENTARY","https://www.youtube.com/watch?v=FB-CkFItHQU",,,,,,,2025-06-23T23:09:20.644Z,2025-06-23T23:09:20.644Z
1687,,"How the Meiji Restoration Turned Japan into an Empire - Pacific War #0.2","https://www.youtube.com/watch?v=rHgbG1HsIrY",,,,,,,2025-06-23T23:09:20.649Z,2025-06-23T23:09:20.649Z
1688,,"How the Romans Retook Constantinople - Pelagonia 1259 DOCUMENTARY","https://www.youtube.com/watch?v=o3KJdBXY16A",,,,,,,2025-06-23T23:09:20.654Z,2025-06-23T23:09:20.654Z
1689,,"Byzantine Reconquista - Cilicia and Aleppo 961-962 DOCUMENTARY","https://www.youtube.com/watch?v=WSI2Ketsnxw",,,,,,,2025-06-23T23:09:20.658Z,2025-06-23T23:09:20.658Z
1690,,"How Europe Colonized Asia - Pacific War #0.1 DOCUMENTARY","https://www.youtube.com/watch?v=MEgIHN63ojU",,,,,,,2025-06-23T23:09:20.663Z,2025-06-23T23:09:20.663Z
1691,,"Battle of Ravenna 1512 - War of the League of Cambrai DOCUMENTARY","https://www.youtube.com/watch?v=4PoYRN4Y4oo",,,,,,,2025-06-23T23:09:20.668Z,2025-06-23T23:09:20.668Z
1692,,"History of Duel - Why the European Nobles Fought","https://www.youtube.com/watch?v=M2Yt4_Dzolk",,,,,,,2025-06-23T23:09:20.673Z,2025-06-23T23:09:20.673Z
1693,,"Why the Mongols Tolerated Other Religions","https://www.youtube.com/watch?v=c2ZhXLbbfrk",,,,,,,2025-06-23T23:09:20.678Z,2025-06-23T23:09:20.678Z
1694,,"Battle of Kliszow 1702 - Great Northern WAR DOCUMENTARY","https://www.youtube.com/watch?v=M6zvXZG-jCM",,,,,,,2025-06-23T23:09:20.682Z,2025-06-23T23:09:20.682Z
1695,,"Battle of Granicus 334 BC - Alexander's Conquests DOCUMENTARY","https://www.youtube.com/watch?v=s40yYSWkrzk",,,,,,,2025-06-23T23:09:20.687Z,2025-06-23T23:09:20.687Z
1696,,"How did the Oracle of Delphi Work? Ancient Greece DOCUMENTARY","https://www.youtube.com/watch?v=_I0-q-uYul4",,,,,,,2025-06-23T23:09:20.691Z,2025-06-23T23:09:20.691Z
1697,,"Did Alliances lead to the Great War?","https://www.youtube.com/watch?v=njhAyS4ZotI",,,,,,,2025-06-23T23:09:20.696Z,2025-06-23T23:09:20.696Z
1698,,"Battle of Klokotnitsa 1230 - Medieval Game of Thrones DOCUMENTARY","https://www.youtube.com/watch?v=UiKngdrDiaM",,,,,,,2025-06-23T23:09:20.700Z,2025-06-23T23:09:20.700Z
1699,,"How the Eastern Roman Army Declined - Armies and Tactics DOCUMENTARY","https://www.youtube.com/watch?v=v_FiMdU-V1c",,,,,,,2025-06-23T23:09:20.705Z,2025-06-23T23:09:20.705Z
1700,,"Why Were Things So Terrible In the 17th Century - General Crisis Theory","https://www.youtube.com/watch?v=LrJrnQg2C_E",,,,,,,2025-06-23T23:09:20.710Z,2025-06-23T23:09:20.710Z
1701,,"How the USSR Lost the Afghan War - Panjshir Valley Battles DOCUMENTARY","https://www.youtube.com/watch?v=eAMBVPRQHfw",,,,,,,2025-06-23T23:09:20.714Z,2025-06-23T23:09:20.714Z
1702,,"Arabia Before Islam: Religion, Society, Culture DOCUMENTARY","https://www.youtube.com/watch?v=07OsSSt0ytc",,,,,,,2025-06-23T23:09:20.719Z,2025-06-23T23:09:20.719Z
1703,,"Battles of Cerignola and Garigliano 1503 - Italian Wars DOCUMENTARY","https://www.youtube.com/watch?v=YjC43E4wiPI",,,,,,,2025-06-23T23:09:20.724Z,2025-06-23T23:09:20.724Z
1614,,"Did the Romans Know the Empire Was Falling?","https://www.youtube.com/watch?v=jMwt9zOFX2I",,,,,,,2025-06-23T23:09:20.728Z,2025-06-23T23:09:20.728Z
1704,,"Hansa - Northern Silk Road - Economic History DOCUMENTARY","https://www.youtube.com/watch?v=VX8MQR78Ues",,,,,,,2025-06-23T23:09:20.733Z,2025-06-23T23:09:20.733Z
1705,,"Battle of Castillon 1453 - End of English France DOCUMENTARY","https://www.youtube.com/watch?v=yqd_oDPzXh8",,,,,,,2025-06-23T23:09:20.738Z,2025-06-23T23:09:20.738Z
1706,,"Battle of Cagayan - Conquistadors vs Samurai Pirates DOCUMENTARY","https://www.youtube.com/watch?v=xY0yxv1wX3o",,,,,,,2025-06-23T23:09:20.743Z,2025-06-23T23:09:20.743Z
1707,,"Ancient Celts: Anglo-Saxon Invasion of Britain DOCUMENTARY","https://www.youtube.com/watch?v=10pUygkKYxk",,,,,,,2025-06-23T23:09:20.748Z,2025-06-23T23:09:20.748Z
1708,,"Rise of Oda Nobunaga - Battle of Okehazama 1560 DOCUMENTARY","https://www.youtube.com/watch?v=plDSW1MaYWI",,,,,,,2025-06-23T23:09:20.753Z,2025-06-23T23:09:20.753Z
1709,,"Hattusa - 3D Tour of the Hittite Capital - Bronze Age DOCUMENTARY","https://www.youtube.com/watch?v=CgH4CxQrgRc",,,,,,,2025-06-23T23:09:20.757Z,2025-06-23T23:09:20.757Z
1710,,"Assassination of Julius Caesar: Why and How DOCUMENTARY","https://www.youtube.com/watch?v=ZVc2aJwWwbo",,,,,,,2025-06-23T23:09:20.762Z,2025-06-23T23:09:20.762Z
1711,,"Battle of Narva 1700 - Great Northern War DOCUMENTARY","https://www.youtube.com/watch?v=1DvbGhQcCJw",,,,,,,2025-06-23T23:09:20.766Z,2025-06-23T23:09:20.766Z
1712,,"Byzantine Reconquista - Siege of Chandax 960-961 DOCUMENTARY","https://www.youtube.com/watch?v=MM_VDcJdQbQ",,,,,,,2025-06-23T23:09:20.771Z,2025-06-23T23:09:20.771Z
1713,,"Why and How the Mongols became Muslim","https://www.youtube.com/watch?v=esuvYHZe22c",,,,,,,2025-06-23T23:09:20.776Z,2025-06-23T23:09:20.776Z
1714,,"Battle of Adrianople 1205 - Fourth Crusade DOCUMENTARY","https://www.youtube.com/watch?v=lNkLry6NyUo",,,,,,,2025-06-23T23:09:20.780Z,2025-06-23T23:09:20.780Z
1715,,"Elite and Levy Units of the Eastern Roman Army","https://www.youtube.com/watch?v=nezpRl9VkcU",,,,,,,2025-06-23T23:09:20.785Z,2025-06-23T23:09:20.785Z
1716,,"Was Julius Caesar a Military Tyrant or a Saviour of Rome?","https://www.youtube.com/watch?v=UDj7EpikibE",,,,,,,2025-06-23T23:09:20.789Z,2025-06-23T23:09:20.789Z
1717,,"Alexander the Great's Conquest - Balkan Campaign 335 BC","https://www.youtube.com/watch?v=SndWlYj9zQM",,,,,,,2025-06-23T23:09:20.793Z,2025-06-23T23:09:20.793Z
1718,,"How Genghis Khan Wanted to Cheat Death","https://www.youtube.com/watch?v=5YBa66ooiIo",,,,,,,2025-06-23T23:09:20.798Z,2025-06-23T23:09:20.798Z
1719,,"Mongol Army - Tactics, Logistics, Siegecraft, Recruitment DOCUMENTARY","https://www.youtube.com/watch?v=HPbBaKYlsfU",,,,,,,2025-06-23T23:09:20.803Z,2025-06-23T23:09:20.803Z
1720,,"Ottoman-Portuguese War - Age of Colonization DOCUMENTARY","https://www.youtube.com/watch?v=R3E1SYBgK4w",,,,,,,2025-06-23T23:09:20.808Z,2025-06-23T23:09:20.808Z
1721,,"Rabban Bar Sauma: Adventures of Mongol Marco Polo","https://www.youtube.com/watch?v=VaW9gUSpS1A",,,,,,,2025-06-23T23:09:20.812Z,2025-06-23T23:09:20.812Z
1722,,"Sihang Warehouse 1937 - Chinese Thermopylae - WW2 DOCUMENTARY","https://www.youtube.com/watch?v=IxpG19OTmns",,,,,,,2025-06-23T23:09:20.817Z,2025-06-23T23:09:20.817Z
1723,,"Enclosure: How the English Lost Their Lands","https://www.youtube.com/watch?v=uedPl9vGt4c",,,,,,,2025-06-23T23:09:20.821Z,2025-06-23T23:09:20.821Z
1724,,"Berber Empires: Zirids, Almoravids and Almohads DOCUMENTARY","https://www.youtube.com/watch?v=LeArDH86dRU",,,,,,,2025-06-23T23:09:20.826Z,2025-06-23T23:09:20.826Z
1725,,"Medieval Travel and Pilgrimage DOCUMENTARY","https://www.youtube.com/watch?v=RPul5aQUkyE",,,,,,,2025-06-23T23:09:20.831Z,2025-06-23T23:09:20.831Z
1726,,"Battle of Fornovo 1495 - Italian Wars DOCUMENTARY","https://www.youtube.com/watch?v=Ct43H3MW_DA",,,,,,,2025-06-23T23:09:20.836Z,2025-06-23T23:09:20.836Z
1727,,"How the Ancient Olympics Were Conducted DOCUMENTARY","https://www.youtube.com/watch?v=Fr2Z0Ok2e-4",,,,,,,2025-06-23T23:09:20.840Z,2025-06-23T23:09:20.840Z
1728,,"Battle of Formigny 1450 - Hundred Years' War DOCUMENTARY","https://www.youtube.com/watch?v=qGkb4OOoUH4",,,,,,,2025-06-23T23:09:20.845Z,2025-06-23T23:09:20.845Z
1729,,"Last Stand of Free Celts: Struggle Against the Roman Empire","https://www.youtube.com/watch?v=F22PRkTOSd0",,,,,,,2025-06-23T23:09:20.850Z,2025-06-23T23:09:20.850Z
1730,,"How the German Empire Provoked Ottoman Jihad in WWI","https://www.youtube.com/watch?v=8LCpbgVx9kY",,,,,,,2025-06-23T23:09:20.854Z,2025-06-23T23:09:20.854Z
1731,,"How the Fall of Rome Transformed the Mediterranean DOCUMENTARY","https://www.youtube.com/watch?v=32a6sAvi2j8",,,,,,,2025-06-23T23:09:20.859Z,2025-06-23T23:09:20.859Z
1732,,"Early Muslim Expansion - Arab Conquest of Iran and Egypt","https://www.youtube.com/watch?v=baHT2nR5Wr4",,,,,,,2025-06-23T23:09:20.864Z,2025-06-23T23:09:20.864Z
1733,,"The Pacific War Trailer","https://www.youtube.com/watch?v=Rvo65lnbe9E",,,,,,,2025-06-23T23:09:20.868Z,2025-06-23T23:09:20.868Z
1734,,"Gunpowder Technology of the Mongol Army","https://www.youtube.com/watch?v=CPtaV9h1NaE",,,,,,,2025-06-23T23:09:20.873Z,2025-06-23T23:09:20.873Z
1735,,"What Was Lost in the Sack of Constantinople of 1204?","https://www.youtube.com/watch?v=u7_ewGVo65k",,,,,,,2025-06-23T23:09:20.878Z,2025-06-23T23:09:20.878Z
1736,,"Sack of Constantinople 1204 - Fourth Crusade DOCUMENTARY","https://www.youtube.com/watch?v=IpHbbq0O7Wo",,,,,,,2025-06-23T23:09:20.882Z,2025-06-23T23:09:20.882Z
1737,,"Ainu - History of Ghost of Yotei DOCUMENTARY","https://www.youtube.com/watch?v=5tnK2FK2298",,,,,,,2025-06-23T23:09:20.887Z,2025-06-23T23:09:20.887Z
1738,,"Alaric's Sack of Rome - Rise of the Goths DOCUMENTARY","https://www.youtube.com/watch?v=ifZd4Glm4SI",,,,,,,2025-06-23T23:09:20.892Z,2025-06-23T23:09:20.892Z
1739,,"Oldest Businessmen in History","https://www.youtube.com/watch?v=5p6EL-a0v60",,,,,,,2025-06-23T23:09:20.896Z,2025-06-23T23:09:20.896Z
1740,,"Vandal Kingdom in Africa and the Sack of Rome in 455 DOCUMENTARY","https://www.youtube.com/watch?v=ZyNmtG57RcU",,,,,,,2025-06-23T23:09:20.901Z,2025-06-23T23:09:20.901Z
1741,,"How Rome Conquered the Ancient Celts","https://www.youtube.com/watch?v=MGCCc1AgGbI",,,,,,,2025-06-23T23:09:20.905Z,2025-06-23T23:09:20.905Z
1742,,"Siege of Orleans 1429 - Joan of Arc Saves France DOCUMENTARY","https://www.youtube.com/watch?v=fn_rAGGpbBE",,,,,,,2025-06-23T23:09:20.910Z,2025-06-23T23:09:20.910Z
1743,,"How the Mongols Lived in the Steppe","https://www.youtube.com/watch?v=AS95dkiWkfk",,,,,,,2025-06-23T23:09:20.915Z,2025-06-23T23:09:20.915Z
1744,,"Battle of Frigidus 394 - End of the Pagan Rome DOCUMENTARY","https://www.youtube.com/watch?v=bNSyUqlHjcI",,,,,,,2025-06-23T23:09:20.919Z,2025-06-23T23:09:20.919Z
1745,,"Cyrus the Great - Rise of the Achaemenid Empire DOCUMENTARY","https://www.youtube.com/watch?v=ZoH2UQZBaPY",,,,,,,2025-06-23T23:09:20.924Z,2025-06-23T23:09:20.924Z
1746,,"How Athenian Democracy Was Born - Ancient Greece DOCUMENTARY","https://www.youtube.com/watch?v=Amu6zhlCJO0",,,,,,,2025-06-23T23:09:20.928Z,2025-06-23T23:09:20.928Z
1747,,"Battle of Taranto 1940 - Pearl Harbor of the Mediterranean DOCUMENTARY","https://www.youtube.com/watch?v=Wdbel62kZl0",,,,,,,2025-06-23T23:09:20.933Z,2025-06-23T23:09:20.933Z
1748,,"How Julian Became Known as Apostate - Roman History DOCUMENTARY","https://www.youtube.com/watch?v=gc8UUOubrfw",,,,,,,2025-06-23T23:09:20.937Z,2025-06-23T23:09:20.937Z
1749,,"Japanese Warrior Women - Female Samurai DOCUMENTARY","https://www.youtube.com/watch?v=FCBMbq_y9Hk",,,,,,,2025-06-23T23:09:20.949Z,2025-06-23T23:09:20.949Z
1750,,"Munda 45 BC - Caesar's Last Campaign - Roman Civil War DOCUMENTARY","https://www.youtube.com/watch?v=5YieqWNaenQ",,,,,,,2025-06-23T23:09:20.961Z,2025-06-23T23:09:20.961Z
1751,,"Berbers: Ancient Origins of North African Civilization","https://www.youtube.com/watch?v=qMv9Gyc08P8",,,,,,,2025-06-23T23:09:20.965Z,2025-06-23T23:09:20.965Z
1752,,"Battle of Agincourt 1415 - Hundred Years' War DOCUMENTARY","https://www.youtube.com/watch?v=mZzaaORehzs",,,,,,,2025-06-23T23:09:20.970Z,2025-06-23T23:09:20.970Z
1753,,"Ancient Celtic Armies: Invasion of Rome and Greece","https://www.youtube.com/watch?v=leZH41r0fY4",,,,,,,2025-06-23T23:09:20.975Z,2025-06-23T23:09:20.975Z
1754,,"Mediterranean War: Italian Raids on Alexandria and Gibraltar","https://www.youtube.com/watch?v=Zn4Gjueziig",,,,,,,2025-06-23T23:09:20.980Z,2025-06-23T23:09:20.980Z
1755,,"Beginning of Muslim Africa - Battle of Sufetula 647 DOCUMENTARY","https://www.youtube.com/watch?v=sCBjF9XFuvE",,,,,,,2025-06-23T23:09:20.984Z,2025-06-23T23:09:20.984Z
1756,,"Rise of the Neo-Assyrian Empire - Ancient Mesopotamia DOCUMENTARY","https://www.youtube.com/watch?v=PDP6A1LA_5I",,,,,,,2025-06-23T23:09:20.989Z,2025-06-23T23:09:20.989Z
1757,,"536 AD - Worst Year in History","https://www.youtube.com/watch?v=X7ab0D36x4U",,,,,,,2025-06-23T23:09:20.994Z,2025-06-23T23:09:20.994Z
1758,,"Rise of Bulgaria - Events leading to the Sack of Constantinople","https://www.youtube.com/watch?v=3Vp_IENiSnA",,,,,,,2025-06-23T23:09:20.998Z,2025-06-23T23:09:20.998Z
1759,,"Rise of the Vandals: How the Vandals Took Over Roman Africa","https://www.youtube.com/watch?v=-IpbeEW6I9Y",,,,,,,2025-06-23T23:09:21.003Z,2025-06-23T23:09:21.003Z
1760,,"Samurai Who Survived Two Mongol Invasions DOCUMENTARY","https://www.youtube.com/watch?v=DXKHpu8GHyk",,,,,,,2025-06-23T23:09:21.008Z,2025-06-23T23:09:21.008Z
1761,,"Scythians - Rise and Fall of the Original Horselords DOCUMENTARY","https://www.youtube.com/watch?v=UuPNMQmwLAQ",,,,,,,2025-06-23T23:09:21.012Z,2025-06-23T23:09:21.012Z
1762,,"Fugger - Banker Who Brought the Habsburgs to Power","https://www.youtube.com/watch?v=95Nmtm7XnvU",,,,,,,2025-06-23T23:09:21.017Z,2025-06-23T23:09:21.017Z
1763,,"Ancient Origins of the Celts - Ancient Civilizations DOCUMENTARY","https://www.youtube.com/watch?v=S_QizTMIr-0",,,,,,,2025-06-23T23:09:21.022Z,2025-06-23T23:09:21.022Z
1764,,"Thapsus 46 BC - Caesar's Most Complicated Campaign - Roman DOCUMENTARY","https://www.youtube.com/watch?v=DktcMZ-WJvE",,,,,,,2025-06-23T23:09:21.026Z,2025-06-23T23:09:21.026Z
1765,,"How Charlemagne's Empire Fell","https://www.youtube.com/watch?v=QaZfhCswRvg",,,,,,,2025-06-23T23:09:21.031Z,2025-06-23T23:09:21.031Z
1766,,"Muslim Schism: How Islam Split into the Sunni and Shia Branches","https://www.youtube.com/watch?v=-85dXjgMiSU",,,,,,,2025-06-23T23:09:21.035Z,2025-06-23T23:09:21.035Z
1767,,"Soviet Invasion of Afghanistan - Operation Storm-333 DOCUMENTARY","https://www.youtube.com/watch?v=bpm5dPIULF0",,,,,,,2025-06-23T23:09:21.040Z,2025-06-23T23:09:21.040Z
1768,,"French Resurgence - Hundred Years' War DOCUMENTARY","https://www.youtube.com/watch?v=Niypz81Ycks",,,,,,,2025-06-23T23:09:21.044Z,2025-06-23T23:09:21.044Z
1769,,"Julian: Rise of the Last Pagan Emperor of Rome","https://www.youtube.com/watch?v=ZshHmtmtsDs",,,,,,,2025-06-23T23:09:21.049Z,2025-06-23T23:09:21.049Z
1770,,"Caesar in Africa - Battle of Ruspina 46 BC - Roman DOCUMENTARY","https://www.youtube.com/watch?v=SB7JTGrK2vg",,,,,,,2025-06-23T23:09:21.053Z,2025-06-23T23:09:21.053Z
1771,,"Winter War - Soviet Finnish 1939-1940 War - FULL 3d DOCUMENTARY","https://www.youtube.com/watch?v=1Uk5bY22RSE",,,,,,,2025-06-23T23:09:21.058Z,2025-06-23T23:09:21.058Z
1772,,"Martyrdom of Saint Maurice and the Theban Legion - Roman DOCUMENTARY","https://www.youtube.com/watch?v=y4fRVPh1F-I",,,,,,,2025-06-23T23:09:21.063Z,2025-06-23T23:09:21.063Z
1773,,"Caesar's Pontic War: Zela and Veni Vidi Vici - Roman DOCUMENTARY","https://www.youtube.com/watch?v=ztJezJ7EZz4",,,,,,,2025-06-23T23:09:21.067Z,2025-06-23T23:09:21.067Z
1774,,"Turkification of Anatolia - Nomads DOCUMENTARY","https://www.youtube.com/watch?v=JBgq1taoUsY",,,,,,,2025-06-23T23:09:21.072Z,2025-06-23T23:09:21.072Z
1775,,"Strategikon - Army Manual of the Eastern Roman Empire","https://www.youtube.com/watch?v=5GafRHOEEzc",,,,,,,2025-06-23T23:09:21.077Z,2025-06-23T23:09:21.077Z
1776,,"Noryang Straits 1598 - End of the Imjin War DOCUMENTARY","https://www.youtube.com/watch?v=rhruHDYHGNw",,,,,,,2025-06-23T23:09:21.081Z,2025-06-23T23:09:21.081Z
1777,,"Battle of Poitiers 1356 - Hundred Years' War DOCUMENTARY","https://www.youtube.com/watch?v=cL9DxUqeEJQ",,,,,,,2025-06-23T23:09:21.090Z,2025-06-23T23:09:21.090Z
1778,,"Battle of Greece and Battle of Crete - World War II DOCUMENTARY","https://www.youtube.com/watch?v=_jDBQijICTo",,,,,,,2025-06-23T23:09:21.094Z,2025-06-23T23:09:21.094Z
1779,,"Seminoles - Native Americans Who Never Surrendered","https://www.youtube.com/watch?v=VDPj0wJFmTY",,,,,,,2025-06-23T23:09:21.099Z,2025-06-23T23:09:21.099Z
1780,,"Claudius: Reformer, Conqueror of Britain - Roman Emperors DOCUMENTARY","https://www.youtube.com/watch?v=bPbZFzJpSY4",,,,,,,2025-06-23T23:09:21.103Z,2025-06-23T23:09:21.103Z
1781,,"How the Mongol Army Integrated Turks, Chinese and Others","https://www.youtube.com/watch?v=Yimi0FZLtHs",,,,,,,2025-06-23T23:09:21.108Z,2025-06-23T23:09:21.108Z
1782,,"Yuezhi Migration and Kushan Empire - Nomads DOCUMENTARY","https://www.youtube.com/watch?v=2KdM6AlyLUY",,,,,,,2025-06-23T23:09:21.114Z,2025-06-23T23:09:21.114Z
1783,,"Byzantine Empire Strikes Back - Battle of Nikiou 646 DOCUMENTARY","https://www.youtube.com/watch?v=lUlgYAmwzc4",,,,,,,2025-06-23T23:09:21.119Z,2025-06-23T23:09:21.119Z
1784,,"Mos Maiorum: What led to the fall of the Roman Republic?","https://www.youtube.com/watch?v=BNWfDWk6ohM",,,,,,,2025-06-23T23:09:21.125Z,2025-06-23T23:09:21.125Z
1785,,"Battle of Crecy 1346 - Hundred Years' War DOCUMENTARY","https://www.youtube.com/watch?v=L6fgI51PDrQ",,,,,,,2025-06-23T23:09:21.129Z,2025-06-23T23:09:21.129Z
1786,,"Origins of Hanukkah - Maccabean Anti-Hellenic Rebellion DOCUMENTARY","https://www.youtube.com/watch?v=TaanPpi8LK0",,,,,,,2025-06-23T23:09:21.133Z,2025-06-23T23:09:21.133Z
1787,,"Creation of the Medieval Roman Army","https://www.youtube.com/watch?v=hFVpbJhawqk",,,,,,,2025-06-23T23:09:21.138Z,2025-06-23T23:09:21.138Z
1788,,"Last Stand of the Sassanids - Battle of Nahavand 642 DOCUMENTARY","https://www.youtube.com/watch?v=vK5YHnpL8Ek",,,,,,,2025-06-23T23:09:21.143Z,2025-06-23T23:09:21.143Z
1789,,"How Slavery Caused the American Civil War","https://www.youtube.com/watch?v=vb9u4CKxOLE",,,,,,,2025-06-23T23:09:21.147Z,2025-06-23T23:09:21.147Z
1790,,"German Raiders in the Pacific - Modern Warfare DOCUMENTARY","https://www.youtube.com/watch?v=JbiWX9pkWns",,,,,,,2025-06-23T23:09:21.152Z,2025-06-23T23:09:21.152Z
1791,,"Rise of the Seljuk Empire - Nomadic Civilizations DOCUMENTARY","https://www.youtube.com/watch?v=P79ECnISamo",,,,,,,2025-06-23T23:09:21.156Z,2025-06-23T23:09:21.156Z
1792,,"Seven Wonders of the Ancient World - 3D DOCUMENTARY","https://www.youtube.com/watch?v=mAa_YaJ_7zM",,,,,,,2025-06-23T23:09:21.161Z,2025-06-23T23:09:21.161Z
1793,,"Battle of the Nile 47 BC - Caesar's Civil War DOCUMENTARY","https://www.youtube.com/watch?v=olJdi4VvlN0",,,,,,,2025-06-23T23:09:21.166Z,2025-06-23T23:09:21.166Z
1794,,"How Genghis Khan Supplied his Army - Mongol Logistics Documentary","https://www.youtube.com/watch?v=8IkBThNXgbo",,,,,,,2025-06-23T23:09:21.171Z,2025-06-23T23:09:21.171Z
1795,,"Nubia - Christian Kingdoms in the Heart of Africa","https://www.youtube.com/watch?v=jKIoLwKYpuY",,,,,,,2025-06-23T23:09:21.176Z,2025-06-23T23:09:21.176Z
1796,,"Children's Crusade: Real Story of the Tragic Event","https://www.youtube.com/watch?v=9RfHz2gVcUo",,,,,,,2025-06-23T23:09:21.180Z,2025-06-23T23:09:21.180Z
1307,,"Bouvines 1214 - Anglo-French War DOCUMENTARY","https://www.youtube.com/watch?v=pc45-q2OEBs",,,,,,,2025-06-23T23:09:21.185Z,2025-06-23T23:09:21.185Z
1797,,"Battle of Hong Kong 1941 - Pacific War DOCUMENTARY","https://www.youtube.com/watch?v=TrqlSSA2xUc",,,,,,,2025-06-23T23:09:21.189Z,2025-06-23T23:09:21.189Z
1798,,"How Rus Survived Mongols and Crusaders - Rise of Novgorod","https://www.youtube.com/watch?v=M-afMOFa0-A",,,,,,,2025-06-23T23:09:21.194Z,2025-06-23T23:09:21.194Z
1799,,"Japanese Invasion of Korea - Chinese Counter-Offensive DOCUMENTARY","https://www.youtube.com/watch?v=kZ7tXJCq0gw",,,,,,,2025-06-23T23:09:21.198Z,2025-06-23T23:09:21.198Z
1800,,"Islamic Golden Age: Scientific Method DOCUMENTARY","https://www.youtube.com/watch?v=RI0kwcr83R0",,,,,,,2025-06-23T23:09:21.203Z,2025-06-23T23:09:21.203Z
1801,,"Fall of Alexandria 641 - Early Muslim Expansion DOCUMENTARY","https://www.youtube.com/watch?v=DfJSsNRlrt8",,,,,,,2025-06-23T23:09:21.207Z,2025-06-23T23:09:21.207Z
1802,,"Thomas Cochrane: Craziest Sea Captain in History","https://www.youtube.com/watch?v=pU-kFUJoJEU",,,,,,,2025-06-23T23:09:21.211Z,2025-06-23T23:09:21.211Z
1803,,"Siege of Alexandria 48 BC - Caesar's Civil War DOCUMENTARY","https://www.youtube.com/watch?v=EfKD2GwWlpQ",,,,,,,2025-06-23T23:09:21.218Z,2025-06-23T23:09:21.218Z
1804,,"Bosporan Kingdom - Longest Surviving Ancient Greek State","https://www.youtube.com/watch?v=ltikjXUiAC4",,,,,,,2025-06-23T23:09:21.223Z,2025-06-23T23:09:21.223Z
1805,,"Ottoman-Portuguese War for the Indian Ocean - DOCUMENTARY","https://www.youtube.com/watch?v=DSkViv_rSbs",,,,,,,2025-06-23T23:09:21.227Z,2025-06-23T23:09:21.227Z
1806,,"Greek and Barbarians - Ancient Civilizations DOCUMENTARY","https://www.youtube.com/watch?v=8Y45eWBGz4Q&t=346s",,,,,,,2025-06-23T23:09:21.232Z,2025-06-23T23:09:21.232Z
1807,,"When America Invaded Russia - 3D History DOCUMENTARY","https://www.youtube.com/watch?v=7rRq3McTnYs",,,,,,,2025-06-23T23:09:21.236Z,2025-06-23T23:09:21.236Z
1808,,"Lens and Prague 1648 - the End of the Thirty Years' War DOCUMENTARY","https://www.youtube.com/watch?v=gmAg7t6oqEc",,,,,,,2025-06-23T23:09:21.241Z,2025-06-23T23:09:21.241Z
1809,,"Destruction of Kievan Rus - Mongol Conquest DOCUMENTARY","https://www.youtube.com/watch?v=0kMonEmadLE",,,,,,,2025-06-23T23:09:21.245Z,2025-06-23T23:09:21.245Z
1810,,"Did a Volcano End the Mongol Empire?","https://www.youtube.com/watch?v=B8iUXeFxMKc",,,,,,,2025-06-23T23:09:21.258Z,2025-06-23T23:09:21.258Z
1811,,"Muslim Conquest of Egypt 640 - Battles of Babylon and Heliopolis","https://www.youtube.com/watch?v=TbY5xjrt0ZE",,,,,,,2025-06-23T23:09:21.263Z,2025-06-23T23:09:21.263Z
1812,,"El Cid: Knight of the Two Worlds - Reconquista DOCUMENTARY","https://www.youtube.com/watch?v=C8xEyqR5JuA",,,,,,,2025-06-23T23:09:21.268Z,2025-06-23T23:09:21.268Z
1813,,"Winter War -  How the Red Army Finally Defeated the Finns","https://www.youtube.com/watch?v=2-H_QRakqQI",,,,,,,2025-06-23T23:09:21.272Z,2025-06-23T23:09:21.272Z
1814,,"Battle of Pharsalus 48 BC - Caesar's Civil War DOCUMENTARY","https://www.youtube.com/watch?v=T0fe4iK_YYg",,,,,,,2025-06-23T23:09:21.277Z,2025-06-23T23:09:21.277Z
1815,,"Did Commodus End the Golden Age of Rome? - Roman History DOCUMENTARY","https://www.youtube.com/watch?v=nVW5RJj6CTo",,,,,,,2025-06-23T23:09:21.282Z,2025-06-23T23:09:21.282Z
1816,,"Alexander the Great in Quran and Middle Eastern Myths","https://www.youtube.com/watch?v=Y2ne_VCsv9U",,,,,,,2025-06-23T23:09:21.286Z,2025-06-23T23:09:21.286Z
1817,,"Ottoman-Portuguese War in Africa - EthiopianΓÇôAdal War DOCUMENTARY","https://www.youtube.com/watch?v=Q1BtO8W_ss4",,,,,,,2025-06-23T23:09:21.291Z,2025-06-23T23:09:21.291Z
1818,,"Tecumseh and the Native American Resistance","https://www.youtube.com/watch?v=cH-T2aY4DPY",,,,,,,2025-06-23T23:09:21.295Z,2025-06-23T23:09:21.295Z
1819,,"Sicily: Multicultural Kingdom of Normans, Greeks and Arabs","https://www.youtube.com/watch?v=p005MsPYE6Q",,,,,,,2025-06-23T23:09:21.305Z,2025-06-23T23:09:21.305Z
1820,,"How Rome Conquered Greece - Roman History DOCUMENTARY","https://www.youtube.com/watch?v=v5q1rerf-qw",,,,,,,2025-06-23T23:09:21.320Z,2025-06-23T23:09:21.320Z
1821,,"How the Mongols Defeated their Enemies","https://www.youtube.com/watch?v=ichNmAe8XzE",,,,,,,2025-06-23T23:09:21.349Z,2025-06-23T23:09:21.349Z
1822,,"Why the Thirty Years' War Was So Devastating - European Wars of Religion","https://www.youtube.com/watch?v=QKUBpUSn-Kw",,,,,,,2025-06-23T23:09:21.353Z,2025-06-23T23:09:21.353Z
1823,,"Crusader-Mongol Alliance - Kings and Generals DOCUMENTARY","https://www.youtube.com/watch?v=qCfxCth9gzM",,,,,,,2025-06-23T23:09:21.358Z,2025-06-23T23:09:21.358Z
1824,,"Emperor Han Wudi - Ancient China's Greatest Conqueror","https://www.youtube.com/watch?v=fEY1ljrE88M",,,,,,,2025-06-23T23:09:21.365Z,2025-06-23T23:09:21.365Z
1825,,"Daily life in the Danelaw - Vikings DOCUMENTARY","https://www.youtube.com/watch?v=hfuP12uAoCQ",,,,,,,2025-06-23T23:09:21.394Z,2025-06-23T23:09:21.394Z
1826,,"Hastings 1066 - Normans vs. Anglo-Saxons DOCUMENTARY","https://www.youtube.com/watch?v=jB47xpnJzE0",,,,,,,2025-06-23T23:09:21.409Z,2025-06-23T23:09:21.409Z
1827,,"Stamford Bridge 1066 - Anglo-Saxons vs. Vikings DOCUMENTARY","https://www.youtube.com/watch?v=9t6F30Eykrw",,,,,,,2025-06-23T23:09:21.428Z,2025-06-23T23:09:21.428Z
1828,,"Viking Colonization of England","https://www.youtube.com/watch?v=vZtsaUigoOw",,,,,,,2025-06-23T23:09:21.434Z,2025-06-23T23:09:21.434Z
1829,,"Basil II - Reformer, Restorer, Bulgarslayer","https://www.youtube.com/watch?v=lIuNd9KulZM",,,,,,,2025-06-23T23:09:21.439Z,2025-06-23T23:09:21.439Z
1830,,"Soviets Surrounded - Winter War DOCUMENTARY","https://www.youtube.com/watch?v=dBV8iXgPkOc",,,,,,,2025-06-23T23:09:21.444Z,2025-06-23T23:09:21.444Z
1831,,"Subutai - Genghis's Greatest General DOCUMENTARY","https://www.youtube.com/watch?v=MS9MgymLtxQ",,,,,,,2025-06-23T23:09:21.449Z,2025-06-23T23:09:21.449Z
1832,,"Arminius: Hero of Germania, Traitor to Rome - BARBARIANS DOCUMENTARY","https://www.youtube.com/watch?v=logbxY7_FCw",,,,,,,2025-06-23T23:09:21.454Z,2025-06-23T23:09:21.454Z
1833,,"Origin of the Germanic Tribes - BARBARIANS DOCUMENTARY","https://www.youtube.com/watch?v=_KFzDlhT6bs",,,,,,,2025-06-23T23:09:21.458Z,2025-06-23T23:09:21.458Z
1834,,"Golden Age of the Rus: Christian Empire in the East DOCUMENTARY","https://www.youtube.com/watch?v=6b4kBTswuUk",,,,,,,2025-06-23T23:09:21.463Z,2025-06-23T23:09:21.463Z
1835,,"Earliest Chinese Armies - Armies and Tactics DOCUMENTARY","https://www.youtube.com/watch?v=VG6C9x2Ve90",,,,,,,2025-06-23T23:09:21.467Z,2025-06-23T23:09:21.467Z
1836,,"Fall of Jerusalem and the Battle of Jalula 637 - Early Muslim Expansion","https://www.youtube.com/watch?v=GEcnPqluxs8",,,,,,,2025-06-23T23:09:21.473Z,2025-06-23T23:09:21.473Z
1837,,"Sohei: Buddhist Warrior Monks of Medieval Japan","https://www.youtube.com/watch?v=KHedbN-rL2Q",,,,,,,2025-06-23T23:09:21.478Z,2025-06-23T23:09:21.478Z
1838,,"Spartacus and other Slave Rebellions in Rome","https://www.youtube.com/watch?v=YK68w-5Jn40",,,,,,,2025-06-23T23:09:21.482Z,2025-06-23T23:09:21.482Z
1839,,"Battle of Panipat 1761 - Durrani-Maratha War DOCUMENTARY","https://www.youtube.com/watch?v=svbQq3oype4",,,,,,,2025-06-23T23:09:21.487Z,2025-06-23T23:09:21.487Z
1840,,"Ghaznavids: From Slaves to the Rulers of Central Asia DOCUMENTARY","https://www.youtube.com/watch?v=yJ91rv0xdWM",,,,,,,2025-06-23T23:09:21.491Z,2025-06-23T23:09:21.491Z
1841,,"Battle of Diu 1538 - Ottoman-Portuguese War for India DOCUMENTARY","https://www.youtube.com/watch?v=_P6PIndpEAc",,,,,,,2025-06-23T23:09:21.496Z,2025-06-23T23:09:21.496Z
1842,,"How did the Mongols Conquer Strongholds and Cities?","https://www.youtube.com/watch?v=Es2khuXqoeE",,,,,,,2025-06-23T23:09:21.501Z,2025-06-23T23:09:21.501Z
1350,,"Winter War: War in the Arctic","https://www.youtube.com/watch?v=w6KzEot_DbE",,,,,,,2025-06-23T23:09:21.506Z,2025-06-23T23:09:21.506Z
1843,,"History of the American Mafia","https://www.youtube.com/watch?v=jUne3fMzPKU",,,,,,,2025-06-23T23:09:21.510Z,2025-06-23T23:09:21.510Z
1844,,"Battle of Dyrrhachium 48 BC - Caesar against Pompey DOCUMENTARY","https://www.youtube.com/watch?v=9pDIeB3bVyU",,,,,,,2025-06-23T23:09:21.515Z,2025-06-23T23:09:21.515Z
1845,,"Marcus Aurelius - Philosopher Emperor","https://www.youtube.com/watch?v=cLtDWIsOs1E",,,,,,,2025-06-23T23:09:21.520Z,2025-06-23T23:09:21.520Z
1846,,"Battle of Crete 1941 - World War II DOCUMENTARY","https://www.youtube.com/watch?v=K7Fi7JyAlMs",,,,,,,2025-06-23T23:09:21.525Z,2025-06-23T23:09:21.525Z
1847,,"How the Rus Became Christian - Vladimir the Great DOCUMENTARY","https://www.youtube.com/watch?v=TYxsfTMxaNY",,,,,,,2025-06-23T23:09:21.529Z,2025-06-23T23:09:21.529Z
1848,,"Battle of Zusmarshausen 1648 - Thirty Years' War DOCUMENTARY","https://www.youtube.com/watch?v=7aDHH9Ot-Cw",,,,,,,2025-06-23T23:09:21.534Z,2025-06-23T23:09:21.534Z
1849,,"Nanman: the Lost Tribe of South China DOCUMENTARY","https://www.youtube.com/watch?v=JQl-MfNc4aQ",,,,,,,2025-06-23T23:09:21.539Z,2025-06-23T23:09:21.539Z
1850,,"Siege of Ctesiphon 637 - Early Muslim Expansion DOCUMENTARY","https://www.youtube.com/watch?v=o9jNvJFawlo",,,,,,,2025-06-23T23:09:21.543Z,2025-06-23T23:09:21.543Z
1851,,"Structure of the Mongol Army DOCUMENTARY","https://www.youtube.com/watch?v=JGWFv9UoIq8",,,,,,,2025-06-23T23:09:21.548Z,2025-06-23T23:09:21.548Z
1852,,"Battle of Adrianople 378 - Roman-Gothic War DOCUMENTARY","https://www.youtube.com/watch?v=GTTccepA7gc",,,,,,,2025-06-23T23:09:21.552Z,2025-06-23T23:09:21.552Z
1853,,"World in Year 1066 - Crusader Kings III DOCUMENTARY","https://www.youtube.com/watch?v=CW91dnqSsAo",,,,,,,2025-06-23T23:09:21.557Z,2025-06-23T23:09:21.557Z
1854,,"Battle of Greece - Operation Marita 1941 - Germans Attack DOCUMENTARY","https://www.youtube.com/watch?v=BpagBoiFeJw",,,,,,,2025-06-23T23:09:21.561Z,2025-06-23T23:09:21.561Z
1855,,"Did the Trojan War Really Happen?","https://www.youtube.com/watch?v=12eHJL2yRtk",,,,,,,2025-06-23T23:09:21.570Z,2025-06-23T23:09:21.570Z
1856,,"World in Year 867 - Crusader Kings III DOCUMENTARY","https://www.youtube.com/watch?v=6yWsiN4iQI0",,,,,,,2025-06-23T23:09:21.575Z,2025-06-23T23:09:21.575Z
1857,,"Timur against Bayezid - Battle of Ankara 1402 DOCUMENTARY","https://www.youtube.com/watch?v=hIEIpQAz4PE",,,,,,,2025-06-23T23:09:21.581Z,2025-06-23T23:09:21.581Z
1858,,"Aurelian: Emperor Who Restored the World","https://www.youtube.com/watch?v=YQHNaemGOoI",,,,,,,2025-06-23T23:09:21.585Z,2025-06-23T23:09:21.585Z
1859,,"Battles of Utica and Bagradas 49 BC - Caesar's Civil War DOCUMENTARY","https://www.youtube.com/watch?v=HKTijnPauSw",,,,,,,2025-06-23T23:09:21.590Z,2025-06-23T23:09:21.590Z
1860,,"Koxinga - Chinese Pirate Who Fought European Colonization","https://www.youtube.com/watch?v=STXXtuoohXE",,,,,,,2025-06-23T23:09:21.595Z,2025-06-23T23:09:21.595Z
1861,,"Battle of Telamon 225 BC - RomanΓÇôGallic wars DOCUMENTARY","https://www.youtube.com/watch?v=inx2K3640Cw",,,,,,,2025-06-23T23:09:21.599Z,2025-06-23T23:09:21.599Z
1862,,"Why the Ottomans Never Colonized America?","https://www.youtube.com/watch?v=lM_Wzt_Z228",,,,,,,2025-06-23T23:09:21.604Z,2025-06-23T23:09:21.604Z
1863,,"Greco-Italian War 1940: Greece Strikes Back - World War 2 DOCUMENTARY","https://www.youtube.com/watch?v=me-jtCP92BM",,,,,,,2025-06-23T23:09:21.609Z,2025-06-23T23:09:21.609Z
1864,,"Real Ghost of Tsushima - Mongol Invasion of Japan DOCUMENTARY","https://www.youtube.com/watch?v=11Y_Q1w-d_E",,,,,,,2025-06-23T23:09:21.613Z,2025-06-23T23:09:21.613Z
1865,,"Demosthenes: Greatest Enemy of Philip of Macedon","https://www.youtube.com/watch?v=ABS1iepXG0U",,,,,,,2025-06-23T23:09:21.618Z,2025-06-23T23:09:21.618Z
1866,,"Imjin War - Rise of admiral Yi Sun-sin - Hansando 1592 DOCUMENTARY","https://www.youtube.com/watch?v=6UtEW4diRbM",,,,,,,2025-06-23T23:09:21.623Z,2025-06-23T23:09:21.623Z
1867,,"Early Rus Conquests: Viking Princes in Eastern Rome","https://www.youtube.com/watch?v=HY8Lb1w1JzY",,,,,,,2025-06-23T23:09:21.628Z,2025-06-23T23:09:21.628Z
1868,,"Norman Sack of Rome 1084 - Norman Conquests DOCUMENTARY","https://www.youtube.com/watch?v=Q-2-JKF52cY",,,,,,,2025-06-23T23:09:21.632Z,2025-06-23T23:09:21.632Z
1869,,"Ancient Greek State Politics and Diplomacy","https://www.youtube.com/watch?v=MVnp4NilDLI",,,,,,,2025-06-23T23:09:21.637Z,2025-06-23T23:09:21.637Z
1870,,"Battles of Ilerda and Massilia 49 BC - Caesar's Civil War DOCUMENTARY","https://www.youtube.com/watch?v=wwr1KvNL0MY",,,,,,,2025-06-23T23:09:21.641Z,2025-06-23T23:09:21.641Z
1871,,"Battle of Greece 1940: Mussolini Attacks - World War II DOCUMENTARY","https://www.youtube.com/watch?v=zTw-QH4Ry8U",,,,,,,2025-06-23T23:09:21.646Z,2025-06-23T23:09:21.646Z
1872,,"Mongol Army: How it All Started","https://www.youtube.com/watch?v=4bvJKJgESP4",,,,,,,2025-06-23T23:09:21.654Z,2025-06-23T23:09:21.654Z
1873,,"Battle of Nordlingen 1645 - Thirty Years' War DOCUMENTARY","https://www.youtube.com/watch?v=c0O6CRQiChA",,,,,,,2025-06-23T23:09:21.661Z,2025-06-23T23:09:21.661Z
1874,,"Coldstream Guards - Origin of the Modern British Army","https://www.youtube.com/watch?v=x6MTlxjiROI",,,,,,,2025-06-23T23:09:21.682Z,2025-06-23T23:09:21.682Z
1875,,"Normans against Romans - Battle of Dyrrhachium 1081 DOCUMENTARY","https://www.youtube.com/watch?v=FFya9iLzvsM",,,,,,,2025-06-23T23:09:21.687Z,2025-06-23T23:09:21.687Z
1876,,"Slavs and Vikings: Medieval Russia and the Origins of the Kievan Rus","https://www.youtube.com/watch?v=W3CvfrmHpt4",,,,,,,2025-06-23T23:09:21.692Z,2025-06-23T23:09:21.692Z
1877,,"Caesar's Civil War: The War Begins 49BC DOCUMENTARY","https://www.youtube.com/watch?v=auF6aliIrHI",,,,,,,2025-06-23T23:09:21.696Z,2025-06-23T23:09:21.696Z
1878,,"Caesar's Great Roman Civil War - How it all started - DOCUMENTARY","https://www.youtube.com/watch?v=QFAofKwX2KM",,,,,,,2025-06-23T23:09:21.701Z,2025-06-23T23:09:21.701Z
1879,,"Sack of Delhi 1398 - Timurid Invasions DOCUMENTARY","https://www.youtube.com/watch?v=issEot6c0d0",,,,,,,2025-06-23T23:09:21.705Z,2025-06-23T23:09:21.705Z
1880,,"Ancient Origins of the Chinese Triads","https://www.youtube.com/watch?v=FqM3hXdXSa4",,,,,,,2025-06-23T23:09:21.710Z,2025-06-23T23:09:21.710Z
1881,,"Battle of Khalkhin Gol 1939 - Soviet-Japanese War DOCUMENTARY","https://www.youtube.com/watch?v=GGwUlET2tbw",,,,,,,2025-06-23T23:09:21.715Z,2025-06-23T23:09:21.715Z
1882,,"Cem Sultan: Ottoman Prince in the Heart of Europe","https://www.youtube.com/watch?v=3w9POQMt5jk",,,,,,,2025-06-23T23:09:21.719Z,2025-06-23T23:09:21.719Z
1883,,"Imjin War - Beginning of the Japanese Invasion of Korea DOCUMENTARY","https://www.youtube.com/watch?v=7ENmMCS42XY",,,,,,,2025-06-23T23:09:21.724Z,2025-06-23T23:09:21.724Z
1884,,"Did the Foederati End the Roman Empire?","https://www.youtube.com/watch?v=QSmnSksHyzo",,,,,,,2025-06-23T23:09:21.729Z,2025-06-23T23:09:21.729Z
1885,,"Early Muslim Expansion - Khalid, Yarmouk, al-Qadisiyyah DOCUMENTARY","https://www.youtube.com/watch?v=r2cEIDZwG5M",,,,,,,2025-06-23T23:09:21.734Z,2025-06-23T23:09:21.734Z
1886,,"Islamic Golden Age - Philosophy and Humanities","https://www.youtube.com/watch?v=9M5wyH4kNZE",,,,,,,2025-06-23T23:09:21.739Z,2025-06-23T23:09:21.739Z
1887,,"Charles XII: Swedish king and the Ottoman refugee","https://www.youtube.com/watch?v=ZlaRa5lsT_0",,,,,,,2025-06-23T23:09:21.744Z,2025-06-23T23:09:21.744Z
1888,,"Winter War 1939-1940 - Finland's Desperate Defense Against the Red Army","https://www.youtube.com/watch?v=r3ZbbDyOaOg",,,,,,,2025-06-23T23:09:21.749Z,2025-06-23T23:09:21.749Z
1889,,"Diplomatic Genius of Philip of Macedon","https://www.youtube.com/watch?v=yVTrkESkuTw",,,,,,,2025-06-23T23:09:21.753Z,2025-06-23T23:09:21.753Z
1890,,"Rise of Timur - War against Toqtamish - MONGOL INVASIONS DOCUMENTARY","https://www.youtube.com/watch?v=y95sYUkQJuA",,,,,,,2025-06-23T23:09:21.758Z,2025-06-23T23:09:21.758Z
1891,,"Jardine-Matheson: How Opium Wars Founded Hong Kong","https://www.youtube.com/watch?v=mHu-msqcrnk",,,,,,,2025-06-23T23:09:21.762Z,2025-06-23T23:09:21.762Z
1892,,"Battle of Cerami 1063 - Norman-Muslim War for Sicily DOCUMENTARY","https://www.youtube.com/watch?v=soui5sRzgHk",,,,,,,2025-06-23T23:09:21.767Z,2025-06-23T23:09:21.767Z
1893,,"Origins of Sicilian Mafia","https://www.youtube.com/watch?v=gDv4xUuKKF0",,,,,,,2025-06-23T23:09:21.772Z,2025-06-23T23:09:21.772Z
1894,,"Battle of Cartagena de Indias 1741 - Anglo-Spanish War DOCUMENTARY","https://www.youtube.com/watch?v=RoE-eIUZ4RY",,,,,,,2025-06-23T23:09:21.776Z,2025-06-23T23:09:21.776Z
1895,,"Knights Hospitaller: Origins","https://www.youtube.com/watch?v=VSnt1ATgYRo",,,,,,,2025-06-23T23:09:21.781Z,2025-06-23T23:09:21.781Z
1896,,"How the Norse Became Christian - Christianization of Scandinavia DOCUMENTARY","https://www.youtube.com/watch?v=10lUYwfPG_k",,,,,,,2025-06-23T23:09:21.785Z,2025-06-23T23:09:21.785Z
1897,,"Battle of Jankau 1645 - Thirty Years' War DOCUMENTARY","https://www.youtube.com/watch?v=tPfrVjZ-X60",,,,,,,2025-06-23T23:09:21.790Z,2025-06-23T23:09:21.790Z
1898,,"Is Mulan historical?","https://www.youtube.com/watch?v=mnpO_zrmL-E",,,,,,,2025-06-23T23:09:21.795Z,2025-06-23T23:09:21.795Z
1899,,"Battle of  Plassey 1757 - British Conquest of India Begins DOCUMENTARY","https://www.youtube.com/watch?v=CgzYXd6JSys",,,,,,,2025-06-23T23:09:21.800Z,2025-06-23T23:09:21.800Z
1900,,"Battle of Kulikovo 1380 - Rus-Mongol Wars DOCUMENTARY","https://www.youtube.com/watch?v=d4vROzoKElU",,,,,,,2025-06-23T23:09:21.804Z,2025-06-23T23:09:21.804Z
1901,,"Third Crusade 1189-1192: From Hattin to Jaffa DOCUMENTARY","https://www.youtube.com/watch?v=jCyCSgsFXKQ",,,,,,,2025-06-23T23:09:21.809Z,2025-06-23T23:09:21.809Z
1902,,"Hashashins: Origins of the Order of Assassins","https://www.youtube.com/watch?v=vG8qmlKdRjs",,,,,,,2025-06-23T23:09:21.813Z,2025-06-23T23:09:21.813Z
1903,,"Ancient Macedonia before Alexander the Great and Philip II","https://www.youtube.com/watch?v=FXX1FVYysjQ",,,,,,,2025-06-23T23:09:21.817Z,2025-06-23T23:09:21.817Z
1904,,"Winter War 1939-1940 - The Setup DOCUMENTARY","https://www.youtube.com/watch?v=5P6TKHqr1Xk",,,,,,,2025-06-23T23:09:21.822Z,2025-06-23T23:09:21.822Z
1905,,"Battle of Himera 480 BC - Greco-Carthaginian Sicilian Wars DOCUMENTARY","https://www.youtube.com/watch?v=_qul4SpBjfI",,,,,,,2025-06-23T23:09:21.827Z,2025-06-23T23:09:21.827Z
1906,,"Evolution of the Roman Centurion DOCUMENTARY","https://www.youtube.com/watch?v=WJa5gm7Pkuw",,,,,,,2025-06-23T23:09:21.833Z,2025-06-23T23:09:21.833Z
1907,,"Spartacus Rebellion - Roman Servile Wars DOCUMENTARY","https://www.youtube.com/watch?v=RvaXBKUDG-Y",,,,,,,2025-06-23T23:09:21.837Z,2025-06-23T23:09:21.837Z
1908,,"Battle of Freiburg 1644 - THIRTY YEARS' WAR DOCUMENTARY","https://www.youtube.com/watch?v=nDTjr2UjLl0",,,,,,,2025-06-23T23:09:21.842Z,2025-06-23T23:09:21.842Z
1909,,"Etruscans: Italian Civilization Before Ancient Rome","https://www.youtube.com/watch?v=FkySjRwUteE&t=543s",,,,,,,2025-06-23T23:09:21.847Z,2025-06-23T23:09:21.847Z
1910,,"Battle of Pydna 168 BC - Macedonian Wars DOCUMENTARY","https://www.youtube.com/watch?v=A2KmctPrQdw",,,,,,,2025-06-23T23:09:21.851Z,2025-06-23T23:09:21.851Z
1911,,"Swiss Warrior: From Italian and Burgundian Wars to Papal Guard","https://www.youtube.com/watch?v=v9ykI1EaKpI",,,,,,,2025-06-23T23:09:21.856Z,2025-06-23T23:09:21.856Z
1912,,"Mongol Invasions of Hungary and Poland DOCUMENTARY","https://www.youtube.com/watch?v=699KWqGfl-w",,,,,,,2025-06-23T23:09:21.860Z,2025-06-23T23:09:21.860Z
1913,,"Great Schism: The Bitter Rivalry Between Greek and Latin Christianity","https://www.youtube.com/watch?v=a6rWf0k8d78",,,,,,,2025-06-23T23:09:21.865Z,2025-06-23T23:09:21.865Z
1914,,"Battle of Lepanto 1571 - Ottoman Wars DOCUMENTARY","https://www.youtube.com/watch?v=0Z0S8eSbDjQ",,,,,,,2025-06-23T23:09:21.869Z,2025-06-23T23:09:21.869Z
1915,,"Military Reforms of Diocletian - Roman Imperial Army DOCUMENTARY","https://www.youtube.com/watch?v=_QLl1Z0fPgs",,,,,,,2025-06-23T23:09:21.874Z,2025-06-23T23:09:21.874Z
1916,,"Battle of Civitate 1053 - Norman Conquest of Italy - DOCUMENTARY","https://www.youtube.com/watch?v=vjEjPeJ_iPM",,,,,,,2025-06-23T23:09:21.879Z,2025-06-23T23:09:21.879Z
1917,,"Gannibal - African Son of Peter the Great of Russia","https://www.youtube.com/watch?v=I6kn_gYCaWw",,,,,,,2025-06-23T23:09:21.883Z,2025-06-23T23:09:21.883Z
1918,,"Battle of the Bulge 1944 - Ardennes Counteroffensive DOCUMENTARY","https://www.youtube.com/watch?v=kKiLyEuIAPE",,,,,,,2025-06-23T23:09:21.889Z,2025-06-23T23:09:21.889Z
1919,,"Battle of Callinicus 171 BC - Roman-Macedonian Wars DOCUMENTARY","https://www.youtube.com/watch?v=y17Qld7_Ryk",,,,,,,2025-06-23T23:09:21.894Z,2025-06-23T23:09:21.894Z
1920,,"Fall of Famagusta 1571 - OTTOMAN WARS DOCUMENTARY","https://www.youtube.com/watch?v=7wMbmGFNMZw",,,,,,,2025-06-23T23:09:21.899Z,2025-06-23T23:09:21.899Z
1921,,"Caesar in Gaul - Roman History DOCUMENTARY","https://www.youtube.com/watch?v=LRV185XaMIM",,,,,,,2025-06-23T23:09:21.903Z,2025-06-23T23:09:21.903Z
1922,,"Battle of Jaffa 1192 - Third Crusade DOCUMENTARY","https://www.youtube.com/watch?v=1UmxUQLp4VY",,,,,,,2025-06-23T23:09:21.909Z,2025-06-23T23:09:21.909Z
1923,,"Roman Imperial Cavalry - Armies and Tactics DOCUMENTARY","https://www.youtube.com/watch?v=X1KD_LJwFZQ",,,,,,,2025-06-23T23:09:21.913Z,2025-06-23T23:09:21.913Z
1924,,"Tordesillas - How the Pope divided the world between Spain and Portugal","https://www.youtube.com/watch?v=o1Qllx4YH9A",,,,,,,2025-06-23T23:09:21.918Z,2025-06-23T23:09:21.918Z
1925,,"How the Korean War Ended - COLD WAR DOCUMENTARY","https://www.youtube.com/watch?v=1te1PWJrXmM",,,,,,,2025-06-23T23:09:21.922Z,2025-06-23T23:09:21.922Z
1926,,"Rise of the Swiss Warriors and Mercenaries","https://www.youtube.com/watch?v=3zGxv_oNFQY",,,,,,,2025-06-23T23:09:21.927Z,2025-06-23T23:09:21.927Z
1927,,"Wars of Roses 1455-1487 - English Civil Wars DOCUMENTARY","https://www.youtube.com/watch?v=Do7XBxUVJsE",,,,,,,2025-06-23T23:09:21.934Z,2025-06-23T23:09:21.934Z
1928,,"Abritus 251 - Crisis of the Third Century DOCUMENTARY","https://www.youtube.com/watch?v=fF1LOp0ZFLU",,,,,,,2025-06-23T23:09:21.938Z,2025-06-23T23:09:21.938Z
1929,,"Suez Crisis 1956 - Cold War DOCUMENTARY","https://www.youtube.com/watch?v=Ck8sNXREHvw",,,,,,,2025-06-23T23:09:21.943Z,2025-06-23T23:09:21.943Z
1930,,"Malik Ambar: African King in the Heart of India","https://www.youtube.com/watch?v=VY9RIGEWD_o",,,,,,,2025-06-23T23:09:21.947Z,2025-06-23T23:09:21.947Z
1931,,"Mongol Invasions - Mamluk-Ilkhanate Wars DOCUMENTARY","https://www.youtube.com/watch?v=_QiPISsBo5M",,,,,,,2025-06-23T23:09:21.952Z,2025-06-23T23:09:21.952Z
1932,,"Roman Castra - How Legionaries Built and Lived in their Fortresses","https://www.youtube.com/watch?v=D7bMF-Uqg24",,,,,,,2025-06-23T23:09:21.957Z,2025-06-23T23:09:21.957Z
1933,,"Sentinum 295 BC - Roman-Samnite Wars DOCUMENTARY","https://www.youtube.com/watch?v=jRDQpazjI9U",,,,,,,2025-06-23T23:09:21.961Z,2025-06-23T23:09:21.961Z
1934,,"Sertorius - Anti-Sulla Rebellion in Spain DOCUMENTARY","https://www.youtube.com/watch?v=q5kleX6F-cM",,,,,,,2025-06-23T23:09:21.966Z,2025-06-23T23:09:21.966Z
1935,,"Yom Kippur War 1973 - Golan Heights Front DOCUMENTARY","https://www.youtube.com/watch?v=dmDaB81MEQ0",,,,,,,2025-06-23T23:09:21.970Z,2025-06-23T23:09:21.970Z
1936,,"Versinikia 813 - Byzantine - Bulgarian Wars DOCUMENTARY","https://www.youtube.com/watch?v=PTcV-xegA0c",,,,,,,2025-06-23T23:09:21.975Z,2025-06-23T23:09:21.975Z
1937,,"Korean War 1950-1953 - Chinese Intervention 1950 - COLD WAR DOCUMENTARY","https://www.youtube.com/watch?v=duQRGQeFkJw",,,,,,,2025-06-23T23:09:21.980Z,2025-06-23T23:09:21.980Z
1938,,"Roman Army during the Crisis of the Third Century DOCUMENTARY","https://www.youtube.com/watch?v=UtQCfQmhdNU",,,,,,,2025-06-23T23:09:21.985Z,2025-06-23T23:09:21.985Z
1939,,"Szigetvar 1566 - OTTOMAN WARS DOCUMENTARY","https://www.youtube.com/watch?v=SilVXqdffw4",,,,,,,2025-06-23T23:09:21.989Z,2025-06-23T23:09:21.989Z
1940,,"Roman-Chinese Relations and Contacts","https://www.youtube.com/watch?v=koVj0GwBWt8",,,,,,,2025-06-23T23:09:21.994Z,2025-06-23T23:09:21.994Z
1941,,"Rocroi 1643 - THIRTY YEARS' WAR DOCUMENTARY","https://www.youtube.com/watch?v=zamiibdAyfw",,,,,,,2025-06-23T23:09:21.999Z,2025-06-23T23:09:21.999Z
1942,,"Roman-Indo-Parthian Trade","https://www.youtube.com/watch?v=WzGrRWfExJM",,,,,,,2025-06-23T23:09:22.004Z,2025-06-23T23:09:22.004Z
1943,,"Mongol Invasion of India - Battle of Kili 1299 DOCUMENTARY","https://www.youtube.com/watch?v=rCtw2adDL3k",,,,,,,2025-06-23T23:09:22.008Z,2025-06-23T23:09:22.008Z
1944,,"Gokturk Empire - Nomadic Civilizations DOCUMENTARY","https://www.youtube.com/watch?v=BChpoa_IuQs",,,,,,,2025-06-23T23:09:22.012Z,2025-06-23T23:09:22.012Z
1945,,"Rise of Babylon and Hammurabi - Ancient Mesopotamia DOCUMENTARY","https://www.youtube.com/watch?v=gJF_lYSREgc",,,,,,,2025-06-23T23:09:22.017Z,2025-06-23T23:09:22.017Z
1946,,"Cynoscephalae 197 BC - Macedonian Wars DOCUMENTARY","https://www.youtube.com/watch?v=BVDZjLjIasA",,,,,,,2025-06-23T23:09:22.021Z,2025-06-23T23:09:22.021Z
1947,,"Before Spartacus: Second Servile War against the Roman Republic","https://www.youtube.com/watch?v=jhLXhrOiLmk",,,,,,,2025-06-23T23:09:22.026Z,2025-06-23T23:09:22.026Z
1948,,"Yom Kippur War 1973 - Sinai Front DOCUMENTARY","https://www.youtube.com/watch?v=82-lmGuTl_I",,,,,,,2025-06-23T23:09:22.031Z,2025-06-23T23:09:22.031Z
1949,,"Arsuf 1191 - Third Crusade DOCUMENTARY","https://www.youtube.com/watch?v=93Z3A_vmodc",,,,,,,2025-06-23T23:09:22.036Z,2025-06-23T23:09:22.036Z
1950,,"Pliska 811 - Byzantine - Bulgarian Wars DOCUMENTARY","https://www.youtube.com/watch?v=x3QEQ7na1DA",,,,,,,2025-06-23T23:09:22.041Z,2025-06-23T23:09:22.041Z
1951,,"White Huns: Rise and Decline","https://www.youtube.com/watch?v=JJWddbCUZLQ",,,,,,,2025-06-23T23:09:22.046Z,2025-06-23T23:09:22.046Z
1952,,"L├╝tzen 1632 - THIRTY YEARS' WAR DOCUMENTARY","https://www.youtube.com/watch?v=gvbM9xO5LWI",,,,,,,2025-06-23T23:09:22.050Z,2025-06-23T23:09:22.050Z
1953,,"Mongols: Invasions of Vietnam 1258-1288 DOCUMENTARY","https://www.youtube.com/watch?v=ZQtfwjSMY3A",,,,,,,2025-06-23T23:09:22.055Z,2025-06-23T23:09:22.055Z
1954,,"Macedonian Wars: First Roman Intervention in the Hellenic Affairs","https://www.youtube.com/watch?v=59HLvgN8d4Q",,,,,,,2025-06-23T23:09:22.060Z,2025-06-23T23:09:22.060Z
1955,,"Korean War 1950-1953 - Battle of Inchon 1950 - COLD WAR DOCUMENTARY","https://www.youtube.com/watch?v=Hh3G_HXnIWA",,,,,,,2025-06-23T23:09:22.064Z,2025-06-23T23:09:22.064Z
1956,,"Roman Armies and Tactics: Roman Siegecraft","https://www.youtube.com/watch?v=CqLgzHxlxKk",,,,,,,2025-06-23T23:09:22.069Z,2025-06-23T23:09:22.069Z
1957,,"Great Siege of Malta 1565 - Ottoman Wars DOCUMENTARY","https://www.youtube.com/watch?v=gcyzP8pxjJ8",,,,,,,2025-06-23T23:09:22.074Z,2025-06-23T23:09:22.074Z
1958,,"Fall of Acre 1191 - Third Crusade DOCUMENTARY","https://www.youtube.com/watch?v=a2V50GGyXy8",,,,,,,2025-06-23T23:09:22.079Z,2025-06-23T23:09:22.079Z
1959,,"Zheng He's Floating City: When China Dominated the Oceans","https://www.youtube.com/watch?v=t-s1K56UgM0",,,,,,,2025-06-23T23:09:22.084Z,2025-06-23T23:09:22.084Z
1960,,"Gustavus Adolphus - Breitenfeld 1631 - 30 YEARS' WAR DOCUMENTARY","https://www.youtube.com/watch?v=56mj5OqcqdU",,,,,,,2025-06-23T23:09:22.088Z,2025-06-23T23:09:22.088Z
1961,,"First Arab - Israeli War 1948 - COLD WAR DOCUMENTARY","https://www.youtube.com/watch?v=CaIi-3huRLE",,,,,,,2025-06-23T23:09:22.093Z,2025-06-23T23:09:22.093Z
1962,,"The Real Story Behind Shogun TV Show: William Adams - English Samurai","https://www.youtube.com/watch?v=2aVshthzRuk",,,,,,,2025-06-23T23:09:22.098Z,2025-06-23T23:09:22.098Z
1963,,"Korean War 1950-1953 - Drive South and Battle of Pusan - COLD WAR DOCUMENTARY","https://www.youtube.com/watch?v=2uwl0xEtwAI",,,,,,,2025-06-23T23:09:22.102Z,2025-06-23T23:09:22.102Z
1964,,"Huns: The Origin","https://www.youtube.com/watch?v=bFpQjWtpHcM",,,,,,,2025-06-23T23:09:22.107Z,2025-06-23T23:09:22.107Z
1965,,"Ottoman Wars - Siege of Buda 1541 and Eger 1552 DOCUMENTARY","https://www.youtube.com/watch?v=5ic_zqSkwsI",,,,,,,2025-06-23T23:09:22.111Z,2025-06-23T23:09:22.111Z
1966,,"Roman Slave Rebellions: First Servile War","https://www.youtube.com/watch?v=T4IS2MAGgAY",,,,,,,2025-06-23T23:09:22.116Z,2025-06-23T23:09:22.116Z
1967,,"Mongols: Invasions of Japan 1274 and 1281 DOCUMENTARY","https://www.youtube.com/watch?v=7FxBjEbEPX0",,,,,,,2025-06-23T23:09:22.121Z,2025-06-23T23:09:22.121Z
1968,,"Rise of Jin and the War of the Eight Princes DOCUMENTARY","https://www.youtube.com/watch?v=RaQ4sSe-dGM",,,,,,,2025-06-23T23:09:22.125Z,2025-06-23T23:09:22.125Z
1969,,"Thirty Years' War - Danish Intervention 1626-1629 DOCUMENTARY","https://www.youtube.com/watch?v=GDd_2tbt_A8",,,,,,,2025-06-23T23:09:22.130Z,2025-06-23T23:09:22.130Z
1970,,"Third Crusade - the Beginning - Kings and Generals DOCUMENTARY","https://www.youtube.com/watch?v=kHTLBHt3zUM",,,,,,,2025-06-23T23:09:22.136Z,2025-06-23T23:09:22.136Z
1971,,"Napoleonic Wars - Battle of Aspern-Essling 1809 DOCUMENTARY","https://www.youtube.com/watch?v=tPmYpSVsLto",,,,,,,2025-06-23T23:09:22.144Z,2025-06-23T23:09:22.144Z
1972,,"Pyrrhus and Pyrrhic War - Kings and Generals DOCUMENTARY","https://www.youtube.com/watch?v=2QBA6ZPmj3Q",,,,,,,2025-06-23T23:09:22.149Z,2025-06-23T23:09:22.149Z
1973,,"Gallipoli 1915 - The Great War DOCUMENTARY","https://www.youtube.com/watch?v=IeAPkEl8hHg",,,,,,,2025-06-23T23:09:22.153Z,2025-06-23T23:09:22.153Z
1974,,"Alesia 52 BC - Caesar's Gallic Wars DOCUMENTARY","https://www.youtube.com/watch?v=ueI0Vmb5C70",,,,,,,2025-06-23T23:09:22.158Z,2025-06-23T23:09:22.158Z
1975,,"Carrhae 53 BC - RomanΓÇôParthian War DOCUMENTARY","https://www.youtube.com/watch?v=FVaADXhnxuE",,,,,,,2025-06-23T23:09:22.162Z,2025-06-23T23:09:22.162Z
1976,,"Thirty Years' War - White Mountain 1620 DOCUMENTARY","https://www.youtube.com/watch?v=ZIEU_um0GfQ",,,,,,,2025-06-23T23:09:22.167Z,2025-06-23T23:09:22.167Z
1977,,"Darius I and The Greatest Lie in History","https://www.youtube.com/watch?v=KIh1v7MiyVM",,,,,,,2025-06-23T23:09:22.172Z,2025-06-23T23:09:22.172Z
1978,,"Ottoman Wars - Battles of Gorjani and Castelnuovo 1537 DOCUMENTARY","https://www.youtube.com/watch?v=LnyIsZoVwlQ",,,,,,,2025-06-23T23:09:22.177Z,2025-06-23T23:09:22.177Z
1979,,"Amorite Kingdoms and the Sumerian Renaissance - Ancient Mesopotamia DOCUMENTARY","https://www.youtube.com/watch?v=bX9SVkixxtk&t=1s",,,,,,,2025-06-23T23:09:22.183Z,2025-06-23T23:09:22.183Z
1980,,"Nisibis 217 AD - RomanΓÇôParthian War DOCUMENTARY","https://www.youtube.com/watch?v=tEXmNlEQPeg",,,,,,,2025-06-23T23:09:22.187Z,2025-06-23T23:09:22.187Z
1981,,"Game of Thrones: Battle of Winterfell","https://www.youtube.com/watch?v=QD3fC39a1C0",,,,,,,2025-06-23T23:09:22.192Z,2025-06-23T23:09:22.192Z
1982,,"Napoleonic Wars - Battle of Eckm├╝hl 1809 DOCUMENTARY","https://www.youtube.com/watch?v=k9h4jOerIdc",,,,,,,2025-06-23T23:09:22.196Z,2025-06-23T23:09:22.196Z
1983,,"Varangians - Elite Bodyguards of the Byzantine Emperors","https://www.youtube.com/watch?v=PRr44d-3gsg",,,,,,,2025-06-23T23:09:22.200Z,2025-06-23T23:09:22.200Z
1984,,"Cyprus Crisis 1974 - COLD WAR DOCUMENTARY","https://www.youtube.com/watch?v=DPxyCuzFGOQ",,,,,,,2025-06-23T23:09:22.205Z,2025-06-23T23:09:22.205Z
1985,,"Watling Street 60 AD - Boudica's Revolt DOCUMENTARY","https://www.youtube.com/watch?v=5xxUc3T1_As",,,,,,,2025-06-23T23:09:22.210Z,2025-06-23T23:09:22.210Z
1986,,"Siege of Damascus 634 - Arab - Byzantine Wars DOCUMENTARY","https://www.youtube.com/watch?v=ZGo5ck2EEHg",,,,,,,2025-06-23T23:09:22.214Z,2025-06-23T23:09:22.214Z
1987,,"Emperor Taizong and the Rise of the Tang Dynasty DOCUMENTARY","https://www.youtube.com/watch?v=QN535vSrvGg",,,,,,,2025-06-23T23:09:22.219Z,2025-06-23T23:09:22.219Z
1988,,"Preveza 1538 - Ottoman Wars DOCUMENTARY","https://www.youtube.com/watch?v=QAME42prcGw",,,,,,,2025-06-23T23:09:22.224Z,2025-06-23T23:09:22.224Z
1989,,"Roman Trade with Africa DOCUMENTARY","https://www.youtube.com/watch?v=iJGnnxPn7SU",,,,,,,2025-06-23T23:09:22.228Z,2025-06-23T23:09:22.228Z
1990,,"Gergovia 52 BC - Caesar's First Defeat DOCUMENTARY","https://www.youtube.com/watch?v=brpk2TqOzh4",,,,,,,2025-06-23T23:09:22.233Z,2025-06-23T23:09:22.233Z
1991,,"Roman Armies and Tactics: Praetorians","https://www.youtube.com/watch?v=HG77CHJEvUg",,,,,,,2025-06-23T23:09:22.238Z,2025-06-23T23:09:22.238Z
1992,,"Red Cliffs and Jiangling 208 - THREE KINGDOMS DOCUMENTARY","https://www.youtube.com/watch?v=a1n0yNDODJI",,,,,,,2025-06-23T23:09:22.242Z,2025-06-23T23:09:22.242Z
1993,,"Game of Thrones: Battle of the Blackwater","https://www.youtube.com/watch?v=y2Li_WrxBvc",,,,,,,2025-06-23T23:09:22.247Z,2025-06-23T23:09:22.247Z
1994,,"Siege of Jerusalem 70 AD - Great Jewish Revolt DOCUMENTARY","https://www.youtube.com/watch?v=KE4hmrvZLIQ",,,,,,,2025-06-23T23:09:22.251Z,2025-06-23T23:09:22.251Z
1995,,"Siege of Vienna 1529 - Ottoman Wars DOCUMENTARY","https://www.youtube.com/watch?v=fWcf9ur542o",,,,,,,2025-06-23T23:09:22.261Z,2025-06-23T23:09:22.261Z
1996,,"How Roman trade with India made the Empire rich","https://www.youtube.com/watch?v=eDTaOOVbxLs",,,,,,,2025-06-23T23:09:22.266Z,2025-06-23T23:09:22.266Z
1997,,"Pyrrhus: Against Everyone DOCUMENTARY","https://www.youtube.com/watch?v=_B0Wp-h0bFk",,,,,,,2025-06-23T23:09:22.270Z,2025-06-23T23:09:22.270Z
1998,,"Ashoka the Great - Rise of the Mauryan Empire Documentary","https://www.youtube.com/watch?v=Ed6UZtVTI64",,,,,,,2025-06-23T23:09:22.275Z,2025-06-23T23:09:22.275Z
1999,,"Caesar in Britannia and Germania DOCUMENTARY","https://www.youtube.com/watch?v=TrhMmnXsw9I",,,,,,,2025-06-23T23:09:22.280Z,2025-06-23T23:09:22.280Z
2000,,"Game of Thrones: War of the Five Kings - Battles of Green Fork and Whispering Wood","https://www.youtube.com/watch?v=ctHJ_vBTLdA",,,,,,,2025-06-23T23:09:22.285Z,2025-06-23T23:09:22.285Z
2001,,"Pyrrhus vs. Romans and Carthaginians DOCUMENTARY","https://www.youtube.com/watch?v=9nD1KyD-j24",,,,,,,2025-06-23T23:09:22.290Z,2025-06-23T23:09:22.290Z
2002,,"Idistaviso 16 AD - Roman-Germanic Wars DOCUMENTARY","https://www.youtube.com/watch?v=S1cfOydQ5No",,,,,,,2025-06-23T23:09:22.294Z,2025-06-23T23:09:22.294Z
2003,,"Sun Ce and Establishment of Eastern Wu - Three Kingdoms DOCUMENTARY","https://www.youtube.com/watch?v=IsjKqvpZH2E",,,,,,,2025-06-23T23:09:22.299Z,2025-06-23T23:09:22.299Z
2004,,"Why Was Egypt Crucial for the Roman Empire?","https://www.youtube.com/watch?v=BaCaFpAtm48",,,,,,,2025-06-23T23:09:22.304Z,2025-06-23T23:09:22.304Z
2005,,"Battle of Heraclea 280 BC - Pyrrhic Wars DOCUMENTARY","https://www.youtube.com/watch?v=OpKg094sA_I",,,,,,,2025-06-23T23:09:22.308Z,2025-06-23T23:09:22.308Z
2006,,"Game of Thrones: Blackfyre Rebellion - Battle of the Redgrass Field","https://www.youtube.com/watch?v=FmvSfXqYk7k",,,,,,,2025-06-23T23:09:22.313Z,2025-06-23T23:09:22.313Z
2007,,"Falklands War 1982 DOCUMENTARY","https://www.youtube.com/watch?v=3e8Ms0pbPcw",,,,,,,2025-06-23T23:09:22.317Z,2025-06-23T23:09:22.317Z
2008,,"Rise of Sumer: Cradle of Civilization DOCUMENTARY","https://www.youtube.com/watch?v=MHpmLrWBjnM&t=10s",,,,,,,2025-06-23T23:09:22.322Z,2025-06-23T23:09:22.322Z
2009,,"Pyrrhus: Before Rome DOCUMENTARY","https://www.youtube.com/watch?v=2EAcnatt5tQ",,,,,,,2025-06-23T23:09:22.326Z,2025-06-23T23:09:22.326Z
2010,,"Sejanus: Almost the Roman Emperor","https://www.youtube.com/watch?v=f2iFXVdkw4w",,,,,,,2025-06-23T23:09:22.331Z,2025-06-23T23:09:22.331Z
2011,,"Military Reforms of Augustus","https://www.youtube.com/watch?v=sftPh0SMnvQ",,,,,,,2025-06-23T23:09:22.335Z,2025-06-23T23:09:22.335Z
2012,,"Yasuke: Story of the African Samurai in Japan","https://www.youtube.com/watch?v=0RZaHgXEhJ4",,,,,,,2025-06-23T23:09:22.340Z,2025-06-23T23:09:22.340Z
2013,,"The Cold War Channel - Release Date Announcement","https://www.youtube.com/watch?v=N5qoct4fnuQ",,,,,,,2025-06-23T23:09:22.350Z,2025-06-23T23:09:22.350Z
2014,,"Battle of Mohacs 1526 - Ottoman Wars DOCUMENTARY","https://www.youtube.com/watch?v=N6_ZzJBUKjM",,,,,,,2025-06-23T23:09:22.354Z,2025-06-23T23:09:22.354Z
2015,,"Game of Thrones: Aegon's Conquest - Last Storm and Field of Fire DOCUMENTARY","https://www.youtube.com/watch?v=4KuaRRWmHFs",,,,,,,2025-06-23T23:09:22.358Z,2025-06-23T23:09:22.358Z
2016,,"Battles of Somosierra and Corunna 1808-1809 - Napoleonic Wars DOCUMENTARY","https://www.youtube.com/watch?v=EFLOJZoln38",,,,,,,2025-06-23T23:09:22.363Z,2025-06-23T23:09:22.363Z
2017,,"Teutoburg Forest 9 AD - Roman-Germanic Wars DOCUMENTARY","https://www.youtube.com/watch?v=imEyKWMDM2o",,,,,,,2025-06-23T23:09:22.368Z,2025-06-23T23:09:22.368Z
2018,,"The Cold War","https://www.youtube.com/watch?v=bZSTeXV_wwM",,,,,,,2025-06-23T23:09:22.372Z,2025-06-23T23:09:22.372Z
2019,,"Why were the Iranian Empires so Successful?","https://www.youtube.com/watch?v=wXFebggoweE",,,,,,,2025-06-23T23:09:22.377Z,2025-06-23T23:09:22.377Z
2020,,"Battle of Guandu 200 - Three Kingdoms DOCUMENTARY","https://www.youtube.com/watch?v=YOGkH_8K_xg",,,,,,,2025-06-23T23:09:22.382Z,2025-06-23T23:09:22.382Z
2021,,"History of the Inca Empire DOCUMENTARY","https://www.youtube.com/watch?v=iYYfg2tph3w",,,,,,,2025-06-23T23:09:22.386Z,2025-06-23T23:09:22.386Z
2022,,"How the Romans Stole Silk Production Secrets from China","https://www.youtube.com/watch?v=KZpIBfBr4UI",,,,,,,2025-06-23T23:09:22.391Z,2025-06-23T23:09:22.391Z
2023,,"Caesar vs Belgae: Battles of Axona and Sabis 57 BC DOCUMENTARY","https://www.youtube.com/watch?v=JLY1AFDTMFM",,,,,,,2025-06-23T23:09:22.396Z,2025-06-23T23:09:22.396Z
2024,,"Roman Patronage System","https://www.youtube.com/watch?v=rD7Gux8R2DA",,,,,,,2025-06-23T23:09:22.400Z,2025-06-23T23:09:22.400Z
2025,,"Siege of Rhodes 1522 - Ottoman Wars DOCUMENTARY","https://www.youtube.com/watch?v=wWFGzri4HOo",,,,,,,2025-06-23T23:09:22.405Z,2025-06-23T23:09:22.405Z
2026,,"An Lushan Rebellion - One of the Bloodiest Conflicts in History","https://www.youtube.com/watch?v=YAvldyKxTJA",,,,,,,2025-06-23T23:09:22.410Z,2025-06-23T23:09:22.410Z
2027,,"Battles of Bailen and Tudela 1808 - Napoleonic Wars DOCUMENTARY","https://www.youtube.com/watch?v=5chi6G1GWgg",,,,,,,2025-06-23T23:09:22.414Z,2025-06-23T23:09:22.414Z
2028,,"Frederick III - German Emperor who could have Stopped the World Wars","https://www.youtube.com/watch?v=nIXw8WtiGjo",,,,,,,2025-06-23T23:09:22.419Z,2025-06-23T23:09:22.419Z
2029,,"Caesar vs Ariovistus: Battle of Vosges 58 BC DOCUMENTARY","https://www.youtube.com/watch?v=D-YpPBPD23o",,,,,,,2025-06-23T23:09:22.424Z,2025-06-23T23:09:22.424Z
2030,,"Ancient Greek Kingdom in India","https://www.youtube.com/watch?v=ZxJk4KHZxi8",,,,,,,2025-06-23T23:09:22.428Z,2025-06-23T23:09:22.428Z
2031,,"Milvian Bridge 312 - Rise of Christianity DOCUMENTARY","https://www.youtube.com/watch?v=VbFtMXytMj8",,,,,,,2025-06-23T23:09:22.433Z,2025-06-23T23:09:22.433Z
2032,,"Last Sassanids and the anti-Caliphate alliance with Tang","https://www.youtube.com/watch?v=lTuzU5M5Dh0",,,,,,,2025-06-23T23:09:22.438Z,2025-06-23T23:09:22.438Z
2033,,"Caesar and Gallic Wars: Battle of Bibracte 58 BC DOCUMENTARY","https://www.youtube.com/watch?v=9s2LmedEEAs",,,,,,,2025-06-23T23:09:22.442Z,2025-06-23T23:09:22.442Z
2034,,"Rome: from Marius to Caesar","https://www.youtube.com/watch?v=o-FjyEpspyw",,,,,,,2025-06-23T23:09:22.448Z,2025-06-23T23:09:22.448Z
2035,,"Russo-Japanese War 1904-1905 - Battle of Tsushima DOCUMENTARY","https://www.youtube.com/watch?v=jm4w2n1KjfQ",,,,,,,2025-06-23T23:09:22.453Z,2025-06-23T23:09:22.453Z
2036,,"Marian Reforms and their Military Effects DOCUMENTARY","https://www.youtube.com/watch?v=UIRS_PMeVVY",,,,,,,2025-06-23T23:09:22.457Z,2025-06-23T23:09:22.457Z
2037,,"Battle of Bosworth 1485 - Wars of the Roses DOCUMENTARY","https://www.youtube.com/watch?v=o2v9dn7pYgI",,,,,,,2025-06-23T23:09:22.462Z,2025-06-23T23:09:22.462Z
2038,,"The Greco-Chinese War Over the Heavenly Horses","https://www.youtube.com/watch?v=g6Rphg_lwwM",,,,,,,2025-06-23T23:09:22.466Z,2025-06-23T23:09:22.466Z
2039,,"Gallic Wars - Caesar Season 1 Trailer","https://www.youtube.com/watch?v=L66WRxCSJbw",,,,,,,2025-06-23T23:09:22.471Z,2025-06-23T23:09:22.471Z
2040,,"Battle of Mobei 119 BC - HanΓÇôXiongnu War DOCUMENTARY","https://www.youtube.com/watch?v=iQ7jDwF2Z2w",,,,,,,2025-06-23T23:09:22.476Z,2025-06-23T23:09:22.476Z
2041,,"Roman Legion Against Macedonian Phalanx","https://www.youtube.com/watch?v=1gI65iIxbXI",,,,,,,2025-06-23T23:09:22.481Z,2025-06-23T23:09:22.481Z
2042,,"Tragic Love Story of Archduke Franz Ferdinand","https://www.youtube.com/watch?v=zM0Or-KF2JQ",,,,,,,2025-06-23T23:09:22.485Z,2025-06-23T23:09:22.485Z
2043,,"Ottoman-Mamluk War of 1516-1517 DOCUMENTARY","https://www.youtube.com/watch?v=iXHCwmR24_s",,,,,,,2025-06-23T23:09:22.490Z,2025-06-23T23:09:22.490Z
2044,,"Ancient Greek State in Afghanistan","https://www.youtube.com/watch?v=IQATsepKoLE",,,,,,,2025-06-23T23:09:22.495Z,2025-06-23T23:09:22.495Z
2045,,"Battle of K├╢niggr├ñtz 1866 - Austro-Prussian War DOCUMENTARY","https://www.youtube.com/watch?v=wFHmmCpW1yY",,,,,,,2025-06-23T23:09:22.501Z,2025-06-23T23:09:22.501Z
2046,,"Locusta - the Poisoner of the Roman Emperors","https://www.youtube.com/watch?v=SY4i_ONbZyE",,,,,,,2025-06-23T23:09:22.505Z,2025-06-23T23:09:22.505Z
2047,,"Battles of Barnet and Tewkesbury 1471 - Wars of the Roses DOCUMENTARY","https://www.youtube.com/watch?v=pEpXxiujexU",,,,,,,2025-06-23T23:09:22.536Z,2025-06-23T23:09:22.536Z
2048,,"Armies and Tactics: Roman Legion Against Carthage and Hannibal","https://www.youtube.com/watch?v=d8SXiwDzXp8",,,,,,,2025-06-23T23:09:22.541Z,2025-06-23T23:09:22.541Z
2049,,"Battle of Towton 1461 - Wars of the Roses DOCUMENTARY","https://www.youtube.com/watch?v=zTsVJ1HOpCg",,,,,,,2025-06-23T23:09:22.550Z,2025-06-23T23:09:22.550Z
2050,,"History of the Samurai: Outsiders to Legends","https://www.youtube.com/watch?v=cKyEkgf_Z5A",,,,,,,2025-06-23T23:09:22.554Z,2025-06-23T23:09:22.554Z
2051,,"Battle of Shiloh (1862) - American Civil War DOCUMENTARY","https://www.youtube.com/watch?v=kpE7BOFqfrc",,,,,,,2025-06-23T23:09:22.559Z,2025-06-23T23:09:22.559Z
2052,,"Why did the Ottoman Sultans Kill their Brothers?","https://www.youtube.com/watch?v=vN7LgUIOAVw",,,,,,,2025-06-23T23:09:22.564Z,2025-06-23T23:09:22.564Z
2053,,"Armies and Tactics: Roman Polybian Legion and Triplex Acies","https://www.youtube.com/watch?v=7ESwxQ8WuhY",,,,,,,2025-06-23T23:09:22.572Z,2025-06-23T23:09:22.572Z
2054,,"Love Affair That Made the Hundred Years' War Inevitable","https://www.youtube.com/watch?v=LsfS7FVH-iE",,,,,,,2025-06-23T23:09:22.578Z,2025-06-23T23:09:22.578Z
2055,,"Fall of Tenochtitlan (1521) - Spanish-Aztec War DOCUMENTARY","https://www.youtube.com/watch?v=391JhiSsByI",,,,,,,2025-06-23T23:09:22.582Z,2025-06-23T23:09:22.582Z
2056,,"Aztecs: Arrival of Cortes and the Conquistadors","https://www.youtube.com/watch?v=suRAVIndO4Y",,,,,,,2025-06-23T23:09:22.587Z,2025-06-23T23:09:22.587Z
2057,,"Ottoman Wars: Battles of Otranto 1480 and Chaldiran 1514 DOCUMENTARY","https://www.youtube.com/watch?v=2On5JAMuu4A",,,,,,,2025-06-23T23:09:22.591Z,2025-06-23T23:09:22.591Z
2058,,"Armies and Tactics: Earliest Roman Armies DOCUMENTARY","https://www.youtube.com/watch?v=i9A3CWw15lQ",,,,,,,2025-06-23T23:09:22.596Z,2025-06-23T23:09:22.596Z
2059,,"Napoleonic Wars: Siege of Zaragoza (1808) - Peninsular War DOCUMENTARY","https://www.youtube.com/watch?v=pvD0VqF9saY",,,,,,,2025-06-23T23:09:22.608Z,2025-06-23T23:09:22.608Z
2060,,"Aztecs: from Refugees to Hegemons","https://www.youtube.com/watch?v=xyaz6Qm0RHA",,,,,,,2025-06-23T23:09:22.613Z,2025-06-23T23:09:22.613Z
2061,,"Czechoslovak Legion in Russia and its War to Return Home","https://www.youtube.com/watch?v=r10Yt_8Umrw",,,,,,,2025-06-23T23:09:22.618Z,2025-06-23T23:09:22.618Z
2062,,"Battle of Dhi Qar (609) - Arab - Sassanid Wars DOCUMENTARY","https://www.youtube.com/watch?v=Vvtnm6n-mzY",,,,,,,2025-06-23T23:09:22.622Z,2025-06-23T23:09:22.622Z
2063,,"Special Forces of Alexander the Great","https://www.youtube.com/watch?v=pdwplYV9ilM",,,,,,,2025-06-23T23:09:22.627Z,2025-06-23T23:09:22.627Z
2064,,"Battle of Pavia (1525) - Italian Wars DOCUMENTARY","https://www.youtube.com/watch?v=mcprW-tXuaA",,,,,,,2025-06-23T23:09:22.632Z,2025-06-23T23:09:22.632Z
2065,,"Alexander the Great: Logistics","https://www.youtube.com/watch?v=ahfyIxLlbGA",,,,,,,2025-06-23T23:09:22.636Z,2025-06-23T23:09:22.636Z
2066,,"Ottoman Wars: Skanderbeg and Albanian Rebellion DOCUMENTARY","https://www.youtube.com/watch?v=k3Qelvsi_5E",,,,,,,2025-06-23T23:09:22.641Z,2025-06-23T23:09:22.641Z
2067,,"Why did the Maya civilization collapse?","https://www.youtube.com/watch?v=SxwxTgFVUDE",,,,,,,2025-06-23T23:09:22.645Z,2025-06-23T23:09:22.645Z
2068,,"Six-Day War (1967) - Third ArabΓÇôIsraeli War DOCUMENTARY","https://www.youtube.com/watch?v=hHqJ6pgdE-c",,,,,,,2025-06-23T23:09:22.651Z,2025-06-23T23:09:22.651Z
2069,,"Mongols Season 1 Full - from Genghis to Kublai","https://www.youtube.com/watch?v=bzatw32j-i4",,,,,,,2025-06-23T23:09:22.655Z,2025-06-23T23:09:22.655Z
2070,,"What happened to Alexander's tomb?","https://www.youtube.com/watch?v=dOg_OoNkCJc",,,,,,,2025-06-23T23:09:22.660Z,2025-06-23T23:09:22.660Z
2071,,"How did Crassus Become so Wealthy?","https://www.youtube.com/watch?v=_Oscq4MfyEc",,,,,,,2025-06-23T23:09:22.664Z,2025-06-23T23:09:22.664Z
2072,,"Napoleonic Wars: Battle of Vimeiro (1808) - Peninsular War DOCUMENTARY","https://www.youtube.com/watch?v=k0eDQCuSjmA",,,,,,,2025-06-23T23:09:22.669Z,2025-06-23T23:09:22.669Z
2073,,"Why were Alexander's Body and Tomb So Important?","https://www.youtube.com/watch?v=9V9CXcH07Ic",,,,,,,2025-06-23T23:09:22.673Z,2025-06-23T23:09:22.673Z
2074,,"Battle of Allia and Sack of Rome ΓÇô Rise of the Republic DOCUMENTARY","https://www.youtube.com/watch?v=2tRg2WwmJZ8",,,,,,,2025-06-23T23:09:22.679Z,2025-06-23T23:09:22.679Z
2075,,"Military Reforms of Alexander the Great","https://www.youtube.com/watch?v=C8DzzseqBMw",,,,,,,2025-06-23T23:09:22.684Z,2025-06-23T23:09:22.684Z
2076,,"Battle of Tuyuti 1866 - War of the Triple Alliance DOCUMENTARY","https://www.youtube.com/watch?v=_xwLynzKdx4",,,,,,,2025-06-23T23:09:22.688Z,2025-06-23T23:09:22.688Z
2077,,"Maya Star War: Tikal - Calakmul War","https://www.youtube.com/watch?v=heeOSwoBOjk",,,,,,,2025-06-23T23:09:22.693Z,2025-06-23T23:09:22.693Z
2078,,"Battles of Vaslui (1475) and Valea Alba (1476) - Ottoman Wars DOCUMENTARY","https://www.youtube.com/watch?v=sCiOQ570nrk",,,,,,,2025-06-23T23:09:22.697Z,2025-06-23T23:09:22.697Z
2079,,"Armies and Tactics: Philip II's Cavalry and Siegecraft","https://www.youtube.com/watch?v=SDpORfsil0c",,,,,,,2025-06-23T23:09:22.702Z,2025-06-23T23:09:22.702Z
2080,,"Rise of the Maya","https://www.youtube.com/watch?v=sK9yv5wAoY0",,,,,,,2025-06-23T23:09:22.707Z,2025-06-23T23:09:22.707Z
2081,,"Battle of the Catalaunian Plains 451 - Aetius vs. Attila DOCUMENTARY","https://www.youtube.com/watch?v=1KMHlGxm9K8",,,,,,,2025-06-23T23:09:22.712Z,2025-06-23T23:09:22.712Z
2082,,"Armies and Tactics: Philip II and Macedonian Phalanx","https://www.youtube.com/watch?v=OdlKvZIHgMY",,,,,,,2025-06-23T23:09:22.717Z,2025-06-23T23:09:22.717Z
2083,,"Battle of New Orleans 1815 - War of 1812 DOCUMENTARY","https://www.youtube.com/watch?v=IH6CsX_nOVs",,,,,,,2025-06-23T23:09:22.721Z,2025-06-23T23:09:22.721Z
2084,,"Armies and Tactics: Ancient Greek Siege Warfare","https://www.youtube.com/watch?v=_JAJiF-CToE",,,,,,,2025-06-23T23:09:22.726Z,2025-06-23T23:09:22.726Z
2085,,"Battle of Kursk 1943 - World War II DOCUMENTARY","https://www.youtube.com/watch?v=IKtD2kht1ZI",,,,,,,2025-06-23T23:09:22.731Z,2025-06-23T23:09:22.731Z
2086,,"Great Inca Rebellion","https://www.youtube.com/watch?v=813PlMo0-54",,,,,,,2025-06-23T23:09:22.736Z,2025-06-23T23:09:22.736Z
2087,,"Justinian's Restoration: Battles of Taginae (552) and Volturnus (554) DOCUMENTARY","https://www.youtube.com/watch?v=GkK4kOYn1-I",,,,,,,2025-06-23T23:09:22.740Z,2025-06-23T23:09:22.740Z
2088,,"Armies and Tactics: Oblique Order","https://www.youtube.com/watch?v=UXDIFec0VCo",,,,,,,2025-06-23T23:09:22.745Z,2025-06-23T23:09:22.745Z
2089,,"Spanish Conquest of the Incan Empire","https://www.youtube.com/watch?v=xPm8E-zWwsQ",,,,,,,2025-06-23T23:09:22.749Z,2025-06-23T23:09:22.749Z
2090,,"Cimbrian War 113ΓÇô101 BC - Roman - Germanic Wars DOCUMENTARY","https://www.youtube.com/watch?v=5FpcDpYBFW8",,,,,,,2025-06-23T23:09:22.754Z,2025-06-23T23:09:22.754Z
2091,,"Armies and Tactics: Greek Armies during the Peloponnesian Wars","https://www.youtube.com/watch?v=UmLAhip-K1k",,,,,,,2025-06-23T23:09:22.759Z,2025-06-23T23:09:22.759Z
2092,,"Vikings: War for England - Danelaw DOCUMENTARY","https://www.youtube.com/watch?v=GQMNQgFX9mw",,,,,,,2025-06-23T23:09:22.764Z,2025-06-23T23:09:22.764Z
2093,,"Peak of the Incan Empire","https://www.youtube.com/watch?v=3aYeUOVgbck",,,,,,,2025-06-23T23:09:22.768Z,2025-06-23T23:09:22.768Z
2094,,"Napoleonic Wars: from Trafalgar to Friedland - Season 1 FULL","https://www.youtube.com/watch?v=iJ6dIGHpZOw",,,,,,,2025-06-23T23:09:22.772Z,2025-06-23T23:09:22.772Z
2095,,"Battle of Stalingrad 1942-1943 - World War II DOCUMENTARY","https://www.youtube.com/watch?v=Aupnv5n19K4",,,,,,,2025-06-23T23:09:22.777Z,2025-06-23T23:09:22.777Z
2096,,"Rise of the Incan Empire","https://www.youtube.com/watch?v=gfDdeNmZJY4",,,,,,,2025-06-23T23:09:22.782Z,2025-06-23T23:09:22.782Z
2097,,"Vikings: Battle of Edington 878 - Great Heathen Army DOCUMENTARY","https://www.youtube.com/watch?v=y-mTe31FcU8",,,,,,,2025-06-23T23:09:22.787Z,2025-06-23T23:09:22.787Z
2098,,"Armies and Tactics: Ancient Greek Navies","https://www.youtube.com/watch?v=yMfe9SI99j0",,,,,,,2025-06-23T23:09:22.791Z,2025-06-23T23:09:22.791Z
2099,,"Battles of Cyzicus (73 BC) and Tigranocerta (69 BC) - Mithridatic Wars DOCUMENTARY","https://www.youtube.com/watch?v=6JcWmd04yPw",,,,,,,2025-06-23T23:09:22.796Z,2025-06-23T23:09:22.796Z
2100,,"Battle of Sekigahara 1600 - Sengoku Jidai DOCUMENTARY","https://www.youtube.com/watch?v=6Ks2xj17IjY",,,,,,,2025-06-23T23:09:22.800Z,2025-06-23T23:09:22.800Z
2101,,"Armies and Tactics: Greek Armies during the Persian Invasions","https://www.youtube.com/watch?v=WwiDT8Nvj9E",,,,,,,2025-06-23T23:09:22.805Z,2025-06-23T23:09:22.805Z
2102,,"Siege of Belgrade 1456, Battles of Targoviste 1462 & Otlukbeli 1473 DOCUMENTARY","https://www.youtube.com/watch?v=qzEe07d_J7o",,,,,,,2025-06-23T23:09:22.809Z,2025-06-23T23:09:22.809Z
2103,,"Mongols: Civil Wars and Conquest of China - Battle of Yamen 1279 DOCUMENTARY","https://www.youtube.com/watch?v=vNB4R47nRTw",,,,,,,2025-06-23T23:09:22.814Z,2025-06-23T23:09:22.814Z
2104,,"Mongols: Zenith of Empire - Siege of Baghdad 1258 and Battle of Ain Jalut 1260 DOCUMENTARY","https://www.youtube.com/watch?v=-3MPE2BWmBo",,,,,,,2025-06-23T23:09:22.819Z,2025-06-23T23:09:22.819Z
2105,,"Siege of Constantinople 717-718 - Arab-Byzantine Wars DOCUMENTARY","https://www.youtube.com/watch?v=n4BtmRMwYmw",,,,,,,2025-06-23T23:09:22.824Z,2025-06-23T23:09:22.824Z
2106,,"Vikings: Great Heathen Army - Battle of Ashdown 871 DOCUMENTARY","https://www.youtube.com/watch?v=dS569FQq8ww",,,,,,,2025-06-23T23:09:22.829Z,2025-06-23T23:09:22.829Z
2107,,"Mongols: Western Expansion - Battles of Legnica and Mohi 1241 DOCUMENTARY","https://www.youtube.com/watch?v=kF11uwUGZog",,,,,,,2025-06-23T23:09:22.833Z,2025-06-23T23:09:22.833Z
2108,,"Battle of Lipany - Hussite Wars 1419-1434 - European Wars of Religion DOCUMENTARY","https://www.youtube.com/watch?v=2ZQwkX3euFg",,,,,,,2025-06-23T23:09:22.837Z,2025-06-23T23:09:22.837Z
2109,,"Mongols: Expedition of Subutai and Jebe - Battle of Kalka 1223 DOCUMENTARY","https://www.youtube.com/watch?v=asqgLriGcI8",,,,,,,2025-06-23T23:09:22.843Z,2025-06-23T23:09:22.843Z
2110,,"Battles of Chaeronea (86 BC) and Orchomenus (85 BC) Mithridatic Wars DOCUMENTARY","https://www.youtube.com/watch?v=9sOCFQCth2k",,,,,,,2025-06-23T23:09:22.847Z,2025-06-23T23:09:22.847Z
2111,,"Battle of Talas 751 - Abbasid - Tang War DOCUMENTARY","https://www.youtube.com/watch?v=VH9UhfRKAOc",,,,,,,2025-06-23T23:09:22.852Z,2025-06-23T23:09:22.852Z
2112,,"Mongols: Fall of Khwarezm - Battles of Parwan and Indus DOCUMENTARY","https://www.youtube.com/watch?v=WjS1FbHLIxM",,,,,,,2025-06-23T23:09:22.857Z,2025-06-23T23:09:22.857Z
2113,,"Fall Of Constantinople 1453 - Ottoman Wars DOCUMENTARY","https://www.youtube.com/watch?v=8W0OTGQEY8E",,,,,,,2025-06-23T23:09:22.861Z,2025-06-23T23:09:22.861Z
2114,,"Mongols: Rise of the Empire - Battle of Yehuling 1211 DOCUMENTARY","https://www.youtube.com/watch?v=Ysqa3KHMwcw",,,,,,,2025-06-23T23:09:22.865Z,2025-06-23T23:09:22.865Z
2115,,"Battle of Hohenfriedberg 1745 - First and Second Silesian War DOCUMENTARY","https://www.youtube.com/watch?v=eqvMaDt9h9o",,,,,,,2025-06-23T23:09:22.870Z,2025-06-23T23:09:22.870Z
2116,,"Battle of Manzikert 1071 - Byzantine - Seljuq Wars Documentary","https://www.youtube.com/watch?v=rn85RHrShrI",,,,,,,2025-06-23T23:09:22.875Z,2025-06-23T23:09:22.875Z
2117,,"Battle of al-Qadisiyyah 636 - Muslim-Sassanid War of 633-654 DOCUMENTARY","https://www.youtube.com/watch?v=01z7hTGDNco",,,,,,,2025-06-23T23:09:22.879Z,2025-06-23T23:09:22.879Z
2118,,"Siege of Rome 537-538 - Roman - Gothic War DOCUMENTARY","https://www.youtube.com/watch?v=Wq3bJAyZqMI",,,,,,,2025-06-23T23:09:22.884Z,2025-06-23T23:09:22.884Z
2119,,"Kings and Generals 2018 Trailer","https://www.youtube.com/watch?v=CuFz1R46cpE",,,,,,,2025-06-23T23:09:22.889Z,2025-06-23T23:09:22.889Z
2120,,"Napoleonic Wars: Battle of Friedland 1807 DOCUMENTARY","https://www.youtube.com/watch?v=nXforxAjuQo",,,,,,,2025-06-23T23:09:22.894Z,2025-06-23T23:09:22.894Z
2121,,"Battle of Grunwald 1410 - Northern Crusades DOCUMENTARY","https://www.youtube.com/watch?v=VeBOJ0bAI6Q",,,,,,,2025-06-23T23:09:22.899Z,2025-06-23T23:09:22.899Z
2122,,"Battle of Haldighati 1576 - Mughal-Rajput War DOCUMENTARY","https://www.youtube.com/watch?v=y5wyWB7uI3M",,,,,,,2025-06-23T23:09:22.904Z,2025-06-23T23:09:22.904Z
2123,,"Napoleonic Wars: Battle of Eylau 1807 DOCUMENTARY","https://www.youtube.com/watch?v=E8lzv_Elwjg",,,,,,,2025-06-23T23:09:22.908Z,2025-06-23T23:09:22.908Z
2124,,"Star Wars: Battle of Jakku DOCUMENTARY","https://www.youtube.com/watch?v=1yv3WW84aMU",,,,,,,2025-06-23T23:09:22.913Z,2025-06-23T23:09:22.913Z
2125,,"Battle of Varna 1444 - Ottoman Civil War - Crusade DOCUMENTARY","https://www.youtube.com/watch?v=IUlp9U2p5_c",,,,,,,2025-06-23T23:09:22.917Z,2025-06-23T23:09:22.917Z
2126,,"Napoleonic Wars: Battles of Jena - Auerstedt 1806 DOCUMENTARY","https://www.youtube.com/watch?v=bhtO3Ha0ToQ",,,,,,,2025-06-23T23:09:22.921Z,2025-06-23T23:09:22.921Z
2127,,"Crisis of the Third Century of the Roman Empire DOCUMENTARY","https://www.youtube.com/watch?v=LTqmIFEx72E",,,,,,,2025-06-23T23:09:22.926Z,2025-06-23T23:09:22.926Z
2128,,"Napoleonic Wars: Battle of Austerlitz 1805 DOCUMENTARY","https://www.youtube.com/watch?v=OaoNMLKDCQU",,,,,,,2025-06-23T23:09:22.931Z,2025-06-23T23:09:22.931Z
2129,,"The Last Roman - Ultimus Romanorum","https://www.youtube.com/watch?v=sDEcX-Uq8hA",,,,,,,2025-06-23T23:09:22.935Z,2025-06-23T23:09:22.935Z
2130,,"Battle of Ad Decimum 533 Roman - Vandalic War DOCUMENTARY","https://www.youtube.com/watch?v=aP7zbNnrUbo",,,,,,,2025-06-23T23:09:22.940Z,2025-06-23T23:09:22.940Z
2131,,"Battle of Magnesia 190 BC Roman - Seleucid Syrian War DOCUMENTARY","https://www.youtube.com/watch?v=LS-PlwO9_3I",,,,,,,2025-06-23T23:09:22.944Z,2025-06-23T23:09:22.944Z
2132,,"Napoleonic Wars: Battle of Trafalgar 1805 DOCUMENTARY","https://www.youtube.com/watch?v=sRtUrvmok-c",,,,,,,2025-06-23T23:09:22.948Z,2025-06-23T23:09:22.948Z
2133,,"Battle of Ankara 1402 Ottoman - Timurid War DOCUMENTARY","https://www.youtube.com/watch?v=Nc4MCFrPiUg",,,,,,,2025-06-23T23:09:22.953Z,2025-06-23T23:09:22.953Z
2134,,"Napoleonic Wars Documentary Series Trailer","https://www.youtube.com/watch?v=s2z7iIsPLfE",,,,,,,2025-06-23T23:09:22.958Z,2025-06-23T23:09:22.958Z
2135,,"Two Battles of Panipat - 1526 and 1556 - Mughal Empire DOCUMENTARY","https://www.youtube.com/watch?v=ycv4gDXbm7s",,,,,,,2025-06-23T23:09:22.963Z,2025-06-23T23:09:22.963Z
2136,,"Battle of Dara 530 Roman - Sassanid Iberian War DOCUMENTARY","https://www.youtube.com/watch?v=9GR_VRMq88Y",,,,,,,2025-06-23T23:09:22.967Z,2025-06-23T23:09:22.967Z
2137,,"Battle of Nicopolis 1396 Hungarian Crusade DOCUMENTARY","https://www.youtube.com/watch?v=v_0-Vc7uA4g",,,,,,,2025-06-23T23:09:22.971Z,2025-06-23T23:09:22.971Z
2138,,"Napoleonic Wars: Battle of Marengo 1800 DOCUMENTARY","https://www.youtube.com/watch?v=e6GHyf1R5BM",,,,,,,2025-06-23T23:09:22.976Z,2025-06-23T23:09:22.976Z
2139,,"Battle of Salamis 480 BC (Persian Invasion of Greece) DOCUMENTARY","https://www.youtube.com/watch?v=7uhoDZtA9PQ",,,,,,,2025-06-23T23:09:22.980Z,2025-06-23T23:09:22.980Z
2140,,"Battle of Kosovo 1389 - Serbian-Ottoman Wars DOCUMENTARY","https://www.youtube.com/watch?v=txyqS5yuw30",,,,,,,2025-06-23T23:09:22.985Z,2025-06-23T23:09:22.985Z
2141,,"Battle of Kadesh 1274 BC (Egyptian - Hittite War) DOCUMENTARY","https://www.youtube.com/watch?v=9b_Ab9GGb6g",,,,,,,2025-06-23T23:09:22.989Z,2025-06-23T23:09:22.989Z
2142,,"Battle of Actium (31 BC) - Final War of the Roman Republic DOCUMENTARY","https://www.youtube.com/watch?v=Q5KhUhN8geo",,,,,,,2025-06-23T23:09:22.994Z,2025-06-23T23:09:22.994Z
2143,,"Battle of Las Navas de Tolosa (1212) DOCUMENTARY","https://www.youtube.com/watch?v=Yl8iWejuZmM",,,,,,,2025-06-23T23:09:22.998Z,2025-06-23T23:09:22.998Z
2144,,"Battle of Yarmouk 636 (Early Muslim Invasion) DOCUMENTARY","https://www.youtube.com/watch?v=5Ct4OSmdZ3M",,,,,,,2025-06-23T23:09:23.003Z,2025-06-23T23:09:23.003Z
2145,,"Battle of Kirchholm 1605 (Poland vs. Sweden) DOCUMENTARY","https://www.youtube.com/watch?v=HxEhFnr3aVA",,,,,,,2025-06-23T23:09:23.008Z,2025-06-23T23:09:23.008Z
2146,,"Byzantine ΓÇô Sasanian War of 602ΓÇô628 DOCUMENTARY","https://www.youtube.com/watch?v=B8tavupAl5g",,,,,,,2025-06-23T23:09:23.013Z,2025-06-23T23:09:23.013Z
2147,,"Athena, the Ancient Greek Goddess of Wisdom and War","https://www.youtube.com/watch?v=-_eOBMdKgW0",,,,,,,2025-06-23T23:09:23.017Z,2025-06-23T23:09:23.017Z
2148,,"Pre-Xia China: Neolithic Cultures to 2000 BCE","https://www.youtube.com/watch?v=jh2_Z9C_w98",,,,,,,2025-06-23T23:09:23.027Z,2025-06-23T23:09:23.027Z
2149,,"I see a red vase and I want it painted black: The Longshan Culture (3000-1900 BCE)","https://www.youtube.com/watch?v=kc6ZxCJzCKs",,,,,,,2025-06-23T23:09:23.037Z,2025-06-23T23:09:23.037Z
2150,,"China and Mongolia the Forgotten Cradles of Civilization: A Look at the Cultural Legacy of East Asia","https://www.youtube.com/watch?v=7m8eDNAbvpk",,,,,,,2025-06-23T23:09:23.046Z,2025-06-23T23:09:23.046Z
2151,,"The Earliest Reformer? Urukagina of Girsu and His New Order","https://www.youtube.com/watch?v=rFfYoncit6I",,,,,,,2025-06-23T23:09:23.052Z,2025-06-23T23:09:23.052Z
2152,,"The Ancient Cycladic civilization","https://www.youtube.com/watch?v=8Wgo8UsgF54",,,,,,,2025-06-23T23:09:23.063Z,2025-06-23T23:09:23.063Z
2153,,"Cycladic Civilization: Bronze Age Culture of the Aegean Sea (3200-2000 BC)","https://www.youtube.com/watch?v=XJhmamk0aKE",,,,,,,2025-06-23T23:09:23.072Z,2025-06-23T23:09:23.072Z
2154,,"Minoan Military - Army and Navy of the Minoan Civilization","https://www.youtube.com/watch?v=BA5ukHk6KmE",,,,,,,2025-06-23T23:09:23.077Z,2025-06-23T23:09:23.077Z
2155,,"Diomedes in Italy - Aftermath of the Trojan War (Greek Mythology)","https://www.youtube.com/watch?v=_zD5eSlTObA",,,,,,,2025-06-23T23:09:23.081Z,2025-06-23T23:09:23.081Z
2156,,"Trojan War: Why did it really happen?","https://www.youtube.com/watch?v=eagH2bfZj48",,,,,,,2025-06-23T23:09:23.086Z,2025-06-23T23:09:23.086Z
2157,,"Did Hittites participate in the Trojan War? (Homeric Keteioi)","https://www.youtube.com/watch?v=TAW7HcZsK6g",,,,,,,2025-06-23T23:09:23.091Z,2025-06-23T23:09:23.091Z
2158,,"Alaksandu - Historical King of Troy (Wilusa)","https://www.youtube.com/watch?v=lGrcQQhABxg",,,,,,,2025-06-23T23:09:23.095Z,2025-06-23T23:09:23.095Z
2159,,"Heracles - What is the truth behind the myth?","https://www.youtube.com/watch?v=hcKAiW4wjEE",,,,,,,2025-06-23T23:09:23.099Z,2025-06-23T23:09:23.099Z
2160,,"Early History of Epirus - Bronze Age","https://www.youtube.com/watch?v=OKPfZWdtwBQ",,,,,,,2025-06-23T23:09:23.104Z,2025-06-23T23:09:23.104Z
2161,,"Trojan Language - What was the Linguistic Identity of Troy?","https://www.youtube.com/watch?v=sHYyZvVV6PY",,,,,,,2025-06-23T23:09:23.109Z,2025-06-23T23:09:23.109Z
2162,,"Minoan Religion - Which Gods did the Minoans believe in?","https://www.youtube.com/watch?v=F3x8TgAdnDE",,,,,,,2025-06-23T23:09:23.114Z,2025-06-23T23:09:23.114Z
2163,,"Linear A - Which Language did the Minoans speak?","https://www.youtube.com/watch?v=OiQY9aPQ9_8",,,,,,,2025-06-23T23:09:23.118Z,2025-06-23T23:09:23.118Z
2164,,"Phaistos - History of the second largest Minoan City (4000-1200 BC)","https://www.youtube.com/watch?v=trR55dBISN4",,,,,,,2025-06-23T23:09:23.123Z,2025-06-23T23:09:23.123Z
2165,,"Did the Dorian Invasion Really Happen?","https://www.youtube.com/watch?v=-49LFotCrms",,,,,,,2025-06-23T23:09:23.128Z,2025-06-23T23:09:23.128Z
2166,,"War of the Epigoni against Thebes (Greek Mythology Animated Documentary)","https://www.youtube.com/watch?v=UK4NLQ307_g",,,,,,,2025-06-23T23:09:23.132Z,2025-06-23T23:09:23.132Z
2167,,"Thebes - History of the City in Bronze Age (3200-1100 BC)","https://www.youtube.com/watch?v=Ewds4hZPItQ",,,,,,,2025-06-23T23:09:23.137Z,2025-06-23T23:09:23.137Z
2168,,"Hittite Empire: Complete History | Part 1 - King Anitta","https://www.youtube.com/watch?v=rwHJqgP9gBo",,,,,,,2025-06-23T23:09:23.142Z,2025-06-23T23:09:23.142Z
2169,,"Seven against Thebes (Greek Mythology Animated Documentary)","https://www.youtube.com/watch?v=dwy-d7O0lI4",,,,,,,2025-06-23T23:09:23.150Z,2025-06-23T23:09:23.150Z
2170,,"History of Dardanos: Who were the Trojan Dardanians?","https://www.youtube.com/watch?v=9AcJdn7LhyI",,,,,,,2025-06-23T23:09:23.154Z,2025-06-23T23:09:23.154Z
2171,,"Attarsiya of Ahhiya - First Mycenaean Commander who fought the Hittites (1400 BC)","https://www.youtube.com/watch?v=dW_waaa5GmI",,,,,,,2025-06-23T23:09:23.159Z,2025-06-23T23:09:23.159Z
2172,,"Philistines - Origins and Complete History (Animated Documentary)","https://www.youtube.com/watch?v=tb4LfEBu7vY",,,,,,,2025-06-23T23:09:23.164Z,2025-06-23T23:09:23.164Z
2173,,"Who was Menelaus? | Early Life of the King of Sparta","https://www.youtube.com/watch?v=7aP6eSQe55E",,,,,,,2025-06-23T23:09:23.173Z,2025-06-23T23:09:23.173Z
2174,,"Dardania: Complete History of the Kingdom","https://www.youtube.com/watch?v=PwvvSl5Xbjc",,,,,,,2025-06-23T23:09:23.178Z,2025-06-23T23:09:23.178Z
2175,,"Trojan War: Animated Map of Achaeans and Trojans","https://www.youtube.com/watch?v=x9p8WS1BjD0",,,,,,,2025-06-23T23:09:23.183Z,2025-06-23T23:09:23.183Z
2176,,"Origins of the Macedonians [Animated Documentary]","https://www.youtube.com/watch?v=H8DYD0xIR4U",,,,,,,2025-06-23T23:09:23.188Z,2025-06-23T23:09:23.188Z
2177,,"Shar-Kali-Sharri: The Last Great King of Akkad","https://www.youtube.com/watch?v=B6H_ZgDMygA",,,,,,,2025-06-23T23:09:23.193Z,2025-06-23T23:09:23.193Z
2178,,"History of the Mycenaean Argos (2000-1100 BC)","https://www.youtube.com/watch?v=AOczGMCpGQc",,,,,,,2025-06-23T23:09:23.198Z,2025-06-23T23:09:23.198Z
2179,,"History of the Mycenaean Athens (1600-1100 BC)","https://www.youtube.com/watch?v=8YEiQ3ASMZM",,,,,,,2025-06-23T23:09:23.203Z,2025-06-23T23:09:23.203Z
2180,,"Messenia in Greek Dark Ages (1100-770 BC)","https://www.youtube.com/watch?v=byarGC96nUI",,,,,,,2025-06-23T23:09:23.213Z,2025-06-23T23:09:23.213Z
2181,,"Kukkunni: Historical King of Troy (14th Century BC)","https://www.youtube.com/watch?v=R8384D7HOyk",,,,,,,2025-06-23T23:09:23.218Z,2025-06-23T23:09:23.218Z
2182,,"Who were the Pelasgians? (Pre-Historic People of Greece)","https://www.youtube.com/watch?v=iT3h5z4GlZ4&t=37s",,,,,,,2025-06-23T23:09:23.223Z,2025-06-23T23:09:23.223Z
2183,,"Karphi (Karfi): Minoan Site that survived Bronze Age Collapse","https://www.youtube.com/watch?v=M6hZR1gSxrI",,,,,,,2025-06-23T23:09:23.228Z,2025-06-23T23:09:23.228Z
2184,,"Who were the Sea Peoples? (Bronze Age Collapse & Sea Peoples Origins)","https://www.youtube.com/watch?v=rNdt2GqDN5A",,,,,,,2025-06-23T23:09:23.232Z,2025-06-23T23:09:23.232Z
2185,,"Who was Priam? | Early Life & Reign of the King of Troy","https://www.youtube.com/watch?v=r6UiDSq2D0o",,,,,,,2025-06-23T23:09:23.237Z,2025-06-23T23:09:23.237Z
2186,,"Manishtushu: Third King of Akkad","https://www.youtube.com/watch?v=SGia-9SSlkE",,,,,,,2025-06-23T23:09:23.241Z,2025-06-23T23:09:23.241Z
2187,,"Lycurgus: How Sparta became Warrior Society","https://www.youtube.com/watch?v=-DSfMEYq764",,,,,,,2025-06-23T23:09:23.246Z,2025-06-23T23:09:23.246Z
2188,,"Ancient World in Year 2023 BC","https://www.youtube.com/watch?v=Q2UzZ7sORSw",,,,,,,2025-06-23T23:09:23.251Z,2025-06-23T23:09:23.251Z
2189,,"Greece in the Copper Age (c. 4500-3200 BC): Pre-Mycenaean History Part 3","https://www.youtube.com/watch?v=iqE3jr8lkNw",,,,,,,2025-06-23T23:09:23.261Z,2025-06-23T23:09:23.261Z
2190,,"Uluburun Shipwreck: Mycenaean Treasure at the Bottom of the Sea","https://www.youtube.com/watch?v=I1DyuOWmMag",,,,,,,2025-06-23T23:09:23.267Z,2025-06-23T23:09:23.267Z
2191,,"Mycenaean Religion: Which Gods did the Mycenaean Greeks Worship?","https://www.youtube.com/watch?v=c_pqYzGAfn8",,,,,,,2025-06-23T23:09:23.277Z,2025-06-23T23:09:23.277Z
2192,,"Who was Aeneas? | Origins and Early Life of the Dardanian Hero","https://www.youtube.com/watch?v=2Uslhzn_VBU",,,,,,,2025-06-23T23:09:23.281Z,2025-06-23T23:09:23.281Z
2193,,"Bronze Age Warfare: Evolution of Mycenaean Military","https://www.youtube.com/watch?v=LyYSsYYQYPI",,,,,,,2025-06-23T23:09:23.286Z,2025-06-23T23:09:23.286Z
2194,,"Who was Helen of Troy? | Early Life of Spartan Queen that became Trojan Princess","https://www.youtube.com/watch?v=U6orSqvbUzY",,,,,,,2025-06-23T23:09:23.290Z,2025-06-23T23:09:23.290Z
2195,,"Greek Colonization of Asia Minor: Aeolians","https://www.youtube.com/watch?v=po0IBm-sZME",,,,,,,2025-06-23T23:09:23.295Z,2025-06-23T23:09:23.295Z
2196,,"Sparta in Greek Dark Ages (c. 1100-800 BC)","https://www.youtube.com/watch?v=u1SI6dTfz7Q",,,,,,,2025-06-23T23:09:23.300Z,2025-06-23T23:09:23.300Z
2197,,"Spartan Rivalry with Argos in Greek Dark Ages (c. 870-800 BC)","https://www.youtube.com/watch?v=rmiAIkgvNWQ",,,,,,,2025-06-23T23:09:23.305Z,2025-06-23T23:09:23.305Z
2198,,"Who was Idomeneus? | King of Crete during the Trojan War","https://www.youtube.com/watch?v=kfHC1qVW9B4",,,,,,,2025-06-23T23:09:23.310Z,2025-06-23T23:09:23.310Z
2199,,"Eurypon and Echestratus: Spartan Expansion in Arcadia (c. 900-860 BC)","https://www.youtube.com/watch?v=oL2TzhdOnfo",,,,,,,2025-06-23T23:09:23.314Z,2025-06-23T23:09:23.314Z
2200,,"Eteocretans: Minoans under Mycenaean Crete (1450-1100 BC)","https://www.youtube.com/watch?v=VbTCyfiIrt8",,,,,,,2025-06-23T23:09:23.319Z,2025-06-23T23:09:23.319Z
2201,,"Why Hittites never tried to conquer Mycenaean Greece?","https://www.youtube.com/watch?v=wOCYjgPgAlI",,,,,,,2025-06-23T23:09:23.323Z,2025-06-23T23:09:23.323Z
2202,,"Agis I: Rise of Sparta in Greek Dark Ages (930-900 BC)","https://www.youtube.com/watch?v=H0oNw3RC3R8",,,,,,,2025-06-23T23:09:23.328Z,2025-06-23T23:09:23.328Z
2203,,"Foundation of Achaea in Greek Dark Ages","https://www.youtube.com/watch?v=-DeaW2AOnYY",,,,,,,2025-06-23T23:09:23.333Z,2025-06-23T23:09:23.333Z
2204,,"King Kres: Ancient Greek Memory of the Minoan Past","https://www.youtube.com/watch?v=J4fmS9FX0s4",,,,,,,2025-06-23T23:09:23.337Z,2025-06-23T23:09:23.337Z
2205,,"Who was Ajax the Great? | Early Life of the Salaminian Hero","https://www.youtube.com/watch?v=Nv_eq2dMx_k",,,,,,,2025-06-23T23:09:23.342Z,2025-06-23T23:09:23.342Z
2206,,"Complete History of the Minoan Civilization","https://www.youtube.com/watch?v=F45NaqZ-Uag",,,,,,,2025-06-23T23:09:23.347Z,2025-06-23T23:09:23.347Z
2207,,"Foundation of the Dorian Sparta","https://www.youtube.com/watch?v=QLNoDt7LxuA",,,,,,,2025-06-23T23:09:23.353Z,2025-06-23T23:09:23.353Z
2208,,"Fall of Mycenae: Collapse of the Mycenaean Greece","https://www.youtube.com/watch?v=98MSojhrnkA",,,,,,,2025-06-23T23:09:23.361Z,2025-06-23T23:09:23.361Z
2209,,"Complete History of the Phrygian Kingdom DOCUMENTARY","https://www.youtube.com/watch?v=FPRgXQCymCs",,,,,,,2025-06-23T23:09:23.369Z,2025-06-23T23:09:23.369Z
2210,,"Did Ancient Greeks celebrate New Year?","https://www.youtube.com/watch?v=EN1iPXB0JDo",,,,,,,2025-06-23T23:09:23.377Z,2025-06-23T23:09:23.377Z
2213,,"History of Phrygia (Part 3): Historical Midas & Fall of Phrygia (738-695 BC)","https://www.youtube.com/watch?v=cN7tNwQlM8Y",,,,,,,2025-06-23T23:09:23.384Z,2025-06-23T23:09:23.384Z
2214,,"Who was Sarpedon? | Life of the King of Lycia","https://www.youtube.com/watch?v=kpBDJ0gmKec",,,,,,,2025-06-23T23:09:23.389Z,2025-06-23T23:09:23.389Z
2215,,"Fall of the Minoan Civilization (c. 1450 BC)","https://www.youtube.com/watch?v=kYMhqjGhSkc",,,,,,,2025-06-23T23:09:23.394Z,2025-06-23T23:09:23.394Z
2216,,"History of the Mycenaean Sparta (1600-1100 BC)","https://www.youtube.com/watch?v=yJeLwyIAkhE",,,,,,,2025-06-23T23:09:23.399Z,2025-06-23T23:09:23.399Z
2217,,"Minoan Women: Matriarchy in Minoan Crete?","https://www.youtube.com/watch?v=Ao1S8_hrxCA",,,,,,,2025-06-23T23:09:23.403Z,2025-06-23T23:09:23.403Z
2218,,"King Orestes - Full Animated Documentary","https://www.youtube.com/watch?v=_jhedj9x2iY",,,,,,,2025-06-23T23:09:23.408Z,2025-06-23T23:09:23.408Z
2219,,"History of Phrygia (Part 2): Rise of the Iron Age Kingdom (1200-740 BC)","https://www.youtube.com/watch?v=Yagra30T6eM",,,,,,,2025-06-23T23:09:23.413Z,2025-06-23T23:09:23.413Z
2220,,"Minoan Thalassocracy (1700-1500 BC) - New Palace Period","https://www.youtube.com/watch?v=9r2NnvrByy8",,,,,,,2025-06-23T23:09:23.418Z,2025-06-23T23:09:23.418Z
2221,,"Who was Memnon? | Ethiopian Hero of the Trojan War","https://www.youtube.com/watch?v=yvhUOACwyX4",,,,,,,2025-06-23T23:09:23.423Z,2025-06-23T23:09:23.423Z
2222,,"Orestes (Part 2) - Reign and War against the Heracleidae","https://www.youtube.com/watch?v=byecQuotFFg",,,,,,,2025-06-23T23:09:23.428Z,2025-06-23T23:09:23.428Z
2223,,"Rise of Minoan Civilization (2000-1700 BC) - Old Palace Period","https://www.youtube.com/watch?v=xE2uAjuC-Ws",,,,,,,2025-06-23T23:09:23.432Z,2025-06-23T23:09:23.432Z
2224,,"Did Battle between Achilles and Hector Really Happen?","https://www.youtube.com/watch?v=JOp5Ac1-cSg",,,,,,,2025-06-23T23:09:23.437Z,2025-06-23T23:09:23.437Z
2225,,"History of Phrygia (Part 1): Mythological Beginnings & Early History","https://www.youtube.com/watch?v=5TQO3n7MF3Y",,,,,,,2025-06-23T23:09:23.442Z,2025-06-23T23:09:23.442Z
2226,,"Orestes (Part 1) - Rise of the Son of Agamemnon","https://www.youtube.com/watch?v=6MPrcwDyjK4",,,,,,,2025-06-23T23:09:23.446Z,2025-06-23T23:09:23.446Z
2227,,"Early Minoan Crete (3500-2000 BC) - Pre-Palatial Period","https://www.youtube.com/watch?v=LqotgDux13k",,,,,,,2025-06-23T23:09:23.452Z,2025-06-23T23:09:23.452Z
2228,,"Pylos - History of the City of Nestor (1600-1180 BC)","https://www.youtube.com/watch?v=KLu2QwK9Kjo",,,,,,,2025-06-23T23:09:23.456Z,2025-06-23T23:09:23.456Z
2229,,"Minoan Crete - Europe's First Civilization","https://www.youtube.com/watch?v=d_MVdv-Mc-g",,,,,,,2025-06-23T23:09:23.461Z,2025-06-23T23:09:23.461Z
2230,,"Piyamaradu - Enemy of the Hittites (Full Episode)","https://www.youtube.com/watch?v=jiXBYmznPSw",,,,,,,2025-06-23T23:09:23.466Z,2025-06-23T23:09:23.466Z
2231,,"Who was Diomedes? | Early Life of the Argive Hero","https://www.youtube.com/watch?v=nIjT5Nbuw4s",,,,,,,2025-06-23T23:09:23.470Z,2025-06-23T23:09:23.470Z
2232,,"Trojan War - Animated Documentary (ALL PARTS)","https://www.youtube.com/watch?v=BGflOF5ysb8",,,,,,,2025-06-23T23:09:23.475Z,2025-06-23T23:09:23.475Z
2233,,"The Assassination of Agamemnon (Animated Documentary)","https://www.youtube.com/watch?v=Y43VOkshMWU",,,,,,,2025-06-23T23:09:23.479Z,2025-06-23T23:09:23.479Z
2234,,"The Cult of Athena in Ancient Athens","https://www.youtube.com/watch?v=FNsLjgkA4MQ",,,,,,,2025-06-23T23:09:23.483Z,2025-06-23T23:09:23.483Z
2235,,"Trojan War - Animated Documentary (Part 5)","https://www.youtube.com/watch?v=NnLwW1kMhvo",,,,,,,2025-06-23T23:09:23.488Z,2025-06-23T23:09:23.488Z
2236,,"Trojan War - Animated Documentary (Part 4)","https://www.youtube.com/watch?v=yP51J1l4hNA",,,,,,,2025-06-23T23:09:23.492Z,2025-06-23T23:09:23.492Z
2237,,"Trojan War - Animated Documentary (Part 3)","https://www.youtube.com/watch?v=tDLjgvOWSjA",,,,,,,2025-06-23T23:09:23.497Z,2025-06-23T23:09:23.497Z
2238,,"Trojan War - Animated Documentary (Part 2)","https://www.youtube.com/watch?v=-5LW5iLXN0Y",,,,,,,2025-06-23T23:09:23.501Z,2025-06-23T23:09:23.501Z
2239,,"Trojan War - Animated Documentary (Part 1)","https://www.youtube.com/watch?v=2kASxnWbsCE",,,,,,,2025-06-23T23:09:23.506Z,2025-06-23T23:09:23.506Z
2240,,"Who was Agamemnon? | Early Life and Reign of the King of Mycenae","https://www.youtube.com/watch?v=Zyne8bemz9M",,,,,,,2025-06-23T23:09:23.511Z,2025-06-23T23:09:23.511Z
2241,,"Atreus and the Foundation of Final Mycenaean Dynasty","https://www.youtube.com/watch?v=R9iYRYhSdXs",,,,,,,2025-06-23T23:09:23.515Z,2025-06-23T23:09:23.515Z
2242,,"Mycenaean Crisis & Decline in Late 13th Century BCE","https://www.youtube.com/watch?v=jSscz_SV7tM",,,,,,,2025-06-23T23:09:23.521Z,2025-06-23T23:09:23.521Z
2243,,"Piyamaradu - Enemy of the Hittites (PART II)","https://www.youtube.com/watch?v=-ILEykUnR8I",,,,,,,2025-06-23T23:09:23.526Z,2025-06-23T23:09:23.526Z
2244,,"Thutmose III and the Mycenaean Delegation (1437 BCE)","https://www.youtube.com/watch?v=2mEZLJyBnWQ",,,,,,,2025-06-23T23:09:23.531Z,2025-06-23T23:09:23.531Z
2245,,"Piyamaradu - Enemy of the Hittites (PART I)","https://www.youtube.com/watch?v=SnoqE_Uew7g",,,,,,,2025-06-23T23:09:23.536Z,2025-06-23T23:09:23.536Z
2246,,"Heracles' Sack of Troy? | Achaean-Hittite War over Ilion (Wilusa) c. 1265 BC","https://www.youtube.com/watch?v=PnrrThboCw0",,,,,,,2025-06-23T23:09:23.541Z,2025-06-23T23:09:23.541Z
2247,,"Troy - History of the City before Trojan War","https://www.youtube.com/watch?v=qIc0eevbyrY",,,,,,,2025-06-23T23:09:23.546Z,2025-06-23T23:09:23.546Z
2248,,"King Sthenelus and the Mycenaean Consolidation","https://www.youtube.com/watch?v=JoiGxThUB0M",,,,,,,2025-06-23T23:09:23.550Z,2025-06-23T23:09:23.550Z
2249,,"Who was Hector? | Early Life of the Prince of Troy","https://www.youtube.com/watch?v=9Ncljd-6ZtM",,,,,,,2025-06-23T23:09:23.554Z,2025-06-23T23:09:23.554Z
2250,,"The Fall of Arzawa (1322-1317 BC) | Hittite-Arzawan War","https://www.youtube.com/watch?v=_-EEoa0Fjzo",,,,,,,2025-06-23T23:09:23.559Z,2025-06-23T23:09:23.559Z
2251,,"Perseus and the Perseid Dynasty","https://www.youtube.com/watch?v=z3CQntrsOu0",,,,,,,2025-06-23T23:09:23.563Z,2025-06-23T23:09:23.563Z
2252,,"Who was Achilles? | Early Life of the Legendary Hero","https://www.youtube.com/watch?v=NqTb8rx0ZDQ",,,,,,,2025-06-23T23:09:23.568Z,2025-06-23T23:09:23.568Z
2253,,"Achaean Expedition to Cyprus and the Indictment of Madduwatta (1400-1370 BC)","https://www.youtube.com/watch?v=cvDjF3mvtQ8",,,,,,,2025-06-23T23:09:23.573Z,2025-06-23T23:09:23.573Z
2254,,"Who was Odysseus? | Early Life of the King of Ithaca","https://www.youtube.com/watch?v=utHex7ucmKc",,,,,,,2025-06-23T23:09:23.577Z,2025-06-23T23:09:23.577Z
2255,,"Achaean-Hittite Conflict (1400 BC) - Battle of Zippasla & Mycenaean Expansion into Anatolia","https://www.youtube.com/watch?v=tFuj3tnOeZU",,,,,,,2025-06-23T23:09:23.582Z,2025-06-23T23:09:23.582Z
2256,,"Tartessos and the Tartessian Civilization","https://www.youtube.com/watch?v=RjrWrjVAoWI",,,,,,,2025-06-23T23:09:23.587Z,2025-06-23T23:09:23.587Z
2257,,"Rise of the Achaeans and Conquest of Crete (1450 BC)","https://www.youtube.com/watch?v=pxdpJWi5DQs",,,,,,,2025-06-23T23:09:23.591Z,2025-06-23T23:09:23.591Z
2258,,"First Achaean Kingdoms - Early Mycenaean Greece (1700-1470 BC)","https://www.youtube.com/watch?v=R4oDm5mBwso",,,,,,,2025-06-23T23:09:23.596Z,2025-06-23T23:09:23.596Z
2259,,"Society of the Mycenaean Greece","https://www.youtube.com/watch?v=oD0DBdkdtmM",,,,,,,2025-06-23T23:09:23.601Z,2025-06-23T23:09:23.601Z
2260,,"His Pants Full of Sh*t - Napoleon in Egypt - Part 5 - Extra History","https://www.youtube.com/watch?v=XZsZOX_-4Cc",,,,,,,2025-06-23T23:09:23.609Z,2025-06-23T23:09:23.609Z
2261,,"Kill the Indian, Save the Man - Carlisle Boarding School - US History - Extra History","https://www.youtube.com/watch?v=fbRBNSjT_FQ",,,,,,,2025-06-23T23:09:23.613Z,2025-06-23T23:09:23.613Z
2262,,"The History of Zoey by: Zoey the Cat - Animated Short Film","https://www.youtube.com/watch?v=zllXsM5X4QE",,,,,,,2025-06-23T23:09:23.618Z,2025-06-23T23:09:23.618Z
2263,,"Union Busting - Battle of Blair Mountain - US History - Part 1 - Extra History","https://www.youtube.com/watch?v=vg9xywAxb10",,,,,,,2025-06-23T23:09:23.623Z,2025-06-23T23:09:23.623Z
2264,,"1984 - Dystopias and Apocalypses - Extra Sci Fi","https://www.youtube.com/watch?v=FrKwpDoDkc4",,,,,,,2025-06-23T23:09:23.628Z,2025-06-23T23:09:23.628Z
2265,,"8 Minutes and 46 Seconds.","https://www.youtube.com/watch?v=ZjKo_rpVid0",,,,,,,2025-06-23T23:09:23.632Z,2025-06-23T23:09:23.632Z
2266,,"A Canticle for Leibowitz - Dystopias and Apocalypses - Extra Sci Fi","https://www.youtube.com/watch?v=TzGK9UTyf-8",,,,,,,2025-06-23T23:09:23.637Z,2025-06-23T23:09:23.637Z
2267,,"A Christmas Carol - Charles Dickens - So you Haven't Read","https://www.youtube.com/watch?v=sROZz8QpSCA",,,,,,,2025-06-23T23:09:23.642Z,2025-06-23T23:09:23.642Z
2268,,"A Clockwork Orange - Dystopias and Apocalypses - Extra Sci Fi","https://www.youtube.com/watch?v=hZi4V4lMtHw",,,,,,,2025-06-23T23:09:23.646Z,2025-06-23T23:09:23.646Z
2269,,"A Midsummer Nights Dream - William Shakespeare - So You Haven't Read","https://www.youtube.com/watch?v=yojBNcxED6s",,,,,,,2025-06-23T23:09:23.651Z,2025-06-23T23:09:23.651Z
2270,,"A Tour of Hades - The Ancient Greek Underworld - Extra Mythology","https://www.youtube.com/watch?v=Zu7c3Uv366M",,,,,,,2025-06-23T23:09:23.656Z,2025-06-23T23:09:23.656Z
2271,,"Abandonment to Enlightenment - The Buddha's Wife - World History - Extra History","https://www.youtube.com/watch?v=lnqdehuG_xE",,,,,,,2025-06-23T23:09:23.661Z,2025-06-23T23:09:23.661Z
2272,,"Across the Silk Road - The Buddhist Expansion - World History  - Part 5 - Extra History","https://www.youtube.com/watch?v=j6Gofj-wR2Y",,,,,,,2025-06-23T23:09:23.665Z,2025-06-23T23:09:23.665Z
2273,,"Africa: Zulu Empire - Diamonds in South Africa - Extra History - Part 3","https://www.youtube.com/watch?v=-JG-5otw0O8",,,,,,,2025-06-23T23:09:23.670Z,2025-06-23T23:09:23.670Z
2274,,"Africa: Zulu Empire - Last Stands and Changing Fortunes - Extra History - Part 4","https://www.youtube.com/watch?v=KG_mbCgp_zU",,,,,,,2025-06-23T23:09:23.676Z,2025-06-23T23:09:23.676Z
2275,,"Africa: Zulu Empire - Shaka Zulu Becomes King - Extra History - Part 1","https://www.youtube.com/watch?v=BZLGKFWlRzY",,,,,,,2025-06-23T23:09:23.682Z,2025-06-23T23:09:23.682Z
2276,,"Africa: Zulu Empire - The Wrath of Shaka Zulu - Extra History - Part 2","https://www.youtube.com/watch?v=GUpaZ0hMso4",,,,,,,2025-06-23T23:09:23.686Z,2025-06-23T23:09:23.686Z
2277,,"Akhenaten - A Pharaoh Obsessed - Extra History","https://www.youtube.com/watch?v=wKSqgLQNIeQ",,,,,,,2025-06-23T23:09:23.691Z,2025-06-23T23:09:23.691Z
2278,,"Allan Pinkerton - The Knights of Capitalism - Extra History","https://www.youtube.com/watch?v=Kb2tSF5_vpc",,,,,,,2025-06-23T23:09:23.696Z,2025-06-23T23:09:23.696Z
2279,,"Anansi & the Coming of Jealousy - Anansi Stories - African - Extra Mythology - Part 2","https://www.youtube.com/watch?v=mpaBr4X323U",,,,,,,2025-06-23T23:09:23.701Z,2025-06-23T23:09:23.701Z
2280,,"Anansi the Spider-Man - Anansi Stories - African - Extra Mythology - Part 1","https://www.youtube.com/watch?v=G0dsjv9c5MU",,,,,,,2025-06-23T23:09:23.706Z,2025-06-23T23:09:23.706Z
2281,,"Ancient Celebrity Murder: Hypatia of Alexandria | Roman History | Part 1 | Extra History","https://www.youtube.com/watch?v=SselOJQd2_4",,,,,,,2025-06-23T23:09:23.711Z,2025-06-23T23:09:23.711Z
2282,,"Angkor Wat - Lies - Extra History","https://www.youtube.com/watch?v=dDH3TN5xdyY",,,,,,,2025-06-23T23:09:23.716Z,2025-06-23T23:09:23.716Z
2283,,"Animal Farm - George Orwell - So You Haven't Read","https://www.youtube.com/watch?v=humVU3QGkuk",,,,,,,2025-06-23T23:09:23.720Z,2025-06-23T23:09:23.720Z
2284,,"Armello - Making a Digital Board Game Stand Out - James Recommends","https://www.youtube.com/watch?v=L7tsQ5O6J9c",,,,,,,2025-06-23T23:09:23.726Z,2025-06-23T23:09:23.726Z
2285,,"Arthur C. Clarke - Beyond Human - Extra Sci Fi - Part 2","https://www.youtube.com/watch?v=lX1lMv0K6rE",,,,,,,2025-06-23T23:09:23.730Z,2025-06-23T23:09:23.730Z
2286,,"Arthur C. Clarke - Master of Science Fiction - Extra Sci Fi - Part 1","https://www.youtube.com/watch?v=e8LBmjc6Wz0",,,,,,,2025-06-23T23:09:23.735Z,2025-06-23T23:09:23.735Z
2287,,"Ashoka the Great - The Buddhist Expansion - World History - Part 3 - Extra History","https://www.youtube.com/watch?v=Vpv6ZsXR1aA",,,,,,,2025-06-23T23:09:23.740Z,2025-06-23T23:09:23.740Z
2288,,"Baba Yaga - When Wishes Come True - European - Extra Mythology","https://www.youtube.com/watch?v=F2TkyY7tjFU",,,,,,,2025-06-23T23:09:23.745Z,2025-06-23T23:09:23.745Z
2289,,"Baldur's Gate: Durlag's Tower - Part 1: Dungeon Master's Guide - Design Club","https://www.youtube.com/watch?v=XWgc20zbRXk",,,,,,,2025-06-23T23:09:23.749Z,2025-06-23T23:09:23.749Z
2290,,"Baldur's Gate: Durlag's Tower - Part 2: Dungeon Master's Guide - Design Club","https://www.youtube.com/watch?v=2M3WgBaFm4E",,,,,,,2025-06-23T23:09:23.754Z,2025-06-23T23:09:23.754Z
2291,,"Baldur's Gate: Durlag's Tower - Part 3: Dungeon Master's Guide - Design Club","https://www.youtube.com/watch?v=wu3-BgmiID0",,,,,,,2025-06-23T23:09:23.758Z,2025-06-23T23:09:23.758Z
2292,,"Baldur's Gate: Durlag's Tower - Part 4: Dungeon Master's Guide - Design Club","https://www.youtube.com/watch?v=KBLuhfTLp5Q",,,,,,,2025-06-23T23:09:23.763Z,2025-06-23T23:09:23.763Z
2293,,"Baldur's Gate: Durlag's Tower - Part 5: Dungeon Master's Guide - Design Club","https://www.youtube.com/watch?v=1eRDvs72vjg",,,,,,,2025-06-23T23:09:23.768Z,2025-06-23T23:09:23.768Z
2294,,"Bartolom├⌐ de las Casas | Changing Your Mind | European History | Extra History","https://www.youtube.com/watch?v=vH65erzQBkY",,,,,,,2025-06-23T23:09:23.773Z,2025-06-23T23:09:23.773Z
2295,,"Battle Hymn of the Republic  - John Brown - US History - Part 5 - Extra History","https://www.youtube.com/watch?v=TYWjNkNsCLw",,,,,,,2025-06-23T23:09:23.778Z,2025-06-23T23:09:23.778Z
2296,,"Battle of Saipan - Steel and Coral - Part 1 - Extra History","https://www.youtube.com/watch?v=y9qi1Ge3ThY",,,,,,,2025-06-23T23:09:23.783Z,2025-06-23T23:09:23.783Z
2297,,"Battle of Saipan - Suicide Island - Part 2 - Extra History","https://www.youtube.com/watch?v=dDvuXO9REMM",,,,,,,2025-06-23T23:09:23.787Z,2025-06-23T23:09:23.787Z
2298,,"Battle of the Pyramids - Napoleon in Egypt - Part 2 - Extra History","https://www.youtube.com/watch?v=ne4guurtnVI",,,,,,,2025-06-23T23:09:23.792Z,2025-06-23T23:09:23.792Z
2299,,"Battle Royale - Koushun Takami - So You Haven't Read","https://www.youtube.com/watch?v=xUHeNXv65WE",,,,,,,2025-06-23T23:09:23.797Z,2025-06-23T23:09:23.797Z
2300,,"Beloved - Toni Morrison - So You Haven't Read","https://www.youtube.com/watch?v=AJQQFfERBAA",,,,,,,2025-06-23T23:09:23.801Z,2025-06-23T23:09:23.801Z
2301,,"Benedict Arnold: From War Hero to Traitor | US History | Extra History | Part 1","https://www.youtube.com/watch?v=SG-NWQvcZI0",,,,,,,2025-06-23T23:09:23.806Z,2025-06-23T23:09:23.806Z
2302,,"Benedict Arnold: Path to Betrayal | US History | Extra History | Part 2","https://www.youtube.com/watch?v=biIzip1F8GI",,,,,,,2025-06-23T23:09:23.811Z,2025-06-23T23:09:23.811Z
2303,,"Beowulf  - Grendel's Mother Reacts! - European - Extra Mythology","https://www.youtube.com/watch?v=3fpuyHJE6zc",,,,,,,2025-06-23T23:09:23.816Z,2025-06-23T23:09:23.816Z
2304,,"Beowulf - The Dragon - European - Extra Mythology","https://www.youtube.com/watch?v=V_H7dcPIX2s",,,,,,,2025-06-23T23:09:23.820Z,2025-06-23T23:09:23.820Z
2305,,"Beowulf v. Grendel - Dawn of Heorot - European - Extra Mythology","https://www.youtube.com/watch?v=_FKvr1OYVwY",,,,,,,2025-06-23T23:09:23.827Z,2025-06-23T23:09:23.827Z
2306,,"Berlin Airlift: The Cold War Begins - Extra History","https://www.youtube.com/watch?v=nwjFSQCrShM",,,,,,,2025-06-23T23:09:23.833Z,2025-06-23T23:09:23.833Z
2307,,"Bigfoot - The Unkillable Cryptid - American - Extra Mythology","https://www.youtube.com/watch?v=ppkzi2mNmk8",,,,,,,2025-06-23T23:09:23.839Z,2025-06-23T23:09:23.839Z
2308,,"Billie Holiday vs The US Government - US History - Extra History","https://www.youtube.com/watch?v=bg9uCnCwGsM",,,,,,,2025-06-23T23:09:23.844Z,2025-06-23T23:09:23.844Z
2309,,"Black Boxing Heavyweights: Jack Johnson, Joe Louis, & Muhammad Ali - US History - Extra History","https://www.youtube.com/watch?v=iuJCtSI_8ts",,,,,,,2025-06-23T23:09:23.849Z,2025-06-23T23:09:23.849Z
2310,,"Black Medical Exploitation | Why African Americans Distrust Medicine | US History | Extra History","https://www.youtube.com/watch?v=m63NDZVZRXc",,,,,,,2025-06-23T23:09:23.857Z,2025-06-23T23:09:23.857Z
2311,,"Bleeding Kansas - John Brown - US History - Part 3 - Extra History","https://www.youtube.com/watch?v=S2StQEwx3W0",,,,,,,2025-06-23T23:09:23.862Z,2025-06-23T23:09:23.862Z
2312,,"Bloody Mary: Origins of the Urban Legend - Extra Mythology","https://www.youtube.com/watch?v=248J2v0eVZI",,,,,,,2025-06-23T23:09:23.867Z,2025-06-23T23:09:23.867Z
2313,,"Bonaparte Bails - Napoleon in Egypt - Part 4 - Extra History","https://www.youtube.com/watch?v=oDiTVL8cUJ4",,,,,,,2025-06-23T23:09:23.872Z,2025-06-23T23:09:23.872Z
2314,,"Brave New World - Dystopias and Apocalypses - Extra Sci Fi","https://www.youtube.com/watch?v=lb0VLDHD3eo",,,,,,,2025-06-23T23:09:23.880Z,2025-06-23T23:09:23.880Z
2315,,"Building Angkor - A Clash of Gods - Extra History - #3","https://www.youtube.com/watch?v=BQeuakxNg94",,,,,,,2025-06-23T23:09:23.888Z,2025-06-23T23:09:23.888Z
2316,,"Building Angkor - A Drowning City - Extra History - Part 4","https://www.youtube.com/watch?v=JL1yTXZyPd8",,,,,,,2025-06-23T23:09:23.895Z,2025-06-23T23:09:23.895Z
2317,,"Building Angkor - Monsoon Metropolis - Extra History - Part 1","https://www.youtube.com/watch?v=oumxCLy_N9k",,,,,,,2025-06-23T23:09:23.904Z,2025-06-23T23:09:23.904Z
2318,,"Building Angkor - Temple City - Extra History - Part 2","https://www.youtube.com/watch?v=pxbW_L9O7Rg",,,,,,,2025-06-23T23:09:23.908Z,2025-06-23T23:09:23.908Z
2319,,"Building Angkor - The ""Lost"" City - Extra History - Part 5","https://www.youtube.com/watch?v=xHmHW7lL1iM",,,,,,,2025-06-23T23:09:23.913Z,2025-06-23T23:09:23.913Z
2320,,"Byzantine Empire: Justinian and Theodora - Fighting for Rome - Extra History - Part 6","https://www.youtube.com/watch?v=0W8wIAV1Pu4",,,,,,,2025-06-23T23:09:23.917Z,2025-06-23T23:09:23.917Z
2321,,"Byzantine Empire: Justinian and Theodora - From Swineherd to Emperor - Extra History - Part 1","https://www.youtube.com/watch?v=H_2E0RxVHH4",,,,,,,2025-06-23T23:09:23.922Z,2025-06-23T23:09:23.922Z
2322,,"Byzantine Empire: Justinian and Theodora - Impossible Burden of Fate - Extra History - Part 5","https://www.youtube.com/watch?v=oakBpmsJJ9Q",,,,,,,2025-06-23T23:09:23.927Z,2025-06-23T23:09:23.927Z
2323,,"Byzantine Empire: Justinian and Theodora - Lies - Extra History","https://www.youtube.com/watch?v=FZwsRVgEu3A",,,,,,,2025-06-23T23:09:23.931Z,2025-06-23T23:09:23.931Z
2324,,"Byzantine Empire: Justinian and Theodora - Purple is the Noblest Shroud - Extra History - Part 3","https://www.youtube.com/watch?v=eGL_M1SQV5E",,,,,,,2025-06-23T23:09:23.936Z,2025-06-23T23:09:23.936Z
2325,,"Byzantine Empire: Justinian and Theodora - The Reforms of Justinian - Extra History - Part 2","https://www.youtube.com/watch?v=klq84Z9O4GU",,,,,,,2025-06-23T23:09:23.940Z,2025-06-23T23:09:23.940Z
2326,,"Byzantine Empire: Justinian and Theodora - Vanquishing the Vandals - Extra History - Part 4","https://www.youtube.com/watch?v=_NpDvBX2XEI",,,,,,,2025-06-23T23:09:23.945Z,2025-06-23T23:09:23.945Z
2327,,"Caga Ti├│ de Nadal - A Poopy Christmas Tradition - Catalonia - Extra Mythology","https://www.youtube.com/watch?v=viTMktjE968",,,,,,,2025-06-23T23:09:23.950Z,2025-06-23T23:09:23.950Z
2328,,"Card King: Dragon Wars - Exploring a Bad Patch - James Recommends","https://www.youtube.com/watch?v=8ohGzxKDzNk",,,,,,,2025-06-23T23:09:23.954Z,2025-06-23T23:09:23.954Z
2329,,"Catch-up Mechanics - The Role of the Press, Third Parties, and Money - Extra Politics - Part 3","https://www.youtube.com/watch?v=uz0N-jlkXZM",,,,,,,2025-06-23T23:09:23.959Z,2025-06-23T23:09:23.959Z
2330,,"Catherine the Great - Empress Catherine at Last - Extra History - Part 3","https://www.youtube.com/watch?v=Gtlxbyzd7Vg",,,,,,,2025-06-23T23:09:23.963Z,2025-06-23T23:09:23.963Z
2331,,"Catherine the Great - Lies - Extra History","https://www.youtube.com/watch?v=zmjLWS-JsWA",,,,,,,2025-06-23T23:09:23.968Z,2025-06-23T23:09:23.968Z
2332,,"Catherine the Great - Not Quite Catherine Yet - Extra History - Part 1","https://www.youtube.com/watch?v=r1-OC_4cx_o",,,,,,,2025-06-23T23:09:23.972Z,2025-06-23T23:09:23.972Z
2333,,"Catherine the Great - Not Quite Empress Yet - Extra History - Part 2","https://www.youtube.com/watch?v=ObmkeDWQaus",,,,,,,2025-06-23T23:09:23.977Z,2025-06-23T23:09:23.977Z
2334,,"Catherine the Great - Potemkin, Catherine's General, Advisor, and Lover - Extra History - Part 5","https://www.youtube.com/watch?v=6Gzss-iVd1g",,,,,,,2025-06-23T23:09:23.983Z,2025-06-23T23:09:23.983Z
2335,,"Catherine the Great - Reforms, Rebellion, and Greatness - Extra History - Part 4","https://www.youtube.com/watch?v=yjk6nmntdDI",,,,,,,2025-06-23T23:09:23.988Z,2025-06-23T23:09:23.988Z
2336,,"Catherine the Great - Succession - Extra History - Part 6","https://www.youtube.com/watch?v=zUBPhrnfoBo",,,,,,,2025-06-23T23:09:23.993Z,2025-06-23T23:09:23.993Z
2337,,"Charles Darwin - The Voyage of the Beagle - Extra History","https://www.youtube.com/watch?v=jRmzmYmMTKk",,,,,,,2025-06-23T23:09:23.998Z,2025-06-23T23:09:23.998Z
2338,,"Cheating - Rules, Part 2 - Extra Politics - Part 5","https://www.youtube.com/watch?v=PqXIdVEo-9U",,,,,,,2025-06-23T23:09:24.003Z,2025-06-23T23:09:24.003Z
2339,,"Cheng I Sao - Pirate Queen - Extra History","https://www.youtube.com/watch?v=-p2lhxUqMMQ",,,,,,,2025-06-23T23:09:24.009Z,2025-06-23T23:09:24.009Z
2340,,"Choosing Violence - John Brown - US History - Part 2 - Extra History","https://www.youtube.com/watch?v=YQk1YUbbzOo",,,,,,,2025-06-23T23:09:24.013Z,2025-06-23T23:09:24.013Z
2341,,"Cleopatra - A Drunken Bet - Egyptian History - Extra History - Part 1","https://www.youtube.com/watch?v=ypswk9-DP9M",,,,,,,2025-06-23T23:09:24.018Z,2025-06-23T23:09:24.018Z
2342,,"Cleopatra - Death by Snake - Egyptian History - Extra History - Part 4","https://www.youtube.com/watch?v=i_Teuv7-LN8",,,,,,,2025-06-23T23:09:24.022Z,2025-06-23T23:09:24.022Z
2343,,"Cleopatra - Eternal Life - Egyptian History - Extra History - Part 5","https://www.youtube.com/watch?v=uNGUDaA9-GQ",,,,,,,2025-06-23T23:09:24.027Z,2025-06-23T23:09:24.027Z
2344,,"Cleopatra - Exit Caesar, Enter Antony! - Egyptian History - Extra History  - Part 3","https://www.youtube.com/watch?v=Vl1Yvl0U29Y",,,,,,,2025-06-23T23:09:24.031Z,2025-06-23T23:09:24.031Z
2346,,"Cleopatra - Hail Caesar! - Egyptian History - Extra History - Part 2","https://www.youtube.com/watch?v=zGSfOOzHBGs",,,,,,,2025-06-23T23:09:24.036Z,2025-06-23T23:09:24.036Z
2347,,"Cleopatra - Lies - Egyptian History - Extra History","https://www.youtube.com/watch?v=2x1UkSVQfI8",,,,,,,2025-06-23T23:09:24.041Z,2025-06-23T23:09:24.041Z
2348,,"Climb Mount Niitaka - The Path to Pearl Harbor - WWII - Part 5  - Extra History","https://www.youtube.com/watch?v=TqUBjJBqgQw",,,,,,,2025-06-23T23:09:24.047Z,2025-06-23T23:09:24.047Z
2349,,"Climbing Matterhorn: Women Ascending - European History - Part 2 - Extra History","https://www.youtube.com/watch?v=XsoccHW7rvw",,,,,,,2025-06-23T23:09:24.051Z,2025-06-23T23:09:24.051Z
2350,,"Climbing the Matterhorn: Death Mountain - European History - Part 1 - Extra History","https://www.youtube.com/watch?v=XXhx-HhsZg4",,,,,,,2025-06-23T23:09:24.056Z,2025-06-23T23:09:24.056Z
2351,,"Comics and Hard-Boiled - Pulp! Noir - Extra Sci Fi","https://www.youtube.com/watch?v=DdzjNmbHq4g",,,,,,,2025-06-23T23:09:24.061Z,2025-06-23T23:09:24.061Z
2352,,"Conquest of India - A Historical Paradox - Extra History - Part 1","https://www.youtube.com/watch?v=E4vonIphF4E",,,,,,,2025-06-23T23:09:24.065Z,2025-06-23T23:09:24.065Z
2353,,"Conquest of India - East India Companies - Extra History - Part 2","https://www.youtube.com/watch?v=AqCWlABVddY",,,,,,,2025-06-23T23:09:24.070Z,2025-06-23T23:09:24.070Z
2354,,"Conquest of India - LIES - Extra History","https://www.youtube.com/watch?v=SlMS3RcFI9k",,,,,,,2025-06-23T23:09:24.074Z,2025-06-23T23:09:24.074Z
2355,,"Conquest of India - The Black Hole - Extra History - Part 3","https://www.youtube.com/watch?v=x1JwJJybHDs",,,,,,,2025-06-23T23:09:24.079Z,2025-06-23T23:09:24.079Z
2356,,"Conquest of India - The Company Raj - Extra History - Part 4","https://www.youtube.com/watch?v=ZYIf2MtIcEY",,,,,,,2025-06-23T23:09:24.084Z,2025-06-23T23:09:24.084Z
2357,,"Conquest of India - The Empty Chair - Extra History - Part 5","https://www.youtube.com/watch?v=o0vBdP5hFng",,,,,,,2025-06-23T23:09:24.090Z,2025-06-23T23:09:24.090Z
2358,,"Cosplaying Caesar - Napoleon in Egypt - Part 1 - Extra History","https://www.youtube.com/watch?v=UjoS_uTtmTs",,,,,,,2025-06-23T23:09:24.095Z,2025-06-23T23:09:24.095Z
2359,,"Countdown to War  - The Path to Pearl Harbor - WWII - Part 4  - Extra History","https://www.youtube.com/watch?v=JEOyNwtFX3c",,,,,,,2025-06-23T23:09:24.099Z,2025-06-23T23:09:24.099Z
2360,,"Cuban Missile Crisis - Black Saturday - Extra History - Part 3","https://www.youtube.com/watch?v=-Ox9wIZeZYg",,,,,,,2025-06-23T23:09:24.104Z,2025-06-23T23:09:24.104Z
2361,,"Cuban Missile Crisis - Eyeball to Eyeball - Extra History - Part 2","https://www.youtube.com/watch?v=QQT4Dt82Kz0",,,,,,,2025-06-23T23:09:24.109Z,2025-06-23T23:09:24.109Z
2362,,"Cuban Missile Crisis - The Failed Checkmate - Extra History - Part 1","https://www.youtube.com/watch?v=xqJBibhR07w",,,,,,,2025-06-23T23:09:24.114Z,2025-06-23T23:09:24.114Z
2363,,"Cuchulain's Origins - The Hound of Culann - Irish - Extra Mythology","https://www.youtube.com/watch?v=kWVYxapURKc",,,,,,,2025-06-23T23:09:24.118Z,2025-06-23T23:09:24.118Z
2364,,"Cuchulainn & the Morrigan - Spurning a Goddess - Irish - Extra Mythology","https://www.youtube.com/watch?v=7bLFuP2gVc8",,,,,,,2025-06-23T23:09:24.123Z,2025-06-23T23:09:24.123Z
2365,,"Curing Tuberculosis - The Hero Koch - Part 1 - Extra History","https://www.youtube.com/watch?v=XP-WXLsnMjY",,,,,,,2025-06-23T23:09:24.128Z,2025-06-23T23:09:24.128Z
2366,,"D Day - La R├⌐sistance - Extra History - Part 3","https://www.youtube.com/watch?v=EyPLDItxGgA",,,,,,,2025-06-23T23:09:24.132Z,2025-06-23T23:09:24.132Z
2367,,"D-Day - Lies - Extra History","https://www.youtube.com/watch?v=x-dHHyeOrAY",,,,,,,2025-06-23T23:09:24.137Z,2025-06-23T23:09:24.137Z
2368,,"D-Day - The Atlantic Wall - Extra History - Part 4","https://www.youtube.com/watch?v=KxFliX-w6kI",,,,,,,2025-06-23T23:09:24.142Z,2025-06-23T23:09:24.142Z
2369,,"D-Day - The Great Crusade - Extra History - Part 1","https://www.youtube.com/watch?v=-KY1pDLulF4",,,,,,,2025-06-23T23:09:24.146Z,2025-06-23T23:09:24.146Z
2370,,"D-Day - The Secret War - Extra History - Part 2","https://www.youtube.com/watch?v=a3w9pmvpyDM",,,,,,,2025-06-23T23:09:24.150Z,2025-06-23T23:09:24.150Z
2371,,"D-Day Nearly Fails - Operation Avalanche - WWII - Part 2 - Extra History","https://www.youtube.com/watch?v=IQVsCwCSYAQ",,,,,,,2025-06-23T23:09:24.155Z,2025-06-23T23:09:24.155Z
2372,,"Dan Recommends - Find New Creators: Brain Food Edition","https://www.youtube.com/watch?v=lnVXMoCNPMg",,,,,,,2025-06-23T23:09:24.160Z,2025-06-23T23:09:24.160Z
2373,,"Dan Recommends - Find New Creators: Film and Movies Edition","https://www.youtube.com/watch?v=uJRk8F7VM-4",,,,,,,2025-06-23T23:09:24.164Z,2025-06-23T23:09:24.164Z
2374,,"Dan Recommends - Find New Creators: Video Games Edition","https://www.youtube.com/watch?v=HjGTQrsUOKM",,,,,,,2025-06-23T23:09:24.169Z,2025-06-23T23:09:24.169Z
2375,,"Dark History of the Panama Railroad | U.S. History | Extra History","https://www.youtube.com/watch?v=mhaKccJLLn8",,,,,,,2025-06-23T23:09:24.174Z,2025-06-23T23:09:24.174Z
2376,,"Day of Infamy - The Path to Pearl Harbor - WWII - Part 6  - Extra History","https://www.youtube.com/watch?v=aD8XSGHnIJo",,,,,,,2025-06-23T23:09:24.179Z,2025-06-23T23:09:24.179Z
2377,,"Death and Rebirth - The Irish Easter Rising - Part 5 - Extra History","https://www.youtube.com/watch?v=7UHamkZ3qKU",,,,,,,2025-06-23T23:09:24.183Z,2025-06-23T23:09:24.183Z
2378,,"Death on the Nile - Napoleon in Egypt - Part 3 - Extra History","https://www.youtube.com/watch?v=PRR9BRYTbD4",,,,,,,2025-06-23T23:09:24.189Z,2025-06-23T23:09:24.189Z
2379,,"Defense of Poland - The Battle of the Border - Part 1 - Extra History","https://www.youtube.com/watch?v=I47vCycUSW4",,,,,,,2025-06-23T23:09:24.194Z,2025-06-23T23:09:24.194Z
2380,,"Defense of Poland - Under Siege - Part 2 - Extra History","https://www.youtube.com/watch?v=20fFU_OqB0M",,,,,,,2025-06-23T23:09:24.199Z,2025-06-23T23:09:24.199Z
2381,,"Dewi Sri  - Rice Rice Baby - Indonesia - Extra Mythology","https://www.youtube.com/watch?v=TWr5lP7jDrE",,,,,,,2025-06-23T23:09:24.204Z,2025-06-23T23:09:24.204Z
2382,,"Distant Star: Revenant Fleet - Promising yet Unpolished - James Recommends","https://www.youtube.com/watch?v=mPokovkI73M",,,,,,,2025-06-23T23:09:24.208Z,2025-06-23T23:09:24.208Z
2383,,"Dividing the Middle East - Drawing Lines - Extra History - Part 3","https://www.youtube.com/watch?v=0VoV_RQZDls",,,,,,,2025-06-23T23:09:24.213Z,2025-06-23T23:09:24.213Z
2384,,"Dividing the Middle East - Lies - Extra History","https://www.youtube.com/watch?v=eNvhTkDkdqA",,,,,,,2025-06-23T23:09:24.218Z,2025-06-23T23:09:24.218Z
2385,,"Dividing the Middle East - Setting the Board - Extra History - Part 5","https://www.youtube.com/watch?v=1zZ1A8sphjA",,,,,,,2025-06-23T23:09:24.223Z,2025-06-23T23:09:24.223Z
2386,,"Dividing the Middle East - The Arab Revolt - Extra History - Part 2","https://www.youtube.com/watch?v=jJCq5p8HCZo",,,,,,,2025-06-23T23:09:24.227Z,2025-06-23T23:09:24.227Z
2387,,"Dividing the Middle East - The Great Loot - Extra History - Part 1","https://www.youtube.com/watch?v=f2L6L37GGAY",,,,,,,2025-06-23T23:09:24.232Z,2025-06-23T23:09:24.232Z
2388,,"Dividing the Middle East - Three Kings - Extra History - Part 4","https://www.youtube.com/watch?v=WU9TrSOnXkU",,,,,,,2025-06-23T23:09:24.236Z,2025-06-23T23:09:24.236Z
2389,,"Divorcing a King - Eleanor of Aquitaine - European History - Part 1 - Extra History","https://www.youtube.com/watch?v=fjalQSOLZE4",,,,,,,2025-06-23T23:09:24.242Z,2025-06-23T23:09:24.242Z
2345,,"Don't miss out on Extra Play!","https://www.youtube.com/watch?v=wVMPXfKu2MA",,,,,,,2025-06-23T23:09:24.246Z,2025-06-23T23:09:24.246Z
2390,,"Dracula - Bram Stoker - So You Haven't Read","https://www.youtube.com/watch?v=MPfZI3al-Hc",,,,,,,2025-06-23T23:09:24.251Z,2025-06-23T23:09:24.251Z
2391,,"Dragons - The Origin of Dragons - Extra Mythology","https://www.youtube.com/watch?v=rL8qSfXIo4M",,,,,,,2025-06-23T23:09:24.256Z,2025-06-23T23:09:24.256Z
2392,,"Dune - Muad'dib - Extra Sci Fi - Part 4","https://www.youtube.com/watch?v=C6_5dKRudiY",,,,,,,2025-06-23T23:09:24.261Z,2025-06-23T23:09:24.261Z
2393,,"Dune - Origins - Extra Sci Fi - Part 1","https://www.youtube.com/watch?v=BCTM9JoaKrg",,,,,,,2025-06-23T23:09:24.265Z,2025-06-23T23:09:24.265Z
2394,,"Dune - Plots and Plans - Extra Sci Fi - Part 2","https://www.youtube.com/watch?v=4NYO7aoOOmk",,,,,,,2025-06-23T23:09:24.270Z,2025-06-23T23:09:24.270Z
2395,,"Dune - Wandering in the Desert - Extra Sci Fi - Part 3","https://www.youtube.com/watch?v=qYY6gWn0CPI",,,,,,,2025-06-23T23:09:24.274Z,2025-06-23T23:09:24.274Z
2396,,"Early Christian Schisms - Before Imperium - Extra History - Part 1","https://www.youtube.com/watch?v=E1ZZeCDGHJE",,,,,,,2025-06-23T23:09:24.279Z,2025-06-23T23:09:24.279Z
2397,,"Early Christian Schisms - Ephesus, the Robber Council, and Chalcedon - Extra History - Part 4","https://www.youtube.com/watch?v=f9lEcwLnwfg",,,,,,,2025-06-23T23:09:24.284Z,2025-06-23T23:09:24.284Z
2398,,"Early Christian Schisms - Lies - Extra History","https://www.youtube.com/watch?v=6dnECIPXIRY",,,,,,,2025-06-23T23:09:24.290Z,2025-06-23T23:09:24.290Z
2399,,"Early Christian Schisms - The Council of Nicaea - Extra History - Part 3","https://www.youtube.com/watch?v=6d2lOQpuqd4",,,,,,,2025-06-23T23:09:24.294Z,2025-06-23T23:09:24.294Z
2400,,"Early Christian Schisms - The Woes of Constantine - Extra History - Part 2","https://www.youtube.com/watch?v=hZsZXHPDwsw",,,,,,,2025-06-23T23:09:24.299Z,2025-06-23T23:09:24.299Z
2401,,"Earth Abides - Dystopias and Apocalypses - Extra Sci Fi","https://www.youtube.com/watch?v=2hieycSRUeM",,,,,,,2025-06-23T23:09:24.304Z,2025-06-23T23:09:24.304Z
2402,,"Eleanor of Aquitaine - LIES - European History - Extra History","https://www.youtube.com/watch?v=sOTYzWonpK4",,,,,,,2025-06-23T23:09:24.309Z,2025-06-23T23:09:24.309Z
2403,,"Empire of Brazil  - The Anarchy - South American History - Extra History - #4","https://www.youtube.com/watch?v=Y6ZmbqGI2n4",,,,,,,2025-06-23T23:09:24.314Z,2025-06-23T23:09:24.314Z
2404,,"Empire of Brazil - Breaking Bonds - South American History - Extra History - Part 5","https://www.youtube.com/watch?v=QywX2lN6rbY",,,,,,,2025-06-23T23:09:24.318Z,2025-06-23T23:09:24.318Z
2405,,"Empire of Brazil - Family Drama - South American History - Extra History - Part 3","https://www.youtube.com/watch?v=Cug8DeQWsEk",,,,,,,2025-06-23T23:09:24.323Z,2025-06-23T23:09:24.323Z
2406,,"Empire of Brazil - Independence or DEATH! - South American History - Extra History - Part 2","https://www.youtube.com/watch?v=N9Qb-CRXGyg",,,,,,,2025-06-23T23:09:24.327Z,2025-06-23T23:09:24.327Z
2407,,"Empire of Brazil - LIES - South American History - Extra History","https://www.youtube.com/watch?v=PmLPXWGUdPU",,,,,,,2025-06-23T23:09:24.332Z,2025-06-23T23:09:24.332Z
2408,,"Empire of Brazil - Runaway Monarch - South American History - Extra History - Part 1","https://www.youtube.com/watch?v=DzUNfnVnIkw",,,,,,,2025-06-23T23:09:24.337Z,2025-06-23T23:09:24.337Z
2409,,"Empress Wu Zetian - LIES - Chinese History - Extra History","https://www.youtube.com/watch?v=rt1uePpPqCQ",,,,,,,2025-06-23T23:09:24.341Z,2025-06-23T23:09:24.341Z
2410,,"End of the Samurai - Black Ships - Japanese History - Extra History - Part 1","https://www.youtube.com/watch?v=FmRm--vRHCg",,,,,,,2025-06-23T23:09:24.346Z,2025-06-23T23:09:24.346Z
2411,,"End of the Samurai - Gangs of Kyoto - Japanese History - Extra History - Part 2","https://www.youtube.com/watch?v=c5kn5GFujuA",,,,,,,2025-06-23T23:09:24.351Z,2025-06-23T23:09:24.351Z
2412,,"End of the Samurai - Lies - Japanese History - Extra History","https://www.youtube.com/watch?v=7Fzy25qzW3g",,,,,,,2025-06-23T23:09:24.355Z,2025-06-23T23:09:24.355Z
2413,,"End of the Samurai - The Boshin War - Japanese History - Extra History - Part 3","https://www.youtube.com/watch?v=499MEYhur7E",,,,,,,2025-06-23T23:09:24.360Z,2025-06-23T23:09:24.360Z
2414,,"End of the Samurai - The Imperial Army - Japanese History - Extra History - Part 4","https://www.youtube.com/watch?v=_IyXdZi_6yg",,,,,,,2025-06-23T23:09:24.365Z,2025-06-23T23:09:24.365Z
2415,,"End of the Samurai - The Last Samurai - Japanese History - Extra History - Part 5","https://www.youtube.com/watch?v=Ir1Aua1jWc4",,,,,,,2025-06-23T23:09:24.370Z,2025-06-23T23:09:24.370Z
2416,,"End of the Year Update 2018!","https://www.youtube.com/watch?v=NRHf-ZyaCug",,,,,,,2025-06-23T23:09:24.374Z,2025-06-23T23:09:24.374Z
2417,,"England: South Sea Bubble - Buying Out Britain - Extra History - Part 3","https://www.youtube.com/watch?v=1vcF5rebN20",,,,,,,2025-06-23T23:09:24.380Z,2025-06-23T23:09:24.380Z
2418,,"England: South Sea Bubble - It Was Walpole - Extra History - Part 5","https://www.youtube.com/watch?v=a_1IpUCUuVc",,,,,,,2025-06-23T23:09:24.385Z,2025-06-23T23:09:24.385Z
2419,,"England: South Sea Bubble - Lies - Extra History","https://www.youtube.com/watch?v=NqeXXzKTzRU",,,,,,,2025-06-23T23:09:24.392Z,2025-06-23T23:09:24.392Z
2420,,"England: South Sea Bubble - The Bubble Pops - Extra History - Part 4","https://www.youtube.com/watch?v=SIlnsP6AjP8",,,,,,,2025-06-23T23:09:24.396Z,2025-06-23T23:09:24.396Z
2421,,"England: South Sea Bubble - The Sharp Mind of John Blunt - Extra History - Part 1","https://www.youtube.com/watch?v=k1kndKWJKB8",,,,,,,2025-06-23T23:09:24.402Z,2025-06-23T23:09:24.402Z
2422,,"England: South Sea Bubble - Too Big to Fail - Extra History - Part 2","https://www.youtube.com/watch?v=Fsk6oZm1EEA",,,,,,,2025-06-23T23:09:24.406Z,2025-06-23T23:09:24.406Z
2423,,"England: The Broad Street Pump - Epidemiology Begins! - Extra History - Part 2","https://www.youtube.com/watch?v=1jlsyucUwpo",,,,,,,2025-06-23T23:09:24.411Z,2025-06-23T23:09:24.411Z
2424,,"England: The Broad Street Pump - Lies - Extra History","https://www.youtube.com/watch?v=rg_7q_FPjxQ",,,,,,,2025-06-23T23:09:24.415Z,2025-06-23T23:09:24.415Z
2425,,"England: The Broad Street Pump - Map of the Blue Death - Extra History - Part 3","https://www.youtube.com/watch?v=9NVT6iZP2qg",,,,,,,2025-06-23T23:09:24.420Z,2025-06-23T23:09:24.420Z
2426,,"England: The Broad Street Pump - The Sanitary Movement - Extra History - Part 4","https://www.youtube.com/watch?v=cba7di0eL8I",,,,,,,2025-06-23T23:09:24.425Z,2025-06-23T23:09:24.425Z
2427,,"England: The Broad Street Pump - You Know Nothing, John Snow - Extra History - Part 1","https://www.youtube.com/watch?v=TLpzHHbFrHY",,,,,,,2025-06-23T23:09:24.429Z,2025-06-23T23:09:24.429Z
2428,,"Enuma Elish - Genesis of Genesis - Babylonian Myths - Extra Mythology","https://www.youtube.com/watch?v=U74xXGRaBiM",,,,,,,2025-06-23T23:09:24.435Z,2025-06-23T23:09:24.435Z
2429,,"Eternal Madness - Tulip Mania - European History - Part 5 - Extra History","https://www.youtube.com/watch?v=7GApMtJ1QZQ",,,,,,,2025-06-23T23:09:24.440Z,2025-06-23T23:09:24.440Z
2430,,"Europe: The First Crusade - A Good Crusade? - Extra History - Part 3","https://www.youtube.com/watch?v=pI5_idvxm18",,,,,,,2025-06-23T23:09:24.445Z,2025-06-23T23:09:24.445Z
2431,,"Europe: The First Crusade - Lies - Extra History","https://www.youtube.com/watch?v=15KhdeIc0EI",,,,,,,2025-06-23T23:09:24.449Z,2025-06-23T23:09:24.449Z
2432,,"Europe: The First Crusade - Men of Iron - Extra History - Part 4","https://www.youtube.com/watch?v=UdzsMEHUBrQ",,,,,,,2025-06-23T23:09:24.453Z,2025-06-23T23:09:24.453Z
2433,,"Europe: The First Crusade - On to Jerusalem - Extra History - Part 6","https://www.youtube.com/watch?v=oyYGLoo3bj0",,,,,,,2025-06-23T23:09:24.457Z,2025-06-23T23:09:24.457Z
2434,,"Europe: The First Crusade - Peter the Hermit - Extra History - Part 2","https://www.youtube.com/watch?v=aAodRUPN7lE",,,,,,,2025-06-23T23:09:24.462Z,2025-06-23T23:09:24.462Z
2435,,"Europe: The First Crusade - Siege of Antioch - Extra History - Part 5","https://www.youtube.com/watch?v=ZvUibFUJFKM",,,,,,,2025-06-23T23:09:24.467Z,2025-06-23T23:09:24.467Z
2436,,"Europe: The First Crusade - The People's Crusade - Extra History - Part 1","https://www.youtube.com/watch?v=HIs5B2U7US0",,,,,,,2025-06-23T23:09:24.471Z,2025-06-23T23:09:24.471Z
2437,,"Exploring the Pacific - Farther Than Any Man - Extra History - Part 5","https://www.youtube.com/watch?v=8XQxOe9XT18",,,,,,,2025-06-23T23:09:24.476Z,2025-06-23T23:09:24.476Z
2438,,"Exploring the Pacific - Founders & Lost Cities - Extra History - Part 3","https://www.youtube.com/watch?v=OLrmHn8lOfk",,,,,,,2025-06-23T23:09:24.480Z,2025-06-23T23:09:24.480Z
2439,,"Exploring the Pacific - LIES - Extra History","https://www.youtube.com/watch?v=wdj9cbkvHI4",,,,,,,2025-06-23T23:09:24.485Z,2025-06-23T23:09:24.485Z
2440,,"Exploring the Pacific - Magellan's Mistake - Extra History - Part 4","https://www.youtube.com/watch?v=CqpQE7dFEuM",,,,,,,2025-06-23T23:09:24.490Z,2025-06-23T23:09:24.490Z
2441,,"Exploring the Pacific - The Great Ocean - Extra History - Part 1","https://www.youtube.com/watch?v=Y1suZVUoxCA",,,,,,,2025-06-23T23:09:24.495Z,2025-06-23T23:09:24.495Z
2442,,"Exploring the Pacific - Wayfinding - Extra History - Part 2","https://www.youtube.com/watch?v=WIDBE33GeCM",,,,,,,2025-06-23T23:09:24.500Z,2025-06-23T23:09:24.500Z
2443,,"Fahrenheit 451 - Dystopias and Apocalypses - Extra Sci Fi","https://www.youtube.com/watch?v=4b0SS8BKBbY",,,,,,,2025-06-23T23:09:24.504Z,2025-06-23T23:09:24.504Z
2444,,"Farming Gold! - Tulip Mania - European History - Part 2 - EXTRA HISTORY","https://www.youtube.com/watch?v=BgBdUWL85nI",,,,,,,2025-06-23T23:09:24.509Z,2025-06-23T23:09:24.509Z
2445,,"Fighting for the Right to Vote: Voting Rights Act of 1965 | US History | Extra History","https://www.youtube.com/watch?v=wiO2ebPi48o",,,,,,,2025-06-23T23:09:24.514Z,2025-06-23T23:09:24.514Z
2446,,"FINAL Extra Credits Video*","https://www.youtube.com/watch?v=U-VDFXxJl24",,,,,,,2025-06-23T23:09:24.520Z,2025-06-23T23:09:24.520Z
2447,,"First Opium War - Conflagration and Surrender - Extra History - Part 4","https://www.youtube.com/watch?v=s9WRmsHFUg0",,,,,,,2025-06-23T23:09:24.525Z,2025-06-23T23:09:24.525Z
2448,,"First Opium War - Gunboat Diplomacy - Extra History - Part 3","https://www.youtube.com/watch?v=jAjUqwauf-A",,,,,,,2025-06-23T23:09:24.529Z,2025-06-23T23:09:24.529Z
2449,,"First Opium War - Lies - Extra History","https://www.youtube.com/watch?v=v9beMOxGOrk",,,,,,,2025-06-23T23:09:24.534Z,2025-06-23T23:09:24.534Z
2450,,"First Opium War - The Righteous Minister - Extra History - Part 2","https://www.youtube.com/watch?v=qHmuuc7m1AA",,,,,,,2025-06-23T23:09:24.539Z,2025-06-23T23:09:24.539Z
2451,,"First Opium War - Trade Deficits and the Macartney Embassy - Extra History - Part 1","https://www.youtube.com/watch?v=fgQahGsYokU",,,,,,,2025-06-23T23:09:24.543Z,2025-06-23T23:09:24.543Z
2452,,"First Strike - The Path to Pearl Harbor - WWII - Part 3  - Extra History","https://www.youtube.com/watch?v=_8V9CKSx6Bg",,,,,,,2025-06-23T23:09:24.549Z,2025-06-23T23:09:24.549Z
2453,,"Fixing Broken Politics - Never Going To Jail - Extra Politics","https://www.youtube.com/watch?v=sRamATEgTdY",,,,,,,2025-06-23T23:09:24.553Z,2025-06-23T23:09:24.553Z
2454,,"Fixing Broken Politics - No Right to Vote - Extra Politics","https://www.youtube.com/watch?v=_86KIfWzWug",,,,,,,2025-06-23T23:09:24.558Z,2025-06-23T23:09:24.558Z
2455,,"Fixing Broken Politics - Social Media - Extra Politics","https://www.youtube.com/watch?v=fLq86hnwqF0",,,,,,,2025-06-23T23:09:24.563Z,2025-06-23T23:09:24.563Z
2456,,"Fixing the Game - How to Patch Gerrymandering - Extra Politics - #8","https://www.youtube.com/watch?v=sUVAgejhLaE",,,,,,,2025-06-23T23:09:24.567Z,2025-06-23T23:09:24.567Z
2457,,"Fomorian Blues - Celtic Myth - Extra Mythology - Part 2","https://www.youtube.com/watch?v=4V-6XksC2Ac",,,,,,,2025-06-23T23:09:24.572Z,2025-06-23T23:09:24.572Z
2458,,"Forging a Legend - Frederick the Great - European History - Part 3 - Extra History","https://www.youtube.com/watch?v=vJdjPwSJqd8",,,,,,,2025-06-23T23:09:24.577Z,2025-06-23T23:09:24.577Z
2459,,"Francis Walsingham - Elizabethan Spymaster - European History - Extra History","https://www.youtube.com/watch?v=pQMXqmuj2Zw",,,,,,,2025-06-23T23:09:24.581Z,2025-06-23T23:09:24.581Z
2460,,"Frankenstein: Paradise Lost - Extra Sci Fi - Part 5","https://www.youtube.com/watch?v=a6sLFt6Fro4",,,,,,,2025-06-23T23:09:24.586Z,2025-06-23T23:09:24.586Z
2461,,"Frankenstein: Plutarch's Lives - Extra Sci Fi - Part 4","https://www.youtube.com/watch?v=ePzdchSJI8I",,,,,,,2025-06-23T23:09:24.591Z,2025-06-23T23:09:24.591Z
2462,,"Frankenstein: Radical Alienation - Extra Sci Fi - Part 6","https://www.youtube.com/watch?v=tIpxJ-SAdkA",,,,,,,2025-06-23T23:09:24.597Z,2025-06-23T23:09:24.597Z
2463,,"Frankenstein: The Modern Prometheus - Extra Sci Fi - Part 1","https://www.youtube.com/watch?v=DnSmGFmP8qU",,,,,,,2025-06-23T23:09:24.602Z,2025-06-23T23:09:24.602Z
2464,,"Frankenstein: The New Romantics - Extra Sci Fi - Part 2","https://www.youtube.com/watch?v=jd9Baab9Xsc",,,,,,,2025-06-23T23:09:24.607Z,2025-06-23T23:09:24.607Z
2465,,"Frankenstein: The Sorrows of Young Werther - Extra Sci Fi - Part 3","https://www.youtube.com/watch?v=55QjR-9RVSE",,,,,,,2025-06-23T23:09:24.612Z,2025-06-23T23:09:24.612Z
2466,,"Frederick the Great - LIES - European History - Extra History","https://www.youtube.com/watch?v=KeRu7AYNFVo",,,,,,,2025-06-23T23:09:24.617Z,2025-06-23T23:09:24.617Z
2467,,"Freedom Planet - Sonic with a Twist (Kick) - James Recommends","https://www.youtube.com/watch?v=ZN8OZJFKJrs",,,,,,,2025-06-23T23:09:24.622Z,2025-06-23T23:09:24.622Z
2468,,"Ganesha - Parvati and Shiva's Son - Hindu - Extra Mythology","https://www.youtube.com/watch?v=HDGQ713Zz54",,,,,,,2025-06-23T23:09:24.627Z,2025-06-23T23:09:24.627Z
2469,,"Garibaldi: Expedition of the Thousand | Unifying Italy | Extra History | Part 5","https://www.youtube.com/watch?v=_ctrANc5DkM",,,,,,,2025-06-23T23:09:24.631Z,2025-06-23T23:09:24.631Z
2470,,"Garibaldi: For Love and Country | Unifying Italy | Extra History | Part 2","https://www.youtube.com/watch?v=HLf6ONK1JP4",,,,,,,2025-06-23T23:09:24.636Z,2025-06-23T23:09:24.636Z
2471,,"Garibaldi: Hero of Two Worlds | Unifying Italy | Extra History | Part 1","https://www.youtube.com/watch?v=_kbjIwH8jBM",,,,,,,2025-06-23T23:09:24.641Z,2025-06-23T23:09:24.641Z
2472,,"Garibaldi: The Cost of War | Unifying Italy | Extra History | Part 4","https://www.youtube.com/watch?v=vPb0pZwyYKc",,,,,,,2025-06-23T23:09:24.646Z,2025-06-23T23:09:24.646Z
2473,,"Garibaldi: The Siege of Rome | Unifying Italy | Extra History | Part 3","https://www.youtube.com/watch?v=nJI-OfZuJg8",,,,,,,2025-06-23T23:09:24.651Z,2025-06-23T23:09:24.651Z
2474,,"Genghis Khan - Beginnings of the Great Mongol Nation - Extra History - Part 5","https://www.youtube.com/watch?v=FPYnY_TgQDA",,,,,,,2025-06-23T23:09:24.655Z,2025-06-23T23:09:24.655Z
2475,,"Genghis Khan - Khan of All Mongols - Extra History - Part 4","https://www.youtube.com/watch?v=vmYcxEOBk_8",,,,,,,2025-06-23T23:09:24.660Z,2025-06-23T23:09:24.660Z
2476,,"Genghis Khan - Lies - Extra History","https://www.youtube.com/watch?v=rSg5Lx5RqUA",,,,,,,2025-06-23T23:09:24.665Z,2025-06-23T23:09:24.665Z
2477,,"Genghis Khan - Tem├╝jin the Child - Extra History - Part 1","https://www.youtube.com/watch?v=3cVTVF6ioaY",,,,,,,2025-06-23T23:09:24.669Z,2025-06-23T23:09:24.669Z
2478,,"Genghis Khan - The Debut of Tem├╝jin Khan - Extra History - Part 3","https://www.youtube.com/watch?v=IvUDNSfSQdU",,,,,,,2025-06-23T23:09:24.675Z,2025-06-23T23:09:24.675Z
2479,,"Genghis Khan - The Final Conquering Years - Extra History - Part 6","https://www.youtube.com/watch?v=aKQ-djCmsrQ",,,,,,,2025-06-23T23:09:24.679Z,2025-06-23T23:09:24.679Z
2480,,"Genghis Khan - The Rivalry of Blood Brothers - Extra History - Part 2","https://www.youtube.com/watch?v=61NZrJevZwI",,,,,,,2025-06-23T23:09:24.684Z,2025-06-23T23:09:24.684Z
2481,,"Get Your Rifles - Battle of Blair Mountain - US History - Part 2 - Extra History","https://www.youtube.com/watch?v=jklZYrkEtEs",,,,,,,2025-06-23T23:09:24.689Z,2025-06-23T23:09:24.689Z
2482,,"Gilgamesh and Enkidu, BFFs - Bronze Age Mesopotamian Myths - Extra Mythology - Part 1","https://www.youtube.com/watch?v=3_mo0Vh1b08",,,,,,,2025-06-23T23:09:24.693Z,2025-06-23T23:09:24.693Z
2483,,"Gilgamesh Meaning - Mythology Matters - Extra Mythology","https://www.youtube.com/watch?v=34kDS3ItAtQ",,,,,,,2025-06-23T23:09:24.699Z,2025-06-23T23:09:24.699Z
2484,,"Gilgamesh vs. Humbaba - Bronze Age Mesopotamian Myths - Extra Mythology - Part 2","https://www.youtube.com/watch?v=WYigCx2jHFM&t=1s",,,,,,,2025-06-23T23:09:24.704Z,2025-06-23T23:09:24.704Z
2485,,"Giuseppe Garibaldi: Unifying Italy | LIES | Extra History","https://www.youtube.com/watch?v=56QN6Eb1VQE",,,,,,,2025-06-23T23:09:24.709Z,2025-06-23T23:09:24.709Z
2486,,"Great Northern War - A Good Plan - Extra History - Part 2","https://www.youtube.com/watch?v=QCTohrWP-Lo",,,,,,,2025-06-23T23:09:24.713Z,2025-06-23T23:09:24.713Z
2487,,"Great Northern War - Clash of Kings - Extra History - Part 4","https://www.youtube.com/watch?v=M6Oon1XGWRc",,,,,,,2025-06-23T23:09:24.718Z,2025-06-23T23:09:24.718Z
2488,,"Great Northern War - Lies - Extra History","https://www.youtube.com/watch?v=1hGAdzbef4g",,,,,,,2025-06-23T23:09:24.722Z,2025-06-23T23:09:24.722Z
2489,,"Great Northern War - Rise and Fall - Extra History - Part 5","https://www.youtube.com/watch?v=0dPI1PzyWjg",,,,,,,2025-06-23T23:09:24.727Z,2025-06-23T23:09:24.727Z
2490,,"Great Northern War - When Sweden Ruled the World - Extra History - Part 1","https://www.youtube.com/watch?v=VyBPAz1H-lU",,,,,,,2025-06-23T23:09:24.732Z,2025-06-23T23:09:24.732Z
2491,,"Great Northern War - Young and Violent - Extra History - Part 3","https://www.youtube.com/watch?v=dovxeQEDils",,,,,,,2025-06-23T23:09:24.737Z,2025-06-23T23:09:24.737Z
2492,,"Grigori Rasputin - An Infamous Murder - Russian History - Extra History - Part 4","https://www.youtube.com/watch?v=l8iTHsS-Iu0",,,,,,,2025-06-23T23:09:24.741Z,2025-06-23T23:09:24.741Z
2493,,"Grigori Rasputin - LIES - Russian History - Extra History","https://www.youtube.com/watch?v=-a4aptt3HTA",,,,,,,2025-06-23T23:09:24.746Z,2025-06-23T23:09:24.746Z
2494,,"Grigori Rasputin - Royal Blood - Russian History - Extra History - Part 2","https://www.youtube.com/watch?v=_PQjCZ9Hc2E",,,,,,,2025-06-23T23:09:24.751Z,2025-06-23T23:09:24.751Z
2495,,"Grigori Rasputin - The Dark One - Russian History - Extra History - Part 3","https://www.youtube.com/watch?v=aVSg-uFwDcY",,,,,,,2025-06-23T23:09:24.755Z,2025-06-23T23:09:24.755Z
2496,,"Grigori Rasputin - The Mad Monk - Russian History - Extra History - Part 1","https://www.youtube.com/watch?v=vHQUAb4v94I",,,,,,,2025-06-23T23:09:24.760Z,2025-06-23T23:09:24.760Z
2497,,"G├╢tz of the Iron Hand - Cyborg Knight Prosthetics - European History - Extra History","https://www.youtube.com/watch?v=tu6cvBtMIGU",,,,,,,2025-06-23T23:09:24.765Z,2025-06-23T23:09:24.765Z
2498,,"Harlan Ellison - Dangerous Visions - Extra Sci Fi","https://www.youtube.com/watch?v=STfZLOK7h6g",,,,,,,2025-06-23T23:09:24.769Z,2025-06-23T23:09:24.769Z
2499,,"Henry Ford - LIES - US History - Extra History","https://www.youtube.com/watch?v=WnksQgTVtXA",,,,,,,2025-06-23T23:09:24.774Z,2025-06-23T23:09:24.774Z
2500,,"Henry Ford: A Tragic End - US History - Part 5 - Extra History","https://www.youtube.com/watch?v=aa4n-NpfjEs",,,,,,,2025-06-23T23:09:24.778Z,2025-06-23T23:09:24.778Z
2501,,"Henry Ford: Ignorant Anarchist - US History - Part 4 - Extra History","https://www.youtube.com/watch?v=HUg22semUoE",,,,,,,2025-06-23T23:09:24.783Z,2025-06-23T23:09:24.783Z
2502,,"Henry Ford: Motor City - US History - Part 2 - Extra History","https://www.youtube.com/watch?v=wT7NJx6WSag",,,,,,,2025-06-23T23:09:24.788Z,2025-06-23T23:09:24.788Z
2503,,"Henry Ford: The Boy Who Hated Horses - US History - Part 1 - Extra History","https://www.youtube.com/watch?v=tQAFS1d-0hY",,,,,,,2025-06-23T23:09:24.792Z,2025-06-23T23:09:24.792Z
2504,,"Henry Ford: The Model T - US History - Part 3 - Extra History","https://www.youtube.com/watch?v=p7G4s8sjNtk",,,,,,,2025-06-23T23:09:24.797Z,2025-06-23T23:09:24.797Z
2505,,"Her Story - Uncover a Mystery Told in Video Clips - James Recommends","https://www.youtube.com/watch?v=nYx5IiSeN5E",,,,,,,2025-06-23T23:09:24.802Z,2025-06-23T23:09:24.802Z
2506,,"Hermaphroditus - Intersex Icon - Greek - Extra Mythology","https://www.youtube.com/watch?v=wUkoH58xpcw",,,,,,,2025-06-23T23:09:24.807Z,2025-06-23T23:09:24.807Z
2507,,"Hero or Terrorist? - John Brown - US History - Part 1 - Extra History","https://www.youtube.com/watch?v=UghaZOr2umU",,,,,,,2025-06-23T23:09:24.811Z,2025-06-23T23:09:24.811Z
2508,,"Hiawatha - Government for the People - Extra History - Part 2","https://www.youtube.com/watch?v=RPtUSKKzBcM",,,,,,,2025-06-23T23:09:24.816Z,2025-06-23T23:09:24.816Z
2509,,"Hiawatha - The Great Law of Peace - Extra History - Part 1","https://www.youtube.com/watch?v=79RApCgwZFw",,,,,,,2025-06-23T23:09:24.821Z,2025-06-23T23:09:24.821Z
2510,,"High Fidelity - Nick Hornby - So You Haven't Read","https://www.youtube.com/watch?v=WykvFDfBn5c",,,,,,,2025-06-23T23:09:24.826Z,2025-06-23T23:09:24.826Z
2511,,"His Monstrous Father - Frederick the Great - European History - Part 1 - Extra History","https://www.youtube.com/watch?v=FGVQKBm0McA",,,,,,,2025-06-23T23:09:24.833Z,2025-06-23T23:09:24.833Z
2512,,"History of Beer  - Barbarian Brew - World History - Extra History - Part 2","https://www.youtube.com/watch?v=RgV9s9ez2cc",,,,,,,2025-06-23T23:09:24.838Z,2025-06-23T23:09:24.838Z
2513,,"History of Beer  - Hopping Mad - World History - Extra History - Part 3","https://www.youtube.com/watch?v=nbzZKKDjxLE",,,,,,,2025-06-23T23:09:24.843Z,2025-06-23T23:09:24.843Z
2514,,"History of Beer - Building a Civilization - World History - Extra History - Part 1","https://www.youtube.com/watch?v=KJsWaJVtZWA",,,,,,,2025-06-23T23:09:24.847Z,2025-06-23T23:09:24.847Z
2515,,"History of Beer - Fermenting Revolution - World History - Extra History - Part 4","https://www.youtube.com/watch?v=6pl-MuQHHTE",,,,,,,2025-06-23T23:09:24.852Z,2025-06-23T23:09:24.852Z
2516,,"History of Beer - LIES - World History - Extra History","https://www.youtube.com/watch?v=8-p-4Cw0ElI",,,,,,,2025-06-23T23:09:24.856Z,2025-06-23T23:09:24.856Z
2517,,"History of Beer - Rise of the Beer Barons - World History - Extra History - Part 5","https://www.youtube.com/watch?v=QIKD5fGbvbc",,,,,,,2025-06-23T23:09:24.861Z,2025-06-23T23:09:24.861Z
2518,,"History of Coffee  - Global Addiction - World History - Extra History - Part 2","https://www.youtube.com/watch?v=_MO4pjidfgU",,,,,,,2025-06-23T23:09:24.866Z,2025-06-23T23:09:24.866Z
2519,,"History of Coffee - Brewing Controversy - World History - Extra History - Part 1","https://www.youtube.com/watch?v=22p73Pl3KJA",,,,,,,2025-06-23T23:09:24.871Z,2025-06-23T23:09:24.871Z
2520,,"History of Dentistry - An End To Pain - Extra History - Part 2","https://www.youtube.com/watch?v=x9B19RmsgCo",,,,,,,2025-06-23T23:09:24.881Z,2025-06-23T23:09:24.881Z
2521,,"History of Dentistry - Demons and Tooth Worms - Extra History - Part 1","https://www.youtube.com/watch?v=tlkLbJCtR2k",,,,,,,2025-06-23T23:09:24.912Z,2025-06-23T23:09:24.912Z
2522,,"History of England - A New Future - Part 6 - Extra History","https://www.youtube.com/watch?v=SuidVI9ENN8",,,,,,,2025-06-23T23:09:24.917Z,2025-06-23T23:09:24.917Z
2523,,"History of England - Agincourt - Part 5 - Extra History","https://www.youtube.com/watch?v=mUgMlZU9TSw",,,,,,,2025-06-23T23:09:24.927Z,2025-06-23T23:09:24.927Z
2524,,"History of England - Ashes - Part 4 - Extra History","https://www.youtube.com/watch?v=B7ENUtP_22g",,,,,,,2025-06-23T23:09:24.956Z,2025-06-23T23:09:24.956Z
2525,,"History of England - Fire and Swords - Part 2 - Extra History","https://www.youtube.com/watch?v=w5K2K-S013U",,,,,,,2025-06-23T23:09:24.961Z,2025-06-23T23:09:24.961Z
2526,,"History of England - The 100 Years War  - Part 1 - Extra History","https://www.youtube.com/watch?v=i0NXWfCLIfI",,,,,,,2025-06-23T23:09:24.965Z,2025-06-23T23:09:24.965Z
2527,,"History of England - The Devastation of France - Part 3 - Extra History","https://www.youtube.com/watch?v=JWuxh-e87dg",,,,,,,2025-06-23T23:09:24.970Z,2025-06-23T23:09:24.970Z
2528,,"History of Non-Euclidean Geometry - Lies - Part 6 - Extra History - Part 6","https://www.youtube.com/watch?v=icpzi9sX_58",,,,,,,2025-06-23T23:09:24.975Z,2025-06-23T23:09:24.975Z
2529,,"History of Space Travel - Guided by Starlight - Extra History - Part 6","https://www.youtube.com/watch?v=i2CwEBaLU8U",,,,,,,2025-06-23T23:09:24.979Z,2025-06-23T23:09:24.979Z
2530,,"History of Space Travel - Kill Devil to V-2 - Extra History - Part 3","https://www.youtube.com/watch?v=YT1q0hS9yKo",,,,,,,2025-06-23T23:09:24.987Z,2025-06-23T23:09:24.987Z
2531,,"History of Space Travel - Looking to the Stars - Extra History - Part 1","https://www.youtube.com/watch?v=P6JARo6bgpY",,,,,,,2025-06-23T23:09:24.998Z,2025-06-23T23:09:24.998Z
2532,,"History of Space Travel - One Small Step - Extra History - Part 5","https://www.youtube.com/watch?v=WNrhPOCZFwQ",,,,,,,2025-06-23T23:09:25.006Z,2025-06-23T23:09:25.006Z
2533,,"History of Space Travel - Red Star - Extra History - Part 4","https://www.youtube.com/watch?v=WjgpEr6majo",,,,,,,2025-06-23T23:09:25.010Z,2025-06-23T23:09:25.010Z
2534,,"History of Space Travel - Revolutions - Extra History - Part 2","https://www.youtube.com/watch?v=VB7f2BVPrvA",,,,,,,2025-06-23T23:09:25.015Z,2025-06-23T23:09:25.015Z
2535,,"History of the Board Game - Morals vs. Capitalism | US History | Extra History","https://www.youtube.com/watch?v=MR8tH-NRGxM",,,,,,,2025-06-23T23:09:25.020Z,2025-06-23T23:09:25.020Z
2536,,"History of Vaccines - Killing Smallpox - Extra History","https://www.youtube.com/watch?v=Ke6tT3_QTuM",,,,,,,2025-06-23T23:09:25.025Z,2025-06-23T23:09:25.025Z
2537,,"Hogs in History - Creator and Destroyer - Extra History","https://www.youtube.com/watch?v=6WkjHyKHyX4",,,,,,,2025-06-23T23:09:25.030Z,2025-06-23T23:09:25.030Z
2538,,"House of Death: The Collyer Brothers | US History | Extra History","https://www.youtube.com/watch?v=X_cEcBcC7WA",,,,,,,2025-06-23T23:09:25.034Z,2025-06-23T23:09:25.034Z
2539,,"How We Choose Extra History Topics - Patreon FAQ","https://www.youtube.com/watch?v=N6aP7WuduDc",,,,,,,2025-06-23T23:09:25.039Z,2025-06-23T23:09:25.039Z
2540,,"Hugo Gernsback - Pulp! Amazing Stories - Extra Sci Fi","https://www.youtube.com/watch?v=2CnS-ZNvRDs",,,,,,,2025-06-23T23:09:25.044Z,2025-06-23T23:09:25.044Z
2541,,"Hunting the Bismarck - A Chance to Strike - Extra History - Part 3","https://www.youtube.com/watch?v=OJeI5_9c29s",,,,,,,2025-06-23T23:09:25.048Z,2025-06-23T23:09:25.048Z
2542,,"Hunting the Bismarck - Sink the Bismarck - Extra History - Part 4","https://www.youtube.com/watch?v=cV0NNZbj2QI",,,,,,,2025-06-23T23:09:25.053Z,2025-06-23T23:09:25.053Z
2543,,"Hunting the Bismarck - The Mighty HMS Hood - Extra History - Part 2","https://www.youtube.com/watch?v=Kz8pmbytxoQ",,,,,,,2025-06-23T23:09:25.057Z,2025-06-23T23:09:25.057Z
2544,,"Hunting the Bismarck - The Pride of Germany - Extra History - Part 1","https://www.youtube.com/watch?v=2CV1tvMYFRs",,,,,,,2025-06-23T23:09:25.062Z,2025-06-23T23:09:25.062Z
2545,,"Hypatia of Alexandria | LIES | Extra History","https://www.youtube.com/watch?v=wnUv-Yfm9t8",,,,,,,2025-06-23T23:09:25.066Z,2025-06-23T23:09:25.066Z
2546,,"Hypatia of Alexandria: Christians vs. Pagans | Roman History | Part 2 | Extra History","https://www.youtube.com/watch?v=RqUy82EeBkE",,,,,,,2025-06-23T23:09:25.072Z,2025-06-23T23:09:25.072Z
2547,,"Hypatia of Alexandria: Everyone Gets Her Wrong | Roman History | Extra History","https://www.youtube.com/watch?v=Eoa4hydiLps",,,,,,,2025-06-23T23:09:25.076Z,2025-06-23T23:09:25.076Z
2548,,"Hypatia of Alexandria: Mob Mentality | Roman History | Part 3 | Extra History","https://www.youtube.com/watch?v=95AAcjMB7Ps",,,,,,,2025-06-23T23:09:25.081Z,2025-06-23T23:09:25.081Z
2549,,"I Have No Mouth and I Must Scream - The End of the Apocalypse - Extra Sci Fi","https://www.youtube.com/watch?v=wrCxKfrrMBk",,,,,,,2025-06-23T23:09:25.087Z,2025-06-23T23:09:25.087Z
2550,,"Ibn Battuta - Escape to China - Extra History - Part 4","https://www.youtube.com/watch?v=dqZYZOjRlmA",,,,,,,2025-06-23T23:09:25.091Z,2025-06-23T23:09:25.091Z
2551,,"Ibn Battuta - Lies - Extra History","https://www.youtube.com/watch?v=G9HO75wcoUU",,,,,,,2025-06-23T23:09:25.096Z,2025-06-23T23:09:25.096Z
2552,,"Ibn Battuta - Mongols and Mystics - Extra History - Part 2","https://www.youtube.com/watch?v=7mNXbUAxdVI",,,,,,,2025-06-23T23:09:25.101Z,2025-06-23T23:09:25.101Z
2553,,"Ibn Battuta - Plague and Homecoming - Extra History - Part 5","https://www.youtube.com/watch?v=WMlwlHHnMsI",,,,,,,2025-06-23T23:09:25.106Z,2025-06-23T23:09:25.106Z
2554,,"Ibn Battuta - The Great Traveler - Extra History - Part 1","https://www.youtube.com/watch?v=TEI0sVYKtg8",,,,,,,2025-06-23T23:09:25.110Z,2025-06-23T23:09:25.110Z
2555,,"Ibn Battuta - The Mad Sultan - Extra History - Part 3","https://www.youtube.com/watch?v=Ia3WdlvfnBU",,,,,,,2025-06-23T23:09:25.115Z,2025-06-23T23:09:25.115Z
2556,,"Ibn Fadlan - A Viking Funeral - Extra History","https://www.youtube.com/watch?v=RSURd15qfWQ",,,,,,,2025-06-23T23:09:25.119Z,2025-06-23T23:09:25.119Z
2557,,"If it Bleeds, it Leads! - The Crimean War - European History - Part 2 - Extra History","https://www.youtube.com/watch?v=R7xsbDKlyXA",,,,,,,2025-06-23T23:09:25.124Z,2025-06-23T23:09:25.124Z
2558,,"Ilmarinen & the Sampo: Can't Forge Love - Finnish Myth - Extra Mythology","https://www.youtube.com/watch?v=6JvaPix6gCc",,,,,,,2025-06-23T23:09:25.129Z,2025-06-23T23:09:25.129Z
2559,,"In Between - A Game About Grief - James Recommends","https://www.youtube.com/watch?v=FWiQULVR8oU",,,,,,,2025-06-23T23:09:25.133Z,2025-06-23T23:09:25.133Z
2560,,"Inca Empire - Lies - Extra History","https://www.youtube.com/watch?v=e96B2arsdkc",,,,,,,2025-06-23T23:09:25.138Z,2025-06-23T23:09:25.138Z
2561,,"India's Myrmex Indikoi: Myth or History or BOTH? - Extra Mythology","https://www.youtube.com/watch?v=UJT3CzYcgFU",,,,,,,2025-06-23T23:09:25.142Z,2025-06-23T23:09:25.142Z
2562,,"Interstate Displacement: The Legacy of Robert Moses - US History - Extra History","https://www.youtube.com/watch?v=LmC5T-2d6Xw",,,,,,,2025-06-23T23:09:25.147Z,2025-06-23T23:09:25.147Z
2563,,"Into the Valley of Death - The Crimean War - European History - Part 4 - Extra History","https://www.youtube.com/watch?v=c3y6ip22iF8",,,,,,,2025-06-23T23:09:25.151Z,2025-06-23T23:09:25.151Z
2564,,"Introducing: Sons of the Forgotten on Patreon!","https://www.youtube.com/watch?v=Gwq-j2RQdDg",,,,,,,2025-06-23T23:09:25.156Z,2025-06-23T23:09:25.156Z
2565,,"Invasion of Quebec | LIES | Extra History","https://www.youtube.com/watch?v=r4SIBeuVdn4",,,,,,,2025-06-23T23:09:25.161Z,2025-06-23T23:09:25.161Z
2566,,"Invasion of Quebec: AmericaΓÇÖs Founding Disaster | US History | Extra History | Part 1","https://www.youtube.com/watch?v=_jPzFvKRuKE",,,,,,,2025-06-23T23:09:25.165Z,2025-06-23T23:09:25.165Z
2567,,"Invasion of Quebec: Battle in the Streets | US History | Extra History | Part 3","https://www.youtube.com/watch?v=t0xbGEADSSE",,,,,,,2025-06-23T23:09:25.170Z,2025-06-23T23:09:25.170Z
2568,,"Invasion of Quebec: Benedict ArnoldΓÇÖs Death March | US History | Extra History | Part 2","https://www.youtube.com/watch?v=RZchF6fBjRA",,,,,,,2025-06-23T23:09:25.174Z,2025-06-23T23:09:25.174Z
2569,,"Invasion of Quebec: No Retreat | US History | Extra History | Part 4","https://www.youtube.com/watch?v=6trYjVdxeRs",,,,,,,2025-06-23T23:09:25.178Z,2025-06-23T23:09:25.178Z
2570,,"Irish Potato Famine - Black '47 - Part 3 - Extra History","https://www.youtube.com/watch?v=6DP8INm09nY",,,,,,,2025-06-23T23:09:25.183Z,2025-06-23T23:09:25.183Z
2571,,"Irish Potato Famine - Isle of Blight - Part 1 - Extra History","https://www.youtube.com/watch?v=gAnT21xGdSk",,,,,,,2025-06-23T23:09:25.187Z,2025-06-23T23:09:25.187Z
2572,,"Irish Potato Famine - Lies - Extra History","https://www.youtube.com/watch?v=q3cE_pQhBOU",,,,,,,2025-06-23T23:09:25.193Z,2025-06-23T23:09:25.193Z
2573,,"Irish Potato Famine - The American Wake - Part 4 - Extra History","https://www.youtube.com/watch?v=csNlKTRJiS0",,,,,,,2025-06-23T23:09:25.197Z,2025-06-23T23:09:25.197Z
2574,,"Irish Potato Famine - The Corn Laws - Part 2 - Extra History","https://www.youtube.com/watch?v=E4Dc0ltgf3I",,,,,,,2025-06-23T23:09:25.202Z,2025-06-23T23:09:25.202Z
2575,,"Irish Potato Famine - The Young and the Old - Part 5 - Extra History","https://www.youtube.com/watch?v=iLlNAwyUFBs",,,,,,,2025-06-23T23:09:25.207Z,2025-06-23T23:09:25.207Z
2576,,"Is the Game Broken? - Designer's Intent and the Triple Power Rule - Extra Politics - #7","https://www.youtube.com/watch?v=ryMICt4eppA",,,,,,,2025-06-23T23:09:25.215Z,2025-06-23T23:09:25.215Z
2577,,"Isaac Asimov - Foundation & Empire - Extra Sci Fi - Part 3","https://www.youtube.com/watch?v=8OFg-lFmGJg",,,,,,,2025-06-23T23:09:25.220Z,2025-06-23T23:09:25.220Z
2578,,"Isaac Asimov - Laws of Robotics - Extra Sci Fi - Part 2","https://www.youtube.com/watch?v=3teiT--QGzo",,,,,,,2025-06-23T23:09:25.224Z,2025-06-23T23:09:25.224Z
2579,,"Isaac Asimov - Master of Science - Extra Sci Fi - Part 1","https://www.youtube.com/watch?v=RGdcmupG7aA",,,,,,,2025-06-23T23:09:25.229Z,2025-06-23T23:09:25.229Z
2580,,"Izanami and Izanagi - Underworld Blues - Japanese - Extra Mythology","https://www.youtube.com/watch?v=BGPo-TvgiGc",,,,,,,2025-06-23T23:09:25.233Z,2025-06-23T23:09:25.233Z
2581,,"J.G. Ballard - The Drown Worlds - Extra Sci Fi","https://www.youtube.com/watch?v=z154OJCyIKs",,,,,,,2025-06-23T23:09:25.238Z,2025-06-23T23:09:25.238Z
2582,,"Jane Austen - Sarcasm and Subversion - Extra History","https://www.youtube.com/watch?v=KwD-1rW254g",,,,,,,2025-06-23T23:09:25.243Z,2025-06-23T23:09:25.243Z
2583,,"Japan's Oni. Demonic, Cannibalistic, and a Totally Great Hosts? - Extra Mythology","https://www.youtube.com/watch?v=GHJswuzP4ok",,,,,,,2025-06-23T23:09:25.247Z,2025-06-23T23:09:25.247Z
2584,,"Japanese Militarism - Blood on the Railway - Extra History - Part 3","https://www.youtube.com/watch?v=39VVdj1t76Y",,,,,,,2025-06-23T23:09:25.252Z,2025-06-23T23:09:25.252Z
2585,,"Japanese Militarism - Drawing the Knife - Extra History - Part 1","https://www.youtube.com/watch?v=JEG09-Aynco",,,,,,,2025-06-23T23:09:25.256Z,2025-06-23T23:09:25.256Z
2586,,"Japanese Militarism - Government by Assassination - Extra History - Part 4","https://www.youtube.com/watch?v=gKXRPjYcNuU",,,,,,,2025-06-23T23:09:25.261Z,2025-06-23T23:09:25.261Z
2587,,"Japanese Militarism - LIES - Extra History","https://www.youtube.com/watch?v=m_MmSc1H2m0",,,,,,,2025-06-23T23:09:25.266Z,2025-06-23T23:09:25.266Z
2588,,"Japanese Militarism - Marco... Polo... - Extra History - Part 5","https://www.youtube.com/watch?v=_JC_fFkj5g4",,,,,,,2025-06-23T23:09:25.270Z,2025-06-23T23:09:25.270Z
2589,,"Japanese Militarism - Taisho Democracy - Extra History - Part 2","https://www.youtube.com/watch?v=DcuvpihOmrQ",,,,,,,2025-06-23T23:09:25.275Z,2025-06-23T23:09:25.275Z
2590,,"Jewish Pirates - BarbarossaΓÇÖs Sidekick - European History - Part 2 - Extra History","https://www.youtube.com/watch?v=T_zCkAzeazI",,,,,,,2025-06-23T23:09:25.279Z,2025-06-23T23:09:25.279Z
2591,,"Jewish Pirates - Fleeing the Inquisition - European History - Part 1 - Extra History","https://www.youtube.com/watch?v=ZDvmzPlmra8",,,,,,,2025-06-23T23:09:25.284Z,2025-06-23T23:09:25.284Z
2592,,"Jewish Pirates - Lies - European History - Extra History","https://www.youtube.com/watch?v=WTiFs1EXBhk",,,,,,,2025-06-23T23:09:25.289Z,2025-06-23T23:09:25.289Z
2593,,"Jewish Pirates - The Pirate Rabbi - European History - Part 3 - Extra History","https://www.youtube.com/watch?v=m21_Ul22jSw",,,,,,,2025-06-23T23:09:25.294Z,2025-06-23T23:09:25.294Z
2594,,"Jewish Pirates - Treasure for Days! & The New World - European History - Part 4 - Extra History","https://www.youtube.com/watch?v=PPF2HgFpjZU",,,,,,,2025-06-23T23:09:25.298Z,2025-06-23T23:09:25.298Z
2595,,"Jim Thorpe: The 20th Century's Greatest Athlete - US History - Extra History","https://www.youtube.com/watch?v=S2oaN0FEwN8",,,,,,,2025-06-23T23:09:25.303Z,2025-06-23T23:09:25.303Z
2596,,"Jinn, Friend or Foe of the Eastern World? - Arabia - Extra Mythology","https://www.youtube.com/watch?v=gRTHs5DwR6w",,,,,,,2025-06-23T23:09:25.307Z,2025-06-23T23:09:25.307Z
2597,,"Joan of Arc - Angels and Demons - Part 2 - Extra History","https://www.youtube.com/watch?v=ZphBpO5qUkg",,,,,,,2025-06-23T23:09:25.314Z,2025-06-23T23:09:25.314Z
2598,,"Joan of Arc - Heroine or Heretic? - Part 5 - Extra History","https://www.youtube.com/watch?v=C12SCeVmGAw",,,,,,,2025-06-23T23:09:25.318Z,2025-06-23T23:09:25.318Z
2599,,"Joan of Arc - Lies - Extra History","https://www.youtube.com/watch?v=Brnoj4CCGG0",,,,,,,2025-06-23T23:09:25.323Z,2025-06-23T23:09:25.323Z
2600,,"Joan of Arc - The Mad King - Part 1 - Extra History","https://www.youtube.com/watch?v=4XFVzpJxgUk",,,,,,,2025-06-23T23:09:25.327Z,2025-06-23T23:09:25.327Z
2601,,"Joan of Arc - The Maid of Orleans - Part 3 - Extra History","https://www.youtube.com/watch?v=WQZimRmHEuw",,,,,,,2025-06-23T23:09:25.332Z,2025-06-23T23:09:25.332Z
2602,,"Joan of Arc - Thy Kingdom Come - Part 4 - Extra History","https://www.youtube.com/watch?v=JuuYBVsg_Hg",,,,,,,2025-06-23T23:09:25.336Z,2025-06-23T23:09:25.336Z
2603,,"Joan of Arc | Extra History Complete | European History","https://www.youtube.com/watch?v=OvE23dL0rkU",,,,,,,2025-06-23T23:09:25.341Z,2025-06-23T23:09:25.341Z
2604,,"John Brown - LIES - US History - Extra History","https://www.youtube.com/watch?v=4gc_m1IM7dI",,,,,,,2025-06-23T23:09:25.345Z,2025-06-23T23:09:25.345Z
2605,,"John Henry - Spirit of the Working Man - American - Extra Mythology","https://www.youtube.com/watch?v=BqUhOFQ-Nhs",,,,,,,2025-06-23T23:09:25.352Z,2025-06-23T23:09:25.352Z
2606,,"John L. Sullivan: Boston's Knockout King - US History - Extra History","https://www.youtube.com/watch?v=nI9yIGN2C7E",,,,,,,2025-06-23T23:09:25.356Z,2025-06-23T23:09:25.356Z
2607,,"John W. Campbell Reshapes Sci-Fi - Pulp! Astounding Stories - Extra Sci Fi","https://www.youtube.com/watch?v=Ctpvd2VvukQ",,,,,,,2025-06-23T23:09:25.362Z,2025-06-23T23:09:25.362Z
2608,,"Julie d'Aubigny - Duelist, Singer, Radical - Extra History","https://www.youtube.com/watch?v=6QaBYLAOaSY",,,,,,,2025-06-23T23:09:25.366Z,2025-06-23T23:09:25.366Z
2609,,"Justinian & Theodora - Bad Faith - Extra History - Part 8","https://www.youtube.com/watch?v=EO9DuuhNEoE",,,,,,,2025-06-23T23:09:25.371Z,2025-06-23T23:09:25.371Z
2610,,"Justinian & Theodora - Justinian's Rival - Extra History - Part 9","https://www.youtube.com/watch?v=aN1imOXR4b4&t=11s",,,,,,,2025-06-23T23:09:25.375Z,2025-06-23T23:09:25.375Z
2611,,"Justinian & Theodora - Lies 2 - Extra History","https://www.youtube.com/watch?v=wNs4Lklnky4",,,,,,,2025-06-23T23:09:25.380Z,2025-06-23T23:09:25.380Z
2612,,"Justinian & Theodora - The Cracks Begin to Spread - Extra History - Part 7","https://www.youtube.com/watch?v=oUtEJtBeCaQ",,,,,,,2025-06-23T23:09:25.384Z,2025-06-23T23:09:25.384Z
2613,,"Justinian & Theodora - The Emperor Who Never Sleeps - Extra History - Part 11","https://www.youtube.com/watch?v=I6vn6uRlPL8",,,,,,,2025-06-23T23:09:25.389Z,2025-06-23T23:09:25.389Z
2614,,"Justinian - Caesar I was, and am Justinian - Extra History - Part 12","https://www.youtube.com/watch?v=6oHr-zd6Bew",,,,,,,2025-06-23T23:09:25.394Z,2025-06-23T23:09:25.394Z
2615,,"Kamehameha the Great - Law of the Splintered Paddle - Extra History - Part 2","https://www.youtube.com/watch?v=lY8c8jDPSgE",,,,,,,2025-06-23T23:09:25.398Z,2025-06-23T23:09:25.398Z
2616,,"Kamehameha the Great - The Lonely One - Extra History - Part 1","https://www.youtube.com/watch?v=yIfgic6W09Y",,,,,,,2025-06-23T23:09:25.403Z,2025-06-23T23:09:25.403Z
2617,,"Kammapa - The World Eater - African - Extra Mythology","https://www.youtube.com/watch?v=8bDl9vl2YGs",,,,,,,2025-06-23T23:09:25.408Z,2025-06-23T23:09:25.408Z
2618,,"Khosrau Anushirawan - Lies - Extra History","https://www.youtube.com/watch?v=U66AB7hsqt8",,,,,,,2025-06-23T23:09:25.412Z,2025-06-23T23:09:25.412Z
2619,,"Khosrau Anushirawan - Like Father, Like Son - Extra History - Part 1","https://www.youtube.com/watch?v=bJL2Vnc5vLo",,,,,,,2025-06-23T23:09:25.417Z,2025-06-23T23:09:25.417Z
2620,,"Khosrau Anushirawan - On Top of the World - Extra History - Part 5","https://www.youtube.com/watch?v=Epuxm-GtT1g",,,,,,,2025-06-23T23:09:25.422Z,2025-06-23T23:09:25.422Z
2621,,"Khosrau Anushirawan - Prince of Persia - Extra History - Part 2","https://www.youtube.com/watch?v=GMVZSxkgcGk",,,,,,,2025-06-23T23:09:25.426Z,2025-06-23T23:09:25.426Z
2622,,"Khosrau Anushirawan - The Immortal Soul - Extra History - Part 3","https://www.youtube.com/watch?v=bmqLo75E86M",,,,,,,2025-06-23T23:09:25.431Z,2025-06-23T23:09:25.431Z
2623,,"Khosrau Anushirawan - Trolling Justinian - Extra History - Part 4","https://www.youtube.com/watch?v=z08uc0PolYc",,,,,,,2025-06-23T23:09:25.435Z,2025-06-23T23:09:25.435Z
2624,,"King Arthur vs. Excalibur - European Arthurian Legend - Extra Mythology","https://www.youtube.com/watch?v=fQjzKOJjkxg",,,,,,,2025-06-23T23:09:25.439Z,2025-06-23T23:09:25.439Z
2625,,"Kingdom of Majapahit - An Empire of Water - Part 1 - Extra History","https://www.youtube.com/watch?v=n4zGw2OewIk",,,,,,,2025-06-23T23:09:25.444Z,2025-06-23T23:09:25.444Z
2626,,"Kingdom of Majapahit - Changing Winds - Part 5 - Extra History","https://www.youtube.com/watch?v=1gGoSOpf34E",,,,,,,2025-06-23T23:09:25.449Z,2025-06-23T23:09:25.449Z
2627,,"Kingdom of Majapahit - Lies - Extra History","https://www.youtube.com/watch?v=v826Hrhupww",,,,,,,2025-06-23T23:09:25.453Z,2025-06-23T23:09:25.453Z
2628,,"Kingdom of Majapahit - Master of Intrigue - Part 3 - Extra History","https://www.youtube.com/watch?v=WOw9feCjpME",,,,,,,2025-06-23T23:09:25.458Z,2025-06-23T23:09:25.458Z
2629,,"Kingdom of Majapahit - The Golden Reign - Part 4 - Extra History","https://www.youtube.com/watch?v=k_7lo61DkBM",,,,,,,2025-06-23T23:09:25.463Z,2025-06-23T23:09:25.463Z
2630,,"Kingdom of Majapahit - Wrath of the Khan - Part 2 - Extra History","https://www.youtube.com/watch?v=bZKHATDgPO0",,,,,,,2025-06-23T23:09:25.467Z,2025-06-23T23:09:25.467Z
2631,,"Kings of Solomon - The Battle of Adwa - Ethiopian Empire - Part 6 - Extra History","https://www.youtube.com/watch?v=HI5A_2DKm_0",,,,,,,2025-06-23T23:09:25.472Z,2025-06-23T23:09:25.472Z
2632,,"Kings Of Solomon Ethiopia Empire - LIES - Extra History","https://www.youtube.com/watch?v=2zvWcJvra_g",,,,,,,2025-06-23T23:09:25.476Z,2025-06-23T23:09:25.476Z
2633,,"Kings of Solomon: Church and State - Ethiopian Empire - Part 3 - Extra History","https://www.youtube.com/watch?v=GdS10vtF2Q8",,,,,,,2025-06-23T23:09:25.481Z,2025-06-23T23:09:25.481Z
2634,,"Kings of Solomon: New Jerusalem - Ethiopian Empire - Part 2 - Extra History","https://www.youtube.com/watch?v=9lQJxcYL6Hk",,,,,,,2025-06-23T23:09:25.485Z,2025-06-23T23:09:25.485Z
2635,,"Kings of Solomon: Not Prester John - Ethiopian Empire - Part 1 - Extra History","https://www.youtube.com/watch?v=ZtbLrCrm56Y",,,,,,,2025-06-23T23:09:25.490Z,2025-06-23T23:09:25.490Z
2636,,"Kings of Solomon: The Barefoot Emperor - Ethiopian Empire - Part 5 - Extra History","https://www.youtube.com/watch?v=ZJerzcod8yw",,,,,,,2025-06-23T23:09:25.495Z,2025-06-23T23:09:25.495Z
2637,,"Kings of Solomon: Time of Judges - Ethiopian Empire - Part 4 - Extra History","https://www.youtube.com/watch?v=oAsURqXz5EM",,,,,,,2025-06-23T23:09:25.500Z,2025-06-23T23:09:25.500Z
2638,,"Knights of the Golden Circle | Secret Societies 3 | American History | Extra History","https://www.youtube.com/watch?v=PCqjbbJvAa4",,,,,,,2025-06-23T23:09:25.504Z,2025-06-23T23:09:25.504Z
2639,,"Korea: Admiral Yi - Be Like a Mountain - Extra History - Part 2","https://www.youtube.com/watch?v=hKBOoPfMvLc",,,,,,,2025-06-23T23:09:25.509Z,2025-06-23T23:09:25.509Z
2640,,"Korea: Admiral Yi - Keep Beating the Drum - Extra History - Part 1","https://www.youtube.com/watch?v=3ieaDfD_h6s",,,,,,,2025-06-23T23:09:25.513Z,2025-06-23T23:09:25.513Z
2641,,"Korea: Admiral Yi - Lies - Extra History","https://www.youtube.com/watch?v=C3yCzHIbkgA",,,,,,,2025-06-23T23:09:25.518Z,2025-06-23T23:09:25.518Z
2642,,"Korea: Admiral Yi - Martial Lord of Loyalty - Extra History - Part 5","https://www.youtube.com/watch?v=39Gsx6PaxiY",,,,,,,2025-06-23T23:09:25.523Z,2025-06-23T23:09:25.523Z
2643,,"Korea: Admiral Yi - The Bright Moonlight of Hansando - Extra History - Part 3","https://www.youtube.com/watch?v=p97Xa6aB2jA",,,,,,,2025-06-23T23:09:25.528Z,2025-06-23T23:09:25.528Z
2644,,"Korea: Admiral Yi - Those Who Seek Death Shall Live - Extra History - Part 4","https://www.youtube.com/watch?v=QTan6eDphCk",,,,,,,2025-06-23T23:09:25.533Z,2025-06-23T23:09:25.533Z
2645,,"Krampus - Christmas Demon - European Legend - Extra Mythology","https://www.youtube.com/watch?v=12_Z93KZnfA",,,,,,,2025-06-23T23:09:25.537Z,2025-06-23T23:09:25.537Z
2646,,"Kuchisake-Onna: Do you think I'm Pretty? - Japanese Myth - Extra Mythology","https://www.youtube.com/watch?v=49YQHuSp8QQ",,,,,,,2025-06-23T23:09:25.542Z,2025-06-23T23:09:25.542Z
2647,,"La Llorona - The Weeping Woman - Mexican - Extra Mythology","https://www.youtube.com/watch?v=NO088uuGJYM",,,,,,,2025-06-23T23:09:25.546Z,2025-06-23T23:09:25.546Z
2648,,"Learn to Play D&D - Dragons of Stormwreck Isle - Part 1 - Actual Play - Extra Credits Plays","https://www.youtube.com/watch?v=c09e3cnSwLQ",,,,,,,2025-06-23T23:09:25.551Z,2025-06-23T23:09:25.551Z
2649,,"Learn to Play D&D - Dragons of Stormwreck Isle - Part 2 - Actual Play - Extra Credits Plays","https://www.youtube.com/watch?v=5EQv6_B8lT8",,,,,,,2025-06-23T23:09:25.555Z,2025-06-23T23:09:25.555Z
2650,,"Lindisfarne  - An Age Borne in Fire - Extra History","https://www.youtube.com/watch?v=qc_wCJd9DKw",,,,,,,2025-06-23T23:09:25.560Z,2025-06-23T23:09:25.560Z
2651,,"Little Ice Age: The Witch Hunts - World History - Part 3 - Extra History","https://www.youtube.com/watch?v=lTgAIxA1f8w",,,,,,,2025-06-23T23:09:25.564Z,2025-06-23T23:09:25.564Z
2652,,"Little Ice Age: The Year Without a Summer - World History - Part 4 - Extra History","https://www.youtube.com/watch?v=jp9QwfW-nDQ",,,,,,,2025-06-23T23:09:25.569Z,2025-06-23T23:09:25.569Z
2653,,"Little Women - Louisa May Alcott - So You Haven't Read","https://www.youtube.com/watch?v=_yhm97aMxt4",,,,,,,2025-06-23T23:09:25.575Z,2025-06-23T23:09:25.575Z
2654,,"Loki - Death of the Party - Norse - Extra Mythology","https://www.youtube.com/watch?v=KOA35ExswJA",,,,,,,2025-06-23T23:09:25.580Z,2025-06-23T23:09:25.580Z
2655,,"Long Way Down - Jason Reynolds - So You Haven't Read","https://www.youtube.com/watch?v=1ShNefClAOs",,,,,,,2025-06-23T23:09:25.584Z,2025-06-23T23:09:25.584Z
2656,,"Lord Dunsany - The History of Sci Fi - Extra Sci Fi - Part 6","https://www.youtube.com/watch?v=WumW5gIw9xs",,,,,,,2025-06-23T23:09:25.592Z,2025-06-23T23:09:25.592Z
2657,,"Lord of the Flies - William Golding - So You Haven't Read","https://www.youtube.com/watch?v=rfLX0HZY5OE",,,,,,,2025-06-23T23:09:25.596Z,2025-06-23T23:09:25.596Z
2658,,"Lord of the Rings - The Return of the King - Extra Sci Fi - Part 3","https://www.youtube.com/watch?v=2t1Y2vIXW_o",,,,,,,2025-06-23T23:09:25.601Z,2025-06-23T23:09:25.601Z
2659,,"Lord of the Rings - The Two Towers - Extra Sci Fi - Part 2","https://www.youtube.com/watch?v=itYfBiB3bmM",,,,,,,2025-06-23T23:09:25.606Z,2025-06-23T23:09:25.606Z
2660,,"Lord of the Rings: The Fellowship of the Ring - Extra Sci Fi - Part 1","https://www.youtube.com/watch?v=yroB91bcr-4",,,,,,,2025-06-23T23:09:25.610Z,2025-06-23T23:09:25.610Z
2661,,"Lovecraft & Howard - Pulp! Weird Tales - Extra Sci Fi","https://www.youtube.com/watch?v=8dnrcVZIK7M",,,,,,,2025-06-23T23:09:25.615Z,2025-06-23T23:09:25.615Z
2662,,"Luckslinger - Do You Feel Lucky, Punk? - James Recommends","https://www.youtube.com/watch?v=dyef4SLZvho",,,,,,,2025-06-23T23:09:25.620Z,2025-06-23T23:09:25.620Z
2663,,"Macbeth - William Shakespeare - So You Haven't Read","https://www.youtube.com/watch?v=jg6cSJS0NaI",,,,,,,2025-06-23T23:09:25.624Z,2025-06-23T23:09:25.624Z
2664,,"Marcus Garvey - Black Moses - US History - Extra History","https://www.youtube.com/watch?v=GsJl0ScUWmI",,,,,,,2025-06-23T23:09:25.629Z,2025-06-23T23:09:25.629Z
2665,,"Mary Anning - Princess of Paleontology - Extra History","https://www.youtube.com/watch?v=a-CW0B4YeBQ",,,,,,,2025-06-23T23:09:25.634Z,2025-06-23T23:09:25.634Z
2666,,"Mary Seacole - A Bold Front to Fortune - Extra History - Part 1","https://www.youtube.com/watch?v=xT9BTuBtCJs",,,,,,,2025-06-23T23:09:25.638Z,2025-06-23T23:09:25.638Z
2667,,"Mary Seacole - Mother Seacole in the Crimea - Extra History - Part 2","https://www.youtube.com/watch?v=eADLWvWqK5Q",,,,,,,2025-06-23T23:09:25.644Z,2025-06-23T23:09:25.644Z
2668,,"Mary Toft: The Woman Who Gave Birth to Rabbits - European History - Extra History","https://www.youtube.com/watch?v=lXSfufPrWiU",,,,,,,2025-06-23T23:09:25.649Z,2025-06-23T23:09:25.649Z
2669,,"Maya Angelou - Voice of the Voiceless - US History - Extra History","https://www.youtube.com/watch?v=j0hVDHpYeqg",,,,,,,2025-06-23T23:09:25.653Z,2025-06-23T23:09:25.653Z
2670,,"Medusa - Monstrous Misconceptions - Greek - Extra Mythology","https://www.youtube.com/watch?v=nrmjcQuG-Gg",,,,,,,2025-06-23T23:09:25.658Z,2025-06-23T23:09:25.658Z
2671,,"Melusine - The Serpent of Woe - European - Extra Mythology","https://www.youtube.com/watch?v=jbwTxZpBiKs",,,,,,,2025-06-23T23:09:25.662Z,2025-06-23T23:09:25.662Z
2672,,"Middle East: Odenathus - Ghosts of the Desert - Extra History","https://www.youtube.com/watch?v=0Pf6PMSB8uo",,,,,,,2025-06-23T23:09:25.667Z,2025-06-23T23:09:25.667Z
2673,,"Middle East: Palmyra Today - Afterword - Extra History","https://www.youtube.com/watch?v=v-GgknZYu3s",,,,,,,2025-06-23T23:09:25.672Z,2025-06-23T23:09:25.672Z
2674,,"Moon Princess Kaguya - Bamboo & Heart Break - Japanese Mythology - Extra Mythology","https://www.youtube.com/watch?v=gFRKC4linP4",,,,,,,2025-06-23T23:09:25.676Z,2025-06-23T23:09:25.676Z
2675,,"Mother of Empires - Eleanor of Aquitaine - European History - Part 4 - Extra History","https://www.youtube.com/watch?v=NSSh1AfFrwA",,,,,,,2025-06-23T23:09:25.681Z,2025-06-23T23:09:25.681Z
2676,,"Mulan - The Girl Who Didn't Have to Change to Become a Hero - Chinese History - Extra Mythology","https://www.youtube.com/watch?v=ERTZv2MIACI",,,,,,,2025-06-23T23:09:25.687Z,2025-06-23T23:09:25.687Z
2677,,"Murder on the Orient Express - Agatha Christie - So You Haven't Read","https://www.youtube.com/watch?v=0JmgZaSQoYM",,,,,,,2025-06-23T23:09:25.693Z,2025-06-23T23:09:25.693Z
2678,,"Mystery of the Panay - The Path to Pearl Harbor - WWII - Part 2  - Extra History","https://www.youtube.com/watch?v=9lZDfVMOyK0",,,,,,,2025-06-23T23:09:25.698Z,2025-06-23T23:09:25.698Z
2679,,"Mythology Matters - Anansi Stories","https://www.youtube.com/watch?v=kIivnvJZ82U",,,,,,,2025-06-23T23:09:25.702Z,2025-06-23T23:09:25.702Z
2680,,"Mythology Matters - Australian Aboriginal Myths - Extra Mythology","https://www.youtube.com/watch?v=NuQLgmQ3zM8",,,,,,,2025-06-23T23:09:25.707Z,2025-06-23T23:09:25.707Z
2681,,"Mythology Matters - Aztec Myths - Extra Mythology","https://www.youtube.com/watch?v=wRTFh14BIak",,,,,,,2025-06-23T23:09:25.712Z,2025-06-23T23:09:25.712Z
2682,,"Mythology Matters - Extra Mythology","https://www.youtube.com/watch?v=qMmVdTRb3jY",,,,,,,2025-06-23T23:09:25.717Z,2025-06-23T23:09:25.717Z
2683,,"Mythology Matters - Japanese Myths - Extra Mythology","https://www.youtube.com/watch?v=TCEbfU9AA_Q",,,,,,,2025-06-23T23:09:25.723Z,2025-06-23T23:09:25.723Z
2684,,"Mythology Matters - Persian Myths - Extra Mythology","https://www.youtube.com/watch?v=Q5G2gCWmVfg",,,,,,,2025-06-23T23:09:25.728Z,2025-06-23T23:09:25.728Z
2685,,"Mythology Matters - Samson and Delilah - Extra Mythology","https://www.youtube.com/watch?v=rbl6y20zQTI",,,,,,,2025-06-23T23:09:25.732Z,2025-06-23T23:09:25.732Z
2686,,"Mythology of The Witcher - The Wild Hunt - European - Extra Mythology","https://www.youtube.com/watch?v=eRdbUdg6kms",,,,,,,2025-06-23T23:09:25.737Z,2025-06-23T23:09:25.737Z
2687,,"M─üui - The Sun, Fire, and Fishing for Islands - Hawaii - Extra Mythology","https://www.youtube.com/watch?v=SvzUnhbwfnU",,,,,,,2025-06-23T23:09:25.742Z,2025-06-23T23:09:25.742Z
2688,,"Napoleon in Egypt - LIES - Extra History","https://www.youtube.com/watch?v=T6Jo2pQ_eKg",,,,,,,2025-06-23T23:09:25.747Z,2025-06-23T23:09:25.747Z
2689,,"Nart & Russian Myths - Mythology Matters - Extra Mythology","https://www.youtube.com/watch?v=lsqqtP8o_vg",,,,,,,2025-06-23T23:09:25.751Z,2025-06-23T23:09:25.751Z
2690,,"Native American Myth - Nlaka'pamux: The Adventures of Coyote - Extra Mythology","https://www.youtube.com/watch?v=sRlZUvtBBww",,,,,,,2025-06-23T23:09:25.756Z,2025-06-23T23:09:25.756Z
2691,,"Nazi Occultism 1: The Thule Society | European History | Extra History","https://www.youtube.com/watch?v=TokYUITs6zs",,,,,,,2025-06-23T23:09:25.761Z,2025-06-23T23:09:25.761Z
2692,,"Nazi Occultism 2: Weird Science | European History | Extra History","https://www.youtube.com/watch?v=6MEzUovLTMs",,,,,,,2025-06-23T23:09:25.766Z,2025-06-23T23:09:25.766Z
2693,,"Nazi Occultism 3: Hitler vs Magic | European History | Extra History","https://www.youtube.com/watch?v=06fXIstwddk",,,,,,,2025-06-23T23:09:25.770Z,2025-06-23T23:09:25.770Z
2694,,"Nazi Occultism 4: The Indiana Jones Stuff | European History | Extra History","https://www.youtube.com/watch?v=Tg8CpKzcFm8",,,,,,,2025-06-23T23:09:25.775Z,2025-06-23T23:09:25.775Z
2695,,"Nazi Occultism 5: Thor's Hammer | European History | Extra History","https://www.youtube.com/watch?v=1H-z5Dhy5c8",,,,,,,2025-06-23T23:09:25.780Z,2025-06-23T23:09:25.780Z
2696,,"Nazi Occultism | LIES | Extra History","https://www.youtube.com/watch?v=xRwnSoaNmjA",,,,,,,2025-06-23T23:09:25.784Z,2025-06-23T23:09:25.784Z
2697,,"Ned Kelly - Becoming a Bushranger - Extra History - Part 1","https://www.youtube.com/watch?v=a1WmidFwFzY",,,,,,,2025-06-23T23:09:25.789Z,2025-06-23T23:09:25.789Z
2698,,"Ned Kelly - Kelly Country - Extra History - Part 4","https://www.youtube.com/watch?v=S1qffXgDqNM",,,,,,,2025-06-23T23:09:25.794Z,2025-06-23T23:09:25.794Z
2699,,"Ned Kelly - Lies - Extra History","https://www.youtube.com/watch?v=arON4ofhKd8",,,,,,,2025-06-23T23:09:25.802Z,2025-06-23T23:09:25.802Z
2700,,"Ned Kelly - Shoot Out at Stringybark Creek - Extra History - Part 3","https://www.youtube.com/watch?v=sZ2b9ys7ALI",,,,,,,2025-06-23T23:09:25.807Z,2025-06-23T23:09:25.807Z
2701,,"Ned Kelly - The Iron Outlaw - Extra History - Part 5","https://www.youtube.com/watch?v=fBc0BnIHFbE",,,,,,,2025-06-23T23:09:25.811Z,2025-06-23T23:09:25.811Z
2702,,"Ned Kelly - Under Suspicion - Extra History - Part 2","https://www.youtube.com/watch?v=jry47Hf1y80",,,,,,,2025-06-23T23:09:25.816Z,2025-06-23T23:09:25.816Z
2703,,"Negro League Baseball - Breaking Baseball's Color Barrier - US History - Extra History","https://www.youtube.com/watch?v=XDP71SpV_i4",,,,,,,2025-06-23T23:09:25.821Z,2025-06-23T23:09:25.821Z
2704,,"New England Vampire Panic  - US History - Extra History","https://www.youtube.com/watch?v=hIP_joTOyek",,,,,,,2025-06-23T23:09:25.826Z,2025-06-23T23:09:25.826Z
2705,,"New on Extra Play: Dark Souls II - Side Quest Returns!","https://www.youtube.com/watch?v=ed0qi3qH5iQ",,,,,,,2025-06-23T23:09:25.830Z,2025-06-23T23:09:25.830Z
2706,,"New on Extra Play: Tea & Hearthstone - Old Gods Expansion Analysis with James!","https://www.youtube.com/watch?v=Cz2x-9b7yYo",,,,,,,2025-06-23T23:09:25.835Z,2025-06-23T23:09:25.835Z
2707,,"New Patreon Tiers! - Extra Credits Update","https://www.youtube.com/watch?v=2_9mQOyfE5o&t=117s",,,,,,,2025-06-23T23:09:25.839Z,2025-06-23T23:09:25.839Z
2708,,"New Series Announcement!!! - So You Haven't Read - Extra Literature","https://www.youtube.com/watch?v=Kr3nLVEqDH8",,,,,,,2025-06-23T23:09:25.844Z,2025-06-23T23:09:25.844Z
2709,,"October Update! (Happy Halloween!)","https://www.youtube.com/watch?v=-mTsNWDuZmA",,,,,,,2025-06-23T23:09:25.849Z,2025-06-23T23:09:25.849Z
2710,,"Oedipus the King - Sophocles - So You Haven't Read","https://www.youtube.com/watch?v=6eetzJXoAKk",,,,,,,2025-06-23T23:09:25.854Z,2025-06-23T23:09:25.854Z
2711,,"On World War II and Nazi Symbolism: A Note from Extra History","https://www.youtube.com/watch?v=LSjFUOA2oZM&t=55s",,,,,,,2025-06-23T23:09:25.858Z,2025-06-23T23:09:25.858Z
2712,,"Order of Battle: Pacific - Can a Game Recreate Pearl Harbor? - James Recommends","https://www.youtube.com/watch?v=n4_eoQeLYlI",,,,,,,2025-06-23T23:09:25.869Z,2025-06-23T23:09:25.869Z
2713,,"Orpheus ""...Goes to ""Hell"""" - Greek - Extra Mythology","https://www.youtube.com/watch?v=WxHuUO2LWu4",,,,,,,2025-06-23T23:09:25.874Z,2025-06-23T23:09:25.874Z
2714,,"Osiris: Two Deaths of a God - Ancient Egypt -  Extra Mythology","https://www.youtube.com/watch?v=af89mkckiPE",,,,,,,2025-06-23T23:09:25.879Z,2025-06-23T23:09:25.879Z
2715,,"Othello - William Shakespeare - So You Haven't Read","https://www.youtube.com/watch?v=rGxA51H6EpU",,,,,,,2025-06-23T23:09:25.884Z,2025-06-23T23:09:25.884Z
2716,,"Otto von Bismarck - A Man of Great Ideas - Extra History - Part 2","https://www.youtube.com/watch?v=LsxmsHBRl1M",,,,,,,2025-06-23T23:09:25.889Z,2025-06-23T23:09:25.889Z
2717,,"Otto von Bismarck - Germany! - Extra History - Part 6","https://www.youtube.com/watch?v=G9bqCd7sRg0",,,,,,,2025-06-23T23:09:25.893Z,2025-06-23T23:09:25.893Z
2718,,"Otto von Bismarck - Iron and Blood - Extra History - Part 3","https://www.youtube.com/watch?v=KnJDZpi3EBI",,,,,,,2025-06-23T23:09:25.899Z,2025-06-23T23:09:25.899Z
2719,,"Otto von Bismarck - Lies - Extra History","https://www.youtube.com/watch?v=nkc87DmiDwI",,,,,,,2025-06-23T23:09:25.904Z,2025-06-23T23:09:25.904Z
2720,,"Otto von Bismarck - Prussia Ascendant - Extra History - Part 5","https://www.youtube.com/watch?v=jCFt0CQ8aEk",,,,,,,2025-06-23T23:09:25.909Z,2025-06-23T23:09:25.909Z
2721,,"Otto von Bismarck - The Iron Chancellor - Extra History - Part 4","https://www.youtube.com/watch?v=bKnIfv7wKk0",,,,,,,2025-06-23T23:09:25.913Z,2025-06-23T23:09:25.913Z
2722,,"Otto von Bismarck - The Wildman Bismarck - Extra History - Part 1","https://www.youtube.com/watch?v=zc3Y-dU_GjM",,,,,,,2025-06-23T23:09:25.918Z,2025-06-23T23:09:25.918Z
2723,,"Pacific Empires: Japan vs. USA - The Path to Pearl Harbor - WWII - Part 1  - Extra History","https://www.youtube.com/watch?v=CxeiSM1edHE",,,,,,,2025-06-23T23:09:25.923Z,2025-06-23T23:09:25.923Z
2724,,"Pellagra - A Medical Mystery - Extra History","https://www.youtube.com/watch?v=reYKBgdrZsM",,,,,,,2025-06-23T23:09:25.929Z,2025-06-23T23:09:25.929Z
2725,,"Persephone & Hades - A Match Made in Hell - Greek - Extra Mythology","https://www.youtube.com/watch?v=sf2zHmMqT7M",,,,,,,2025-06-23T23:09:25.934Z,2025-06-23T23:09:25.934Z
2726,,"Persepolis - Marjane Satrapi - So You Haven't Read","https://www.youtube.com/watch?v=PrEL9ehTWk0",,,,,,,2025-06-23T23:09:25.938Z,2025-06-23T23:09:25.938Z
2727,,"Perseus - Medusa - Greek - Extra Mythology","https://www.youtube.com/watch?v=Benf85fIWfg",,,,,,,2025-06-23T23:09:25.943Z,2025-06-23T23:09:25.943Z
2728,,"Perseus - Plans of Bismarckian Proportion - Greek - Extra Mythology","https://www.youtube.com/watch?v=YAhtYq62WOc",,,,,,,2025-06-23T23:09:25.948Z,2025-06-23T23:09:25.948Z
2729,,"Philip K. Dick - New Wave's Depressed Uncle - Extra Sci Fi","https://www.youtube.com/watch?v=dd-min1iAms",,,,,,,2025-06-23T23:09:25.953Z,2025-06-23T23:09:25.953Z
2730,,"Pigs: History's Greatest Villains? - World History - Extra History","https://www.youtube.com/watch?v=0_S0dlpMsBQ",,,,,,,2025-06-23T23:09:25.958Z,2025-06-23T23:09:25.958Z
2731,,"Player Piano - Dystopias and Apocalypses - Extra Sci Fi","https://www.youtube.com/watch?v=MS7-ybkZgIw",,,,,,,2025-06-23T23:09:25.962Z,2025-06-23T23:09:25.962Z
2732,,"Policing London - His Majesty King Mob - Extra History - Part 4","https://www.youtube.com/watch?v=3Y3H42_8LZU",,,,,,,2025-06-23T23:09:25.967Z,2025-06-23T23:09:25.967Z
2733,,"Policing London - Lies - Extra History","https://www.youtube.com/watch?v=Z8zj6TQUi5U",,,,,,,2025-06-23T23:09:25.971Z,2025-06-23T23:09:25.971Z
2734,,"Policing London - Scotland Yard at Last - Extra History - Part 5","https://www.youtube.com/watch?v=qprhL2Jh2Ds",,,,,,,2025-06-23T23:09:25.976Z,2025-06-23T23:09:25.976Z
2735,,"Policing London - The Bow Street Runners - Extra History - Part 3","https://www.youtube.com/watch?v=H5l75BSJZo8",,,,,,,2025-06-23T23:09:25.980Z,2025-06-23T23:09:25.980Z
2736,,"Policing London - The Fall of Jonathan Wild - Extra History - Part 2","https://www.youtube.com/watch?v=h9siL4CWTe4",,,,,,,2025-06-23T23:09:25.985Z,2025-06-23T23:09:25.985Z
2737,,"Policing London - The Thief-Taker General - Extra History - Part 1","https://www.youtube.com/watch?v=XvMQY_y4qx8",,,,,,,2025-06-23T23:09:25.989Z,2025-06-23T23:09:25.989Z
2738,,"Polls vs Win Charts - Positional Heuristics - Extra Politics - Part 2","https://www.youtube.com/watch?v=1wZphSHtnAg",,,,,,,2025-06-23T23:09:25.994Z,2025-06-23T23:09:25.994Z
2739,,"Pricolici & Strigoi - A Meet-cute From Hell - European - Extra Mythology","https://www.youtube.com/watch?v=gT4ZkqDY7qg",,,,,,,2025-06-23T23:09:25.998Z,2025-06-23T23:09:25.998Z
2740,,"Pride & Prejudice - Jane Austen - So You Haven't Read","https://www.youtube.com/watch?v=5jSSRnphe24",,,,,,,2025-06-23T23:09:26.002Z,2025-06-23T23:09:26.002Z
2741,,"Prometheus - Origins - Greek - Extra Mythology","https://www.youtube.com/watch?v=duzoedPyySk",,,,,,,2025-06-23T23:09:26.008Z,2025-06-23T23:09:26.008Z
2742,,"Prometheus - The Making of Man - Greek - Extra Mythology","https://www.youtube.com/watch?v=nOewVh0umdM",,,,,,,2025-06-23T23:09:26.012Z,2025-06-23T23:09:26.012Z
2743,,"Pygmalion: Love Can Be Hard - Greek Mythology - Extra Mythology","https://www.youtube.com/watch?v=IqncAvajwSI",,,,,,,2025-06-23T23:09:26.017Z,2025-06-23T23:09:26.017Z
2744,,"Queen Nzinga - Rise of a Legend - Part 1 - Extra History","https://www.youtube.com/watch?v=EBbYxLmCO6c",,,,,,,2025-06-23T23:09:26.022Z,2025-06-23T23:09:26.022Z
2745,,"Queen Nzinga - The Double Queen - Part 2 - Extra History","https://www.youtube.com/watch?v=eCQU5FC7ht0",,,,,,,2025-06-23T23:09:26.027Z,2025-06-23T23:09:26.027Z
2746,,"Qvadriga - Tactical Chariot Racing - James Recommends","https://www.youtube.com/watch?v=x_C1X1kJMWM",,,,,,,2025-06-23T23:09:26.031Z,2025-06-23T23:09:26.031Z
2747,,"Ra Ra Rasputin - April Fools 2020 ;) - Extra History","https://www.youtube.com/watch?v=sjW8cq57Dl8",,,,,,,2025-06-23T23:09:26.036Z,2025-06-23T23:09:26.036Z
2748,,"Ramesses the Great: Reign of the God-King - Egyptian History - Part 2 - Extra History","https://www.youtube.com/watch?v=lA0MXYMXpe8",,,,,,,2025-06-23T23:09:26.041Z,2025-06-23T23:09:26.041Z
2749,,"Ramesses the Great: The Battle of Kadesh - Egyptian History - Part 1 - Extra History","https://www.youtube.com/watch?v=4BFh0kTOjBA",,,,,,,2025-06-23T23:09:26.045Z,2025-06-23T23:09:26.045Z
2750,,"Ray Bradbury - Grandfather of the New Wave - Extra Sci Fi","https://www.youtube.com/watch?v=sjNmGzWFvUw&t=299s",,,,,,,2025-06-23T23:09:26.050Z,2025-06-23T23:09:26.050Z
2751,,"Redlining - Income and Housing Inequality - US History - Extra History","https://www.youtube.com/watch?v=vyiwk3D-3ag",,,,,,,2025-06-23T23:09:26.055Z,2025-06-23T23:09:26.055Z
2752,,"Revenants - Europe's Punchiest Undead - Scottish - Extra Mythology","https://www.youtube.com/watch?v=egJT2bN_uDU",,,,,,,2025-06-23T23:09:26.059Z,2025-06-23T23:09:26.059Z
2753,,"Rise and Fall - The Irish Easter Rising - Part 4 - Extra History","https://www.youtube.com/watch?v=Qzvv9IgNiKM",,,,,,,2025-06-23T23:09:26.064Z,2025-06-23T23:09:26.064Z
2754,,"Robert Heinlein - Highs and Lows - Part 2","https://www.youtube.com/watch?v=p8AyxQ-J1no",,,,,,,2025-06-23T23:09:26.069Z,2025-06-23T23:09:26.069Z
2755,,"Robert Heinlein - Rise - Extra Sci Fi - Part 1","https://www.youtube.com/watch?v=XaWMe5nC9SA",,,,,,,2025-06-23T23:09:26.073Z,2025-06-23T23:09:26.073Z
2756,,"Roger Zelazny - The Chronicles of Amber - Extra Sci Fi","https://www.youtube.com/watch?v=daiOl1ZVbr8",,,,,,,2025-06-23T23:09:26.078Z,2025-06-23T23:09:26.078Z
2757,,"Rome & The Third Century Crisis | Taking A Stab At It | Roman History | Extra History | Part 1","https://www.youtube.com/watch?v=qNDE113vs28",,,,,,,2025-06-23T23:09:26.085Z,2025-06-23T23:09:26.085Z
2758,,"Rome: Battle of the Milvian Bridge - Constantine vs Maxentius - Roman History - Extra History","https://www.youtube.com/watch?v=8pMjUqCPiig",,,,,,,2025-06-23T23:09:26.090Z,2025-06-23T23:09:26.090Z
2759,,"Rome: The Punic Wars - The Conclusion of the Second Punic War - Extra History - Part 4","https://www.youtube.com/watch?v=McT1H-NVCMQ",,,,,,,2025-06-23T23:09:26.095Z,2025-06-23T23:09:26.095Z
2760,,"Rome: The Punic Wars - The First Punic War - Extra History - Part 1","https://www.youtube.com/watch?v=EbBHk_zLTmY",,,,,,,2025-06-23T23:09:26.100Z,2025-06-23T23:09:26.100Z
2761,,"Rome: The Punic Wars - The Second Punic War Begins - Extra History - Part 2","https://www.youtube.com/watch?v=lf0-Yki5p40",,,,,,,2025-06-23T23:09:26.104Z,2025-06-23T23:09:26.104Z
2762,,"Rome: The Punic Wars - The Second Punic War Rages On - Extra History - Part 3","https://www.youtube.com/watch?v=wT_rev5VAQc",,,,,,,2025-06-23T23:09:26.109Z,2025-06-23T23:09:26.109Z
2763,,"Romeo and Juliet - William Shakespeare - So You Haven't Read","https://www.youtube.com/watch?v=3bBSMsOr4iU",,,,,,,2025-06-23T23:09:26.113Z,2025-06-23T23:09:26.113Z
2764,,"RymdResa - The Haunting Eternity of Space - James Recommends","https://www.youtube.com/watch?v=BuhLGGHeeXs",,,,,,,2025-06-23T23:09:26.118Z,2025-06-23T23:09:26.118Z
2765,,"Saint George and the Dragon - Into the Maw of Danger - European - Extra Mythology","https://www.youtube.com/watch?v=eqpu12XApSs",,,,,,,2025-06-23T23:09:26.123Z,2025-06-23T23:09:26.123Z
2766,,"Saladin & the 3rd Crusade | A Crusade's End | Middle East History | Extra History | Part 5","https://www.youtube.com/watch?v=KSiqTA67L2w",,,,,,,2025-06-23T23:09:26.128Z,2025-06-23T23:09:26.128Z
2767,,"Saladin & the 3rd Crusade | Defending Jerusalem | Middle East History | Extra History | Part 4","https://www.youtube.com/watch?v=fGDs5tOX318",,,,,,,2025-06-23T23:09:26.134Z,2025-06-23T23:09:26.134Z
2768,,"Saladin & the 3rd Crusade | Horns of Hattin | Middle East History | Extra History | Part 1","https://www.youtube.com/watch?v=ReE35Lj_iTs",,,,,,,2025-06-23T23:09:26.148Z,2025-06-23T23:09:26.148Z
2769,,"Saladin & the 3rd Crusade | Lies | Middle East History | Extra History","https://www.youtube.com/watch?v=X_QEeWDou4I",,,,,,,2025-06-23T23:09:26.153Z,2025-06-23T23:09:26.153Z
2770,,"Saladin & the 3rd Crusade | Next King of Jerusalem | Middle East History | Extra History | Part 6","https://www.youtube.com/watch?v=o1s8AJK6sSc",,,,,,,2025-06-23T23:09:26.157Z,2025-06-23T23:09:26.157Z
2771,,"Saladin & the 3rd Crusade | Siege of Jerusalem | Middle East History | Extra History | Part 2","https://www.youtube.com/watch?v=gzLacGirWWQ",,,,,,,2025-06-23T23:09:26.162Z,2025-06-23T23:09:26.162Z
2772,,"Saladin & the 3rd Crusade | The Third Crusade | Middle East History | Extra History | Part 3","https://www.youtube.com/watch?v=a8pI7gj0AeA",,,,,,,2025-06-23T23:09:26.167Z,2025-06-23T23:09:26.167Z
2773,,"Samson and Delilah - Old Testament Mythology - Extra Mythology  - Part 2","https://www.youtube.com/watch?v=1jt2nDGHlRU",,,,,,,2025-06-23T23:09:26.171Z,2025-06-23T23:09:26.171Z
2774,,"Samson and Delilah: Samson's Origins - Old Testament Mythology - Extra Mythology - Part 1","https://www.youtube.com/watch?v=Gay_w26XXOI",,,,,,,2025-06-23T23:09:26.176Z,2025-06-23T23:09:26.176Z
2775,,"Samuel HaNagid - A Prince of Jews - Extra History","https://www.youtube.com/watch?v=h5oBgayr9S0",,,,,,,2025-06-23T23:09:26.192Z,2025-06-23T23:09:26.192Z
2776,,"Samuel R. Delany - Dhalgren - Extra Sci Fi","https://www.youtube.com/watch?v=HJFBJsye2bc&t=336s",,,,,,,2025-06-23T23:09:26.197Z,2025-06-23T23:09:26.197Z
2777,,"Santa Claus: A Superhero Origin Story - Extra Mythology","https://www.youtube.com/watch?v=c0S6QvL6SH8",,,,,,,2025-06-23T23:09:26.202Z,2025-06-23T23:09:26.202Z
2778,,"Saragarhi - The Last Stand - Extra History","https://www.youtube.com/watch?v=lFfHp83Xm04",,,,,,,2025-06-23T23:09:26.207Z,2025-06-23T23:09:26.207Z
2779,,"Secret Societies | LIES | Extra History","https://www.youtube.com/watch?v=opBy-sQ75Vw",,,,,,,2025-06-23T23:09:26.212Z,2025-06-23T23:09:26.212Z
2780,,"Sedna - Inuit Mother of the Deep - Extra Mythology","https://www.youtube.com/watch?v=W3dkfLwc1IE",,,,,,,2025-06-23T23:09:26.217Z,2025-06-23T23:09:26.217Z
2781,,"Seeds of Rebellion - The Irish Easter Rising - Part 1 - Extra History","https://www.youtube.com/watch?v=YWMWUJXF--I",,,,,,,2025-06-23T23:09:26.222Z,2025-06-23T23:09:26.222Z
2782,,"Selfie: Sisters of the Amniotic Lens - Can You Ruin a Game with Gameplay? - James Recommends","https://www.youtube.com/watch?v=EjE7QomP1GI",,,,,,,2025-06-23T23:09:26.240Z,2025-06-23T23:09:26.240Z
2783,,"September EC News!","https://www.youtube.com/watch?v=fslUfdfbdFM",,,,,,,2025-06-23T23:09:26.255Z,2025-06-23T23:09:26.255Z
2784,,"Serial Killer Monk - The Buddhist Expansion - World History - Part 2 - Extra History","https://www.youtube.com/watch?v=WTLLdDdiXlw",,,,,,,2025-06-23T23:09:26.260Z,2025-06-23T23:09:26.260Z
2785,,"Shootout at the OK Corral: The Showdown - US History - Part 2 - Extra History","https://www.youtube.com/watch?v=mLQidyCs_EE",,,,,,,2025-06-23T23:09:26.264Z,2025-06-23T23:09:26.264Z
2786,,"Shootout at the OK Corral: Why it Went Down - US History - Part 1 - Extra History","https://www.youtube.com/watch?v=LSW1HCNbsYE",,,,,,,2025-06-23T23:09:26.287Z,2025-06-23T23:09:26.287Z
2787,,"Siddhartha and Ancient Buddhism -The Buddhist Expansion - World History - Part 1 - Extra History","https://www.youtube.com/watch?v=jMX-YgdFwd4",,,,,,,2025-06-23T23:09:26.292Z,2025-06-23T23:09:26.292Z
2788,,"Siege of Vienna & Queen Nzinga - Lies - Extra History","https://www.youtube.com/watch?v=gpXu5AeNVXc",,,,,,,2025-06-23T23:09:26.296Z,2025-06-23T23:09:26.296Z
2789,,"Siege of Vienna - Charge of the Winged Hussars - Part 3 - Extra History","https://www.youtube.com/watch?v=-CouQMh_PUo",,,,,,,2025-06-23T23:09:26.301Z,2025-06-23T23:09:26.301Z
2790,,"Siege of Vienna - Opening Bombardment - Part 1 - Extra History","https://www.youtube.com/watch?v=MxZ9coEkd-U",,,,,,,2025-06-23T23:09:26.306Z,2025-06-23T23:09:26.306Z
2791,,"Siege of Vienna - Tunnel War - Part 2 - Extra History","https://www.youtube.com/watch?v=XxOufHD_Nxw",,,,,,,2025-06-23T23:09:26.310Z,2025-06-23T23:09:26.310Z
2792,,"Sim├│n Bol├¡var - All Good Things - Extra History - Part 6","https://www.youtube.com/watch?v=x_M2LX980Aw",,,,,,,2025-06-23T23:09:26.315Z,2025-06-23T23:09:26.315Z
2793,,"Sim├│n Bol├¡var - Defeat is Not Surrender - Extra History - Part 4","https://www.youtube.com/watch?v=Ie0IoiQQFKA",,,,,,,2025-06-23T23:09:26.320Z,2025-06-23T23:09:26.320Z
2794,,"Sim├│n Bol├¡var - Francisco de Miranda - Extra History - Part 2","https://www.youtube.com/watch?v=N3vu2JYwxSY",,,,,,,2025-06-23T23:09:26.325Z,2025-06-23T23:09:26.325Z
2795,,"Sim├│n Bol├¡var - Heavy is the Head - Extra History - Part 5","https://www.youtube.com/watch?v=90Chn1wgm_M",,,,,,,2025-06-23T23:09:26.330Z,2025-06-23T23:09:26.330Z
2796,,"Sim├│n Bol├¡var - Leavings and Returns - Extra History - Part 3","https://www.youtube.com/watch?v=WGW-kg0b9D0",,,,,,,2025-06-23T23:09:26.340Z,2025-06-23T23:09:26.340Z
2797,,"Sim├│n Bol├¡var - Lies - Extra History","https://www.youtube.com/watch?v=wl9GKgwoyxw",,,,,,,2025-06-23T23:09:26.346Z,2025-06-23T23:09:26.346Z
2798,,"Sim├│n Bol├¡var - Reverberations - Extra History - Part 1","https://www.youtube.com/watch?v=80b4ROFoaFY",,,,,,,2025-06-23T23:09:26.351Z,2025-06-23T23:09:26.351Z
2799,,"Sitting Bull - LIES - Native American History - Extra History","https://www.youtube.com/watch?v=Z_UraQtpL9E",,,,,,,2025-06-23T23:09:26.356Z,2025-06-23T23:09:26.356Z
2800,,"Sitting Bull: Battle of the Little Bighorn - Native American History - Part 3 - Extra History","https://www.youtube.com/watch?v=QYmyL9kwIJ4",,,,,,,2025-06-23T23:09:26.360Z,2025-06-23T23:09:26.360Z
2801,,"Sitting Bull: No Reservations - Native American History - Part 2 - Extra History","https://www.youtube.com/watch?v=WI7TTeqrZm4",,,,,,,2025-06-23T23:09:26.365Z,2025-06-23T23:09:26.365Z
2802,,"Sitting Bull: Origin of a Legend - Native American History - Part 1 - Extra History","https://www.youtube.com/watch?v=CSa-aSM59JE",,,,,,,2025-06-23T23:09:26.369Z,2025-06-23T23:09:26.369Z
2803,,"Slaughterhouse Five - Kurt Vonnegut  - So You Haven't Read","https://www.youtube.com/watch?v=7a4miTDNO_0",,,,,,,2025-06-23T23:09:26.374Z,2025-06-23T23:09:26.374Z
2804,,"Smash Bros Wii U - The Great Extra Credits Staff CPU BRAWL - This Is Just Silly","https://www.youtube.com/watch?v=Tv8yAiazKPg",,,,,,,2025-06-23T23:09:26.379Z,2025-06-23T23:09:26.379Z
2805,,"Snow Crash - Neal Stephenson - So You Haven't Read","https://www.youtube.com/watch?v=nO64ZhBYy9E",,,,,,,2025-06-23T23:09:26.383Z,2025-06-23T23:09:26.383Z
2806,,"Son Tinh & Thuy Tinh - The Mountain God vs The Lord of Waters -  Vietnamese - Extra Mythology","https://www.youtube.com/watch?v=esQpgZwtzTA",,,,,,,2025-06-23T23:09:26.389Z,2025-06-23T23:09:26.389Z
2807,,"Stand on Zanzibar - Futurism at its Best - Extra Sci Fi","https://www.youtube.com/watch?v=qOgyknV1YWc",,,,,,,2025-06-23T23:09:26.393Z,2025-06-23T23:09:26.393Z
2808,,"Star Wars - The Rise of Cyberpunk - Extra Sci Fi","https://www.youtube.com/watch?v=1R1w2aj9Wzg",,,,,,,2025-06-23T23:09:26.399Z,2025-06-23T23:09:26.399Z
2809,,"Stealing Buddha - The Buddhist Expansion - World History - Part 4 - Extra History","https://www.youtube.com/watch?v=jXlqn8ISEGU",,,,,,,2025-06-23T23:09:26.404Z,2025-06-23T23:09:26.404Z
2810,,"Storming Sevastopol - The Crimean War - European History - Part 5 - Extra History","https://www.youtube.com/watch?v=-tHq9S0rT9s",,,,,,,2025-06-23T23:09:26.409Z,2025-06-23T23:09:26.409Z
2811,,"Stray Cat Crossing - Adventure in Surreal Horror - James Recommends","https://www.youtube.com/watch?v=IVFpWwBqtWo",,,,,,,2025-06-23T23:09:26.414Z,2025-06-23T23:09:26.414Z
2812,,"Suda51 Interview with James Portnow - Dreaming Big and Making It Happen","https://www.youtube.com/watch?v=wfXnyn1D1Uk",,,,,,,2025-06-23T23:09:26.418Z,2025-06-23T23:09:26.418Z
2813,,"Suleiman the Magnificent - Custodian of the Two Holy Mosques - Extra History - Part 6","https://www.youtube.com/watch?v=5gTjfYqiBqg",,,,,,,2025-06-23T23:09:26.423Z,2025-06-23T23:09:26.423Z
2814,,"Suleiman the Magnificent - Hero of All That Is - Extra History - Part 1","https://www.youtube.com/watch?v=JGZSkLq3Eng",,,,,,,2025-06-23T23:09:26.428Z,2025-06-23T23:09:26.428Z
2815,,"Suleiman the Magnificent - Lies - Extra History","https://www.youtube.com/watch?v=ltT_CvI5wv0",,,,,,,2025-06-23T23:09:26.432Z,2025-06-23T23:09:26.432Z
2816,,"Suleiman the Magnificent - Master of the World - Extra History - Part 2","https://www.youtube.com/watch?v=pNYIZJew4oE",,,,,,,2025-06-23T23:09:26.437Z,2025-06-23T23:09:26.437Z
2817,,"Suleiman the Magnificent - Slave of God - Extra History - Part 5","https://www.youtube.com/watch?v=S7p4AcTBG7o",,,,,,,2025-06-23T23:09:26.442Z,2025-06-23T23:09:26.442Z
2818,,"Suleiman the Magnificent - Sultan of Sultans - Extra History - #3","https://www.youtube.com/watch?v=DqN0EFFUA6w",,,,,,,2025-06-23T23:09:26.446Z,2025-06-23T23:09:26.446Z
2819,,"Suleiman the Magnificent - The Shadow of God - Extra History - Part 4","https://www.youtube.com/watch?v=JH4jcSFOx70",,,,,,,2025-06-23T23:09:26.452Z,2025-06-23T23:09:26.452Z
2820,,"Sun Yat-sen - A Bombing in Wuchang - Part 4 - Extra History","https://www.youtube.com/watch?v=ibj1IZ-w60s",,,,,,,2025-06-23T23:09:26.457Z,2025-06-23T23:09:26.457Z
2821,,"Sun Yat-sen - A Dream of China - Part 5 - Extra History","https://www.youtube.com/watch?v=2iWELGVrJKE",,,,,,,2025-06-23T23:09:26.461Z,2025-06-23T23:09:26.461Z
2822,,"Sun Yat-sen - A Kidnapping in London - Part 2 - Extra History","https://www.youtube.com/watch?v=bt1TZHXkQ4Y",,,,,,,2025-06-23T23:09:26.466Z,2025-06-23T23:09:26.466Z
2823,,"Sun Yat-sen - A Killing in Hong Kong - Part 1 - Extra History","https://www.youtube.com/watch?v=01vuhp5WgXM",,,,,,,2025-06-23T23:09:26.471Z,2025-06-23T23:09:26.471Z
2824,,"Sun Yat-sen - An Army in Exile - Part 3 - Extra History","https://www.youtube.com/watch?v=uOIdiZ2zjUU",,,,,,,2025-06-23T23:09:26.476Z,2025-06-23T23:09:26.476Z
2825,,"Sun Yat-sen - Lies - Extra History","https://www.youtube.com/watch?v=9ZMU4VT2amo",,,,,,,2025-06-23T23:09:26.481Z,2025-06-23T23:09:26.481Z
2826,,"Supreme Court Chaos - How to Fix Governmental Exploits with Warhammer 40K","https://www.youtube.com/watch?v=8TRyN0mpczQ",,,,,,,2025-06-23T23:09:26.486Z,2025-06-23T23:09:26.486Z
2827,,"Syphilis - The Great Imitator - Medical History - Extra History - Part 1","https://www.youtube.com/watch?v=gnwKRHBiWb4",,,,,,,2025-06-23T23:09:26.491Z,2025-06-23T23:09:26.491Z
2828,,"Syphilis - The Killer Cure - Medical History - Extra History - Part 2","https://www.youtube.com/watch?v=fdjBBGJvem0",,,,,,,2025-06-23T23:09:26.496Z,2025-06-23T23:09:26.496Z
2829,,"Tale of the Golden Tree - Nart Sagas - North Caucasus Myth - Russian - Extra Mythology","https://www.youtube.com/watch?v=qQqRt6uhy7A",,,,,,,2025-06-23T23:09:26.500Z,2025-06-23T23:09:26.500Z
2830,,"Tales From Twitch Re-Animated - A PS5 Pre-Order Analogy","https://www.youtube.com/watch?v=1tOCSdl-xVk",,,,,,,2025-06-23T23:09:26.505Z,2025-06-23T23:09:26.505Z
2831,,"Tales From Twitch Re-Animated - Blank or a Black Hole?","https://www.youtube.com/watch?v=VQesUvmIyY8",,,,,,,2025-06-23T23:09:26.510Z,2025-06-23T23:09:26.510Z
2832,,"Tales From Twitch Re-Animated - The Console Olympics","https://www.youtube.com/watch?v=GN8QC70MBpI",,,,,,,2025-06-23T23:09:26.515Z,2025-06-23T23:09:26.515Z
2833,,"Teddy Roosevelt the Trustbuster - Big Oil - US History - Part 1 - Extra History","https://www.youtube.com/watch?v=reWe7POryt0",,,,,,,2025-06-23T23:09:26.520Z,2025-06-23T23:09:26.520Z
2834,,"Teddy Roosevelt the Trustbuster - Breaking Standard - US History - Part 3 - Extra History","https://www.youtube.com/watch?v=FO_w4G_YWcE",,,,,,,2025-06-23T23:09:26.524Z,2025-06-23T23:09:26.524Z
2835,,"Teddy Roosevelt the Trustbuster - Lies - US History - Extra History","https://www.youtube.com/watch?v=4TRS4TiEUxE",,,,,,,2025-06-23T23:09:26.529Z,2025-06-23T23:09:26.529Z
2836,,"Teddy Roosevelt the Trustbuster - Meatgrinder - US History - Part 5 - Extra History","https://www.youtube.com/watch?v=XXos-XlCooI",,,,,,,2025-06-23T23:09:26.534Z,2025-06-23T23:09:26.534Z
2837,,"Teddy Roosevelt the Trustbuster - The Regulators - US History - Part 2 - Extra History","https://www.youtube.com/watch?v=xDEibXPtIRQ",,,,,,,2025-06-23T23:09:26.538Z,2025-06-23T23:09:26.538Z
2838,,"Teddy Roosevelt the Trustbuster - Trainwreck - US History - Part 4 - Extra History","https://www.youtube.com/watch?v=wRlShGD4QwI",,,,,,,2025-06-23T23:09:26.543Z,2025-06-23T23:09:26.543Z
2839,,"The 1918 Flu Pandemic - Emergence  - Part 1 - Extra History","https://www.youtube.com/watch?v=XQ9WX4qVxEo",,,,,,,2025-06-23T23:09:26.548Z,2025-06-23T23:09:26.548Z
2840,,"The 1918 Flu Pandemic - Fighting the Ghost - Part 4 - Extra History","https://www.youtube.com/watch?v=dHGz4QvDVlM",,,,,,,2025-06-23T23:09:26.552Z,2025-06-23T23:09:26.552Z
2841,,"The 1918 Flu Pandemic - Leviathan - Part 5 - Extra History","https://www.youtube.com/watch?v=QSxaojFNAsU",,,,,,,2025-06-23T23:09:26.557Z,2025-06-23T23:09:26.557Z
2842,,"The 1918 Flu Pandemic - Lies - Extra History","https://www.youtube.com/watch?v=fyyes_IMNoo",,,,,,,2025-06-23T23:09:26.561Z,2025-06-23T23:09:26.561Z
2843,,"The 1918 Flu Pandemic - Order More Coffins - Part 3 - Extra History","https://www.youtube.com/watch?v=RHlYBBZL_y8",,,,,,,2025-06-23T23:09:26.566Z,2025-06-23T23:09:26.566Z
2844,,"The 1918 Flu Pandemic - The Forgotten Plague - Part 6 - Extra History","https://www.youtube.com/watch?v=NSLKFwXBdbg",,,,,,,2025-06-23T23:09:26.571Z,2025-06-23T23:09:26.571Z
2845,,"The 1918 Flu Pandemic - Trench Fever - Part 2 - Extra History","https://www.youtube.com/watch?v=Gt-VQGNiSWU",,,,,,,2025-06-23T23:09:26.576Z,2025-06-23T23:09:26.576Z
2846,,"The 1918 Flu Pandemic: Coronavirus Update","https://www.youtube.com/watch?v=gcNXb2b_gXA",,,,,,,2025-06-23T23:09:26.580Z,2025-06-23T23:09:26.580Z
2847,,"The 1929 Stock Market Crash - Black Thursday - Extra History","https://www.youtube.com/watch?v=D2iuUzkKu9k",,,,,,,2025-06-23T23:09:26.585Z,2025-06-23T23:09:26.585Z
2848,,"The Aesir-Vanir War - Norse - Extra Mythology","https://www.youtube.com/watch?v=g9TET6YTYrk",,,,,,,2025-06-23T23:09:26.590Z,2025-06-23T23:09:26.590Z
2849,,"The Affair of the Diamond Necklace - Marie Antoinette - Extra History","https://www.youtube.com/watch?v=aLU1wNntRa0",,,,,,,2025-06-23T23:09:26.595Z,2025-06-23T23:09:26.595Z
2850,,"The Alphabet - Origins of Writing - Extra History","https://www.youtube.com/watch?v=yPrcfawo9UM",,,,,,,2025-06-23T23:09:26.603Z,2025-06-23T23:09:26.603Z
2851,,"The Alps - Sleep Paralysis & Night Terrors - European - Extra Mythology","https://www.youtube.com/watch?v=8ST0l9abzzw",,,,,,,2025-06-23T23:09:26.608Z,2025-06-23T23:09:26.608Z
2852,,"The American RevolutionΓÇÖs Forgotten War Crime - US History - Extra History","https://www.youtube.com/watch?v=hb3eAxzuhJU",,,,,,,2025-06-23T23:09:26.612Z,2025-06-23T23:09:26.612Z
2853,,"The Articles of Confederation - Becoming the United States - Extra History - Part 1","https://www.youtube.com/watch?v=C6rHSiN0vKk",,,,,,,2025-06-23T23:09:26.617Z,2025-06-23T23:09:26.617Z
2854,,"The Articles of Confederation - Constitutional Convention - Extra History - Part 4","https://www.youtube.com/watch?v=wds6kpbpLlA",,,,,,,2025-06-23T23:09:26.622Z,2025-06-23T23:09:26.622Z
2855,,"The Articles of Confederation - Finding Finances - Extra History - Part 3","https://www.youtube.com/watch?v=nLvRJpDjxVk",,,,,,,2025-06-23T23:09:26.627Z,2025-06-23T23:09:26.627Z
2856,,"The Articles of Confederation - Lies - Extra History","https://www.youtube.com/watch?v=nr9NsS2FDIA",,,,,,,2025-06-23T23:09:26.632Z,2025-06-23T23:09:26.632Z
2857,,"The Articles of Confederation - Ratification - Extra History - Part 2","https://www.youtube.com/watch?v=lPLA_VPMsUg",,,,,,,2025-06-23T23:09:26.637Z,2025-06-23T23:09:26.637Z
2858,,"The Assassination of Medgar Evers - A Hero Silenced - US History - Extra History","https://www.youtube.com/watch?v=2eWg17KSXEU",,,,,,,2025-06-23T23:09:26.642Z,2025-06-23T23:09:26.642Z
2859,,"The Battle for Dublin - The Irish Easter Rising - Part 3  - Extra History","https://www.youtube.com/watch?v=qP1cXrgQ71E",,,,,,,2025-06-23T23:09:26.649Z,2025-06-23T23:09:26.649Z
2860,,"The Battle of Alma - The Crimean War - European History - Part 3 - Extra History","https://www.youtube.com/watch?v=oxGbjg1S5H0",,,,,,,2025-06-23T23:09:26.656Z,2025-06-23T23:09:26.656Z
2861,,"The Battle of Culloden - Scottish History - Extra History","https://www.youtube.com/watch?v=h0YZHYsOjtk",,,,,,,2025-06-23T23:09:26.661Z,2025-06-23T23:09:26.661Z
2862,,"The Battle of Kursk - Control of the Eastern Front - Extra History - Part 4","https://www.youtube.com/watch?v=rQlFi9s_e2s",,,,,,,2025-06-23T23:09:26.665Z,2025-06-23T23:09:26.665Z
2863,,"The Battle of Kursk - Operation Barbarossa - Extra History - Part 1","https://www.youtube.com/watch?v=C-UvLZSK3CI",,,,,,,2025-06-23T23:09:26.670Z,2025-06-23T23:09:26.670Z
2864,,"The Battle of Kursk - Preparations - Extra History - Part 2","https://www.youtube.com/watch?v=QdK2Sim_ZRU",,,,,,,2025-06-23T23:09:26.675Z,2025-06-23T23:09:26.675Z
2865,,"The Battle of Kursk- Operation Citadel - Extra History - Part 3","https://www.youtube.com/watch?v=6udnj7PvZZ8",,,,,,,2025-06-23T23:09:26.680Z,2025-06-23T23:09:26.680Z
2866,,"The Battle of Thermopylae - East vs. West - Part 2 - Extra History","https://www.youtube.com/watch?v=Fvd9vxyCgCA",,,,,,,2025-06-23T23:09:26.684Z,2025-06-23T23:09:26.684Z
2867,,"The Battle of Thermopylae - The Hellenic Alliance - Part 1 - Extra History","https://www.youtube.com/watch?v=FwitONWEgsk",,,,,,,2025-06-23T23:09:26.689Z,2025-06-23T23:09:26.689Z
2868,,"The Beast of G├⌐vaudan | Terror in the French Countryside | European History | Extra History","https://www.youtube.com/watch?v=qDf93nFGZuc",,,,,,,2025-06-23T23:09:26.693Z,2025-06-23T23:09:26.693Z
2869,,"The Berlin Wall - A Street Party With Sledgehammers - Extra History","https://www.youtube.com/watch?v=KgdiYvcOi_w",,,,,,,2025-06-23T23:09:26.699Z,2025-06-23T23:09:26.699Z
2870,,"The Bhagavad Gita - Krishna Speaks With Prince Arjuna - Hindu - Extra Mythology","https://www.youtube.com/watch?v=G28qHASOtE8",,,,,,,2025-06-23T23:09:26.703Z,2025-06-23T23:09:26.703Z
2871,,"The Black Dinner - Scottish History - Extra History","https://www.youtube.com/watch?v=rMN5HwBR5D8",,,,,,,2025-06-23T23:09:26.708Z,2025-06-23T23:09:26.708Z
2872,,"The Black Watchmen - Is This Real Life or Fantasy? - James Recommends","https://www.youtube.com/watch?v=TYW7H8PWvpA",,,,,,,2025-06-23T23:09:26.712Z,2025-06-23T23:09:26.712Z
2873,,"The Book of Job - A Very Bad Tuesday - Old Testament - Extra Mythology","https://www.youtube.com/watch?v=40cttQnEjpI",,,,,,,2025-06-23T23:09:26.717Z,2025-06-23T23:09:26.717Z
2874,,"The Boston Massacre - Snow and Gunpowder - Extra History","https://www.youtube.com/watch?v=qpK9qe0a-WI",,,,,,,2025-06-23T23:09:26.721Z,2025-06-23T23:09:26.721Z
2875,,"The Bronze Age Collapse - Before the Storm - Extra History - Part 1","https://www.youtube.com/watch?v=KkMP328eU5Q",,,,,,,2025-06-23T23:09:26.726Z,2025-06-23T23:09:26.726Z
2876,,"The Bronze Age Collapse - Fire and Sword - Extra History - Part 3","https://www.youtube.com/watch?v=y-8uv4D7cOE",,,,,,,2025-06-23T23:09:26.731Z,2025-06-23T23:09:26.731Z
2877,,"The Bronze Age Collapse - Lies - Extra History","https://www.youtube.com/watch?v=f_eTD0NxTvw",,,,,,,2025-06-23T23:09:26.735Z,2025-06-23T23:09:26.735Z
2878,,"The Bronze Age Collapse - Systems Collapse - Extra History - Part 4","https://www.youtube.com/watch?v=3HaqpSPVhW8",,,,,,,2025-06-23T23:09:26.740Z,2025-06-23T23:09:26.740Z
2879,,"The Bronze Age Collapse - The Wheel and the Rod - Extra History - Part 2","https://www.youtube.com/watch?v=QMBM1qazAXE",,,,,,,2025-06-23T23:09:26.747Z,2025-06-23T23:09:26.747Z
2880,,"The Brothers Gracchi - Enter Gaius - Extra History - Part 4","https://www.youtube.com/watch?v=WpL7xwCBM34",,,,,,,2025-06-23T23:09:26.752Z,2025-06-23T23:09:26.752Z
2881,,"The Brothers Gracchi - Gracchus the Elder - Prequel: In His Footsteps - Extra History - Part 6","https://www.youtube.com/watch?v=cXRzijwTcGQ",,,,,,,2025-06-23T23:09:26.757Z,2025-06-23T23:09:26.757Z
2882,,"The Brothers Gracchi - How Republics Fall - Extra History - Part 1","https://www.youtube.com/watch?v=ODI1VOOoey0",,,,,,,2025-06-23T23:09:26.761Z,2025-06-23T23:09:26.761Z
2883,,"The Brothers Gracchi - Lies - Extra History","https://www.youtube.com/watch?v=UZhcMftzjMU",,,,,,,2025-06-23T23:09:26.765Z,2025-06-23T23:09:26.765Z
2884,,"The Brothers Gracchi - Ochlocracy - Extra History - Part 3","https://www.youtube.com/watch?v=kpFmzkxd-HI",,,,,,,2025-06-23T23:09:26.770Z,2025-06-23T23:09:26.770Z
2885,,"The Brothers Gracchi - Populares - Extra History - Part 2","https://www.youtube.com/watch?v=FC2Hvg7RdSY",,,,,,,2025-06-23T23:09:26.775Z,2025-06-23T23:09:26.775Z
2886,,"The Brothers Gracchi - The Final Fall - Extra History - Part 5","https://www.youtube.com/watch?v=nfZWu6PsUHI",,,,,,,2025-06-23T23:09:26.779Z,2025-06-23T23:09:26.779Z
2887,,"The Buddhist Expansion - LIES - World History - Extra History","https://www.youtube.com/watch?v=eg1vJBWy5H0",,,,,,,2025-06-23T23:09:26.784Z,2025-06-23T23:09:26.784Z
2888,,"The Burning of Black Wall Street - Tulsa, OK - Extra History","https://www.youtube.com/watch?v=nc7lXBL9mng",,,,,,,2025-06-23T23:09:26.789Z,2025-06-23T23:09:26.789Z
2889,,"The Calendar's 10,000 Year History | World History | Extra History","https://www.youtube.com/watch?v=YGEccCwtVMg",,,,,,,2025-06-23T23:09:26.793Z,2025-06-23T23:09:26.793Z
2890,,"The Canals of Mars - Eye of the Beholder - Extra Sci Fi","https://www.youtube.com/watch?v=ldFvoglm6C8",,,,,,,2025-06-23T23:09:26.798Z,2025-06-23T23:09:26.798Z
2891,,"The Collapse of the Carolingian Empire - Echoes of History - Extra History","https://www.youtube.com/watch?v=mZ1jkjfRKJM",,,,,,,2025-06-23T23:09:26.803Z,2025-06-23T23:09:26.803Z
2892,,"The Cotton Gin - Seeds of a Lie - US History - Extra History","https://www.youtube.com/watch?v=3IqNot1lxTM",,,,,,,2025-06-23T23:09:26.808Z,2025-06-23T23:09:26.808Z
2893,,"The Count of Monte Cristo - Alexandre Dumas - So You Haven't Read","https://www.youtube.com/watch?v=ZZZHOyZiLNU",,,,,,,2025-06-23T23:09:26.813Z,2025-06-23T23:09:26.813Z
2894,,"The Court of Love -  Eleanor of Aquitaine - European History - Part 2 - Extra History","https://www.youtube.com/watch?v=4_KgUiDUPs0",,,,,,,2025-06-23T23:09:26.817Z,2025-06-23T23:09:26.817Z
2895,,"The Crash - Tulip Mania - European History - Part 4 - Extra History","https://www.youtube.com/watch?v=GpDxENI64zI",,,,,,,2025-06-23T23:09:26.822Z,2025-06-23T23:09:26.822Z
2896,,"The Crimean War - LIES - European History - Extra History","https://www.youtube.com/watch?v=SKWbQ62fIE0",,,,,,,2025-06-23T23:09:26.829Z,2025-06-23T23:09:26.829Z
2897,,"The Cult of Mithras | Secret Societies 1 | Roman History | Extra History","https://www.youtube.com/watch?v=qmv7BhKEDUo",,,,,,,2025-06-23T23:09:26.837Z,2025-06-23T23:09:26.837Z
2898,,"The Danelaw - Alfred vs. Guthrum - Extra History - Part 1","https://www.youtube.com/watch?v=_K6P3T0NIjo",,,,,,,2025-06-23T23:09:26.845Z,2025-06-23T23:09:26.845Z
2899,,"The Danelaw - The Fall of Eric Bloodaxe - Extra History - Part 2","https://www.youtube.com/watch?v=MvM3wPGAUjE",,,,,,,2025-06-23T23:09:26.856Z,2025-06-23T23:09:26.856Z
2900,,"The Death of Merlin...and Why the Wizard Didn't Stop It! - European Arthurian - Extra Mythology","https://www.youtube.com/watch?v=XZV6loCTtn8",,,,,,,2025-06-23T23:09:26.861Z,2025-06-23T23:09:26.861Z
2901,,"The Devil's Brood - Eleanor of Aquitaine - European History - Part 3 - Extra History","https://www.youtube.com/watch?v=z8a2_kEKXn0",,,,,,,2025-06-23T23:09:26.866Z,2025-06-23T23:09:26.866Z
2902,,"The Diary of a Young Girl - Anne Frank - So You Haven't Read","https://www.youtube.com/watch?v=MiVehITTbkk",,,,,,,2025-06-23T23:09:26.870Z,2025-06-23T23:09:26.870Z
2903,,"The Disastrous History of the First Transatlantic Cable - World History - Extra History","https://www.youtube.com/watch?v=H8kdhlzueBo",,,,,,,2025-06-23T23:09:26.875Z,2025-06-23T23:09:26.875Z
2904,,"The Discovery of Insulin  - The Miracle - Medical History - Extra History - Part 1","https://www.youtube.com/watch?v=jn4HvRkBbfk",,,,,,,2025-06-23T23:09:26.879Z,2025-06-23T23:09:26.879Z
2905,,"The Discovery of Insulin - Free-for-all - Medical History - Extra History - Part 2","https://www.youtube.com/watch?v=Qs_QCJv3HrA",,,,,,,2025-06-23T23:09:26.884Z,2025-06-23T23:09:26.884Z
2906,,"The Dobhar-Ch├║ - Monstrous Otter of Irish Folklore - Extra Mythology","https://www.youtube.com/watch?v=c3G4YqXRP8o",,,,,,,2025-06-23T23:09:26.888Z,2025-06-23T23:09:26.888Z
2907,,"The Dodo Bird: What ACTUALLY Happened - Extra History","https://www.youtube.com/watch?v=8Npavzk_PBA",,,,,,,2025-06-23T23:09:26.893Z,2025-06-23T23:09:26.893Z
2908,,"The Draft Riots of 1863 - US Civil War - Extra History","https://www.youtube.com/watch?v=RRQ5OghPwKU",,,,,,,2025-06-23T23:09:26.898Z,2025-06-23T23:09:26.898Z
2909,,"The Easter Egg - Mary Magdalene & Ostara - European - Extra Mythology","https://www.youtube.com/watch?v=V1MI8wKTH0c",,,,,,,2025-06-23T23:09:26.903Z,2025-06-23T23:09:26.903Z
2910,,"The Eggnog Riot: Christmas Chaos at West Point -  US History - Extra History","https://www.youtube.com/watch?v=lljT4GW7ymc",,,,,,,2025-06-23T23:09:26.908Z,2025-06-23T23:09:26.908Z
2911,,"The Empire of Mali - An Empire of Trade and Faith - Extra History - Part 2","https://www.youtube.com/watch?v=YPytwp5ll9g",,,,,,,2025-06-23T23:09:26.913Z,2025-06-23T23:09:26.913Z
2912,,"The Empire of Mali - Lies - Extra History","https://www.youtube.com/watch?v=-DWZUvDleSQ",,,,,,,2025-06-23T23:09:26.918Z,2025-06-23T23:09:26.918Z
2913,,"The Empire of Mali - Mansa Musa - Extra History - Part 3","https://www.youtube.com/watch?v=4-Un2xx6Pzo",,,,,,,2025-06-23T23:09:26.923Z,2025-06-23T23:09:26.923Z
2914,,"The Empire of Mali - The Cracks Begin to Show - Extra History - Part 4","https://www.youtube.com/watch?v=lkTF0TGBDNc",,,,,,,2025-06-23T23:09:26.928Z,2025-06-23T23:09:26.928Z
2915,,"The Empire of Mali - The Final Bloody Act - Extra History - Part 5","https://www.youtube.com/watch?v=Mi79VdOCXGc",,,,,,,2025-06-23T23:09:26.933Z,2025-06-23T23:09:26.933Z
2916,,"The Empire of Mali - The Twang of a Bow - Extra History - Part 1","https://www.youtube.com/watch?v=UkayShPilkw",,,,,,,2025-06-23T23:09:26.938Z,2025-06-23T23:09:26.938Z
2917,,"The Erfurt Latrine Disaster - A Meeting From Hell - European History - Extra History","https://www.youtube.com/watch?v=wPjg-pDbVzY",,,,,,,2025-06-23T23:09:26.943Z,2025-06-23T23:09:26.943Z
2918,,"The Eve of Revolution -The Irish Easter Rising - Part 2 - Extra History","https://www.youtube.com/watch?v=v1BiUVP9e4U",,,,,,,2025-06-23T23:09:26.948Z,2025-06-23T23:09:26.948Z
2919,,"The Fantastic Basilisk... and How to Kill It! - European - Extra Mythology","https://www.youtube.com/watch?v=VomEEZS6sCA",,,,,,,2025-06-23T23:09:26.953Z,2025-06-23T23:09:26.953Z
2920,,"The Field of the Cloth of Gold - Royal Frenemies - Extra History - Part 2","https://www.youtube.com/watch?v=yWt9N2ZNi3c",,,,,,,2025-06-23T23:09:26.958Z,2025-06-23T23:09:26.958Z
2921,,"The Field of the Cloth of Gold - Universal Peace - Extra History - Part 1","https://www.youtube.com/watch?v=bhi0aUQRoeg",,,,,,,2025-06-23T23:09:26.963Z,2025-06-23T23:09:26.963Z
2922,,"The Fifth Sun - Aztec Myths - Extra Mythology","https://www.youtube.com/watch?v=hOjOn6RjiKQ",,,,,,,2025-06-23T23:09:26.967Z,2025-06-23T23:09:26.967Z
2923,,"The Forgotten D-Day - Operation Avalanche - WWII - Part 1 - Extra History","https://www.youtube.com/watch?v=7ZhqdeY0VbQ",,,,,,,2025-06-23T23:09:26.972Z,2025-06-23T23:09:26.972Z
2924,,"The Forgotten Foundations Part 1 - The History of Sci Fi - Extra Sci Fi - Part 4","https://www.youtube.com/watch?v=CIG6I_SpYs4",,,,,,,2025-06-23T23:09:26.978Z,2025-06-23T23:09:26.978Z
2925,,"The Forgotten Foundations Part 2 - The History of Sci Fi - Extra Sci Fi - Part 5","https://www.youtube.com/watch?v=WeITe57qWjk",,,,,,,2025-06-23T23:09:26.982Z,2025-06-23T23:09:26.982Z
2926,,"The Founding of Mexico - Aztec Myths - Extra Mythology","https://www.youtube.com/watch?v=j-bQsan5WXo",,,,,,,2025-06-23T23:09:26.986Z,2025-06-23T23:09:26.986Z
2927,,"The Furies - Divine Vengeance or Justice?  - Greek - Extra Mythology","https://www.youtube.com/watch?v=KoNXcSPLWNM",,,,,,,2025-06-23T23:09:26.991Z,2025-06-23T23:09:26.991Z
2928,,"The Future of Extra Credits","https://www.youtube.com/watch?v=hgwQkLgbF1Q",,,,,,,2025-06-23T23:09:26.995Z,2025-06-23T23:09:26.995Z
2929,,"The GOAT of Holiday Animals | Scandinavian History | Extra History","https://www.youtube.com/watch?v=noY9iXUHJfM",,,,,,,2025-06-23T23:09:27.000Z,2025-06-23T23:09:27.000Z
2930,,"The Golden Age of Science Fiction - Modernity Begins - Extra Sci Fi","https://www.youtube.com/watch?v=174-Gch95uY",,,,,,,2025-06-23T23:09:27.005Z,2025-06-23T23:09:27.005Z
2931,,"The Golden Dawn and Aleister Crowley | Secret Societies 4 | European History | Extra History","https://www.youtube.com/watch?v=_kS_HrYtxF0",,,,,,,2025-06-23T23:09:27.009Z,2025-06-23T23:09:27.009Z
2932,,"The Great Disappointment - US History - Extra History","https://www.youtube.com/watch?v=4z80wKIwW6w",,,,,,,2025-06-23T23:09:27.013Z,2025-06-23T23:09:27.013Z
2933,,"The Great Emu War - Battlebirds - Australian History - Part 1 - Extra History","https://www.youtube.com/watch?v=iiRz52AQlMk",,,,,,,2025-06-23T23:09:27.018Z,2025-06-23T23:09:27.018Z
2934,,"The Great Emu War - Beaks vs. Bullets - Australian History - Part 2 - Extra History","https://www.youtube.com/watch?v=xxvtYx2CKAU",,,,,,,2025-06-23T23:09:27.022Z,2025-06-23T23:09:27.022Z
2935,,"The Great Locomotive Chase: First Medals of Honor | US Train History | Extra History","https://www.youtube.com/watch?v=GFy9p1KB8SA",,,,,,,2025-06-23T23:09:27.027Z,2025-06-23T23:09:27.027Z
2936,,"The Haitian Revolution - Fire and Freedom - Extra History - Part 3","https://www.youtube.com/watch?v=rqyygI_9DN8",,,,,,,2025-06-23T23:09:27.031Z,2025-06-23T23:09:27.031Z
2937,,"The Haitian Revolution - Liberation - Extra History - Part 4","https://www.youtube.com/watch?v=KfLskhmVd7k",,,,,,,2025-06-23T23:09:27.036Z,2025-06-23T23:09:27.036Z
2938,,"The Haitian Revolution - Lies - Extra History","https://www.youtube.com/watch?v=oOeLmULRaco",,,,,,,2025-06-23T23:09:27.041Z,2025-06-23T23:09:27.041Z
2939,,"The Haitian Revolution - Roots of Liberty - Extra History - Part 6","https://www.youtube.com/watch?v=-z0NqTEtJyg",,,,,,,2025-06-23T23:09:27.049Z,2025-06-23T23:09:27.049Z
2940,,"The Haitian Revolution - The Long Fuse - Extra History - Part 2","https://www.youtube.com/watch?v=B-MV8gTNoC0",,,,,,,2025-06-23T23:09:27.059Z,2025-06-23T23:09:27.059Z
2941,,"The Haitian Revolution - The Slave Society - Extra History - Part 1","https://www.youtube.com/watch?v=tYGS8Ll5mw4",,,,,,,2025-06-23T23:09:27.065Z,2025-06-23T23:09:27.065Z
2942,,"The Haitian Revolution - The War of Knives - Extra History - Part 5","https://www.youtube.com/watch?v=Yjerh4HM6Ro",,,,,,,2025-06-23T23:09:27.069Z,2025-06-23T23:09:27.069Z
2943,,"The Hare of Inaba - Japanese Myth - Extra Mythology","https://www.youtube.com/watch?v=M53mGySTDN4",,,,,,,2025-06-23T23:09:27.074Z,2025-06-23T23:09:27.074Z
2944,,"The Harlem Hellfighters | The 369th Infantry | US History | Extra History","https://www.youtube.com/watch?v=RV-c62e7g1k",,,,,,,2025-06-23T23:09:27.078Z,2025-06-23T23:09:27.078Z
2945,,"The Harlem Numbers Racket & Stephanie St Clair  - US History - Extra History","https://www.youtube.com/watch?v=rxBydCAfmEE",,,,,,,2025-06-23T23:09:27.083Z,2025-06-23T23:09:27.083Z
2946,,"The Harlem Renaissance - An Explosion of Art - US History - Extra History","https://www.youtube.com/watch?v=8kZ0gZMCx9U",,,,,,,2025-06-23T23:09:27.088Z,2025-06-23T23:09:27.088Z
2947,,"The History of Non-Euclidean Geometry - A Most Terrible Possibility - Part 4 - Extra History","https://www.youtube.com/watch?v=i5goUkT1irw",,,,,,,2025-06-23T23:09:27.092Z,2025-06-23T23:09:27.092Z
2948,,"The History of Non-Euclidean Geometry - Sacred Geometry - Part 1 - Extra History","https://www.youtube.com/watch?v=nkvVR-sKJT8",,,,,,,2025-06-23T23:09:27.097Z,2025-06-23T23:09:27.097Z
2949,,"The History of Non-Euclidean Geometry - Squaring the Circle - Part 3 - Extra History","https://www.youtube.com/watch?v=H74AayZkpXg",,,,,,,2025-06-23T23:09:27.101Z,2025-06-23T23:09:27.101Z
2950,,"The History of Non-Euclidean Geometry - The Great Quest  - Part 2 - Extra History","https://www.youtube.com/watch?v=vUWKMo5scKY",,,,,,,2025-06-23T23:09:27.106Z,2025-06-23T23:09:27.106Z
2951,,"The History of Non-Euclidean Geometry - The World We Know - Part 5 - Extra History","https://www.youtube.com/watch?v=RJHi7xJV7QY",,,,,,,2025-06-23T23:09:27.111Z,2025-06-23T23:09:27.111Z
2952,,"The History of Paper Money - Barebones Economy - Extra History - Part 3","https://www.youtube.com/watch?v=GKtNuzakzMA",,,,,,,2025-06-23T23:09:27.115Z,2025-06-23T23:09:27.115Z
2953,,"The History of Paper Money - Lay Down the Law - Extra History - Part 4","https://www.youtube.com/watch?v=lzH1p3t2oRE",,,,,,,2025-06-23T23:09:27.120Z,2025-06-23T23:09:27.120Z
2954,,"The History of Paper Money - Lies - Extra History","https://www.youtube.com/watch?v=s31ESRvR1p4",,,,,,,2025-06-23T23:09:27.124Z,2025-06-23T23:09:27.124Z
2955,,"The History of Paper Money - Not Just Noodles - Extra History - Part 2","https://www.youtube.com/watch?v=rPHTmGjoe2k",,,,,,,2025-06-23T23:09:27.129Z,2025-06-23T23:09:27.129Z
2956,,"The History of Paper Money - Origins of Exchange - Extra History - Part 1","https://www.youtube.com/watch?v=-nZkP2b-4vo",,,,,,,2025-06-23T23:09:27.134Z,2025-06-23T23:09:27.134Z
2957,,"The History of Paper Money - The Gold Standard - Extra History - Part 6","https://www.youtube.com/watch?v=GNo7MDN5-0g",,,,,,,2025-06-23T23:09:27.139Z,2025-06-23T23:09:27.139Z
2958,,"The History of Paper Money - Working out the Kinks - Extra History - Part 5","https://www.youtube.com/watch?v=LrB9bS2VOLE",,,,,,,2025-06-23T23:09:27.144Z,2025-06-23T23:09:27.144Z
2959,,"The History of Sci Fi - H.G. Wells - Extra Sci Fi - Part 2","https://www.youtube.com/watch?v=4S0JVHvL1os",,,,,,,2025-06-23T23:09:27.149Z,2025-06-23T23:09:27.149Z
2960,,"The History of Sci Fi - Jules Verne - Extra Sci Fi - Part 1","https://www.youtube.com/watch?v=O-_-0O7c-PE",,,,,,,2025-06-23T23:09:27.154Z,2025-06-23T23:09:27.154Z
2961,,"The History of Science Fiction - Pseudo-Science - Extra Sci Fi - Part 3","https://www.youtube.com/watch?v=v9aIP-Z8Pko",,,,,,,2025-06-23T23:09:27.159Z,2025-06-23T23:09:27.159Z
2962,,"The History of Virtual Reality - A New Place to Call Home - Extra Sci Fi - Part 1","https://www.youtube.com/watch?v=bWIyzoqG-1Q",,,,,,,2025-06-23T23:09:27.164Z,2025-06-23T23:09:27.164Z
2963,,"The History of Virtual Reality - Cyberpunk, Anime, and the Movies - Extra Sci Fi - Part 2","https://www.youtube.com/watch?v=fUraQf_kHSs",,,,,,,2025-06-23T23:09:27.169Z,2025-06-23T23:09:27.169Z
2964,,"The History of Writing - Where the Story Begins - Extra History","https://www.youtube.com/watch?v=HyjLt_RGEww",,,,,,,2025-06-23T23:09:27.174Z,2025-06-23T23:09:27.174Z
2965,,"The Hobbit - J. R. R. Tolkien - So You Haven't Read","https://www.youtube.com/watch?v=RzvQ3i5BS_Q",,,,,,,2025-06-23T23:09:27.178Z,2025-06-23T23:09:27.178Z
2966,,"The Hound of the Baskervilles - Sir Arthur Conan Doyle - So You Haven't Read","https://www.youtube.com/watch?v=pWuvcebflyE",,,,,,,2025-06-23T23:09:27.182Z,2025-06-23T23:09:27.182Z
2967,,"The Iliad - Deadly Destiny - Greek - Extra Mythology - Part 3","https://www.youtube.com/watch?v=Yn-GcxtINeo",,,,,,,2025-06-23T23:09:27.186Z,2025-06-23T23:09:27.186Z
2968,,"The Iliad - End Game - Greek - Extra Mythology - Part 4","https://www.youtube.com/watch?v=gormVcWXYfo",,,,,,,2025-06-23T23:09:27.191Z,2025-06-23T23:09:27.191Z
2969,,"The Iliad - Prelude to War - Greek - Extra Mythology - Part 1","https://www.youtube.com/watch?v=5CnzGXZjwNs",,,,,,,2025-06-23T23:09:27.196Z,2025-06-23T23:09:27.196Z
2970,,"The Iliad - Prizes & Prejudice - Greek - Extra Mythology - Part 2","https://www.youtube.com/watch?v=MzZJYkrjG9I",,,,,,,2025-06-23T23:09:27.201Z,2025-06-23T23:09:27.201Z
2971,,"The Illuminati | Secret Societies 2 | European History | Extra History","https://www.youtube.com/watch?v=8_JXIXkDE4s",,,,,,,2025-06-23T23:09:27.206Z,2025-06-23T23:09:27.206Z
2972,,"The Importance of Being Earnest - Oscar Wilde - So You Haven't Read","https://www.youtube.com/watch?v=OvJz1KbdLhc",,,,,,,2025-06-23T23:09:27.211Z,2025-06-23T23:09:27.211Z
2973,,"The Inca Empire - A God Taken Hostage - Extra History - Part 5","https://www.youtube.com/watch?v=zHGWIKnCDtE",,,,,,,2025-06-23T23:09:27.216Z,2025-06-23T23:09:27.216Z
2974,,"The Inca Empire - Andean Apocalypse - Extra History - Part 4","https://www.youtube.com/watch?v=DaVQA6cUQ9Q",,,,,,,2025-06-23T23:09:27.220Z,2025-06-23T23:09:27.220Z
2975,,"The Inca Empire - Earth-Shaker - Extra History - Part 2","https://www.youtube.com/watch?v=y2JiCR3djFI",,,,,,,2025-06-23T23:09:27.225Z,2025-06-23T23:09:27.225Z
2976,,"The Inca Empire - Life of a Dead Emperor - Extra History - Part 3","https://www.youtube.com/watch?v=5D8mIYp1Qnc",,,,,,,2025-06-23T23:09:27.229Z,2025-06-23T23:09:27.229Z
2977,,"The Inca Empire - Out of Thin Air - Extra History - Part 1","https://www.youtube.com/watch?v=I-9z_Jc81fw",,,,,,,2025-06-23T23:09:27.234Z,2025-06-23T23:09:27.234Z
2978,,"The Irish Easter Rising - LIES  - Extra History","https://www.youtube.com/watch?v=zNPkBXKW784",,,,,,,2025-06-23T23:09:27.239Z,2025-06-23T23:09:27.239Z
2979,,"The Isle of Destiny - Celtic Myth - Extra Mythology - Part 1","https://www.youtube.com/watch?v=EfPfWsVRAkg",,,,,,,2025-06-23T23:09:27.243Z,2025-06-23T23:09:27.243Z
2980,,"The Joy Luck Club - Amy Tan - So You Haven't Read","https://www.youtube.com/watch?v=sIj3d9G8Sx0",,,,,,,2025-06-23T23:09:27.248Z,2025-06-23T23:09:27.248Z
2981,,"The Kappa: Hold onto Your Butts! - Japanese Myth - Extra Mythology","https://www.youtube.com/watch?v=6OZL31PgDvU",,,,,,,2025-06-23T23:09:27.253Z,2025-06-23T23:09:27.253Z
2982,,"The Lion Man of Babylon an Ancient Toilet Guardian - Extra Mythology","https://www.youtube.com/watch?v=pO-90_qbSUk",,,,,,,2025-06-23T23:09:27.260Z,2025-06-23T23:09:27.260Z
2983,,"The Little Ice Age - LIES - World History - Extra History","https://www.youtube.com/watch?v=GLBSZN5Kvx0",,,,,,,2025-06-23T23:09:27.264Z,2025-06-23T23:09:27.264Z
2984,,"The Little Ice Age: Climate Change - World History - Part 1 - Extra History","https://www.youtube.com/watch?v=b9QQWxqQhM8",,,,,,,2025-06-23T23:09:27.269Z,2025-06-23T23:09:27.269Z
2985,,"The Little Ice Age: No More Food - World History - Part 2 - Extra History","https://www.youtube.com/watch?v=_J6UYePC40w",,,,,,,2025-06-23T23:09:27.274Z,2025-06-23T23:09:27.274Z
2986,,"The Martian Chronicles - A Dying Race - Extra Sci Fi - Part 1","https://www.youtube.com/watch?v=z3tnh0mOGJI",,,,,,,2025-06-23T23:09:27.291Z,2025-06-23T23:09:27.291Z
2987,,"The Martian Chronicles - The New Martians - Extra Sci Fi - Part 3","https://www.youtube.com/watch?v=AJulzRGlifA",,,,,,,2025-06-23T23:09:27.297Z,2025-06-23T23:09:27.297Z
2988,,"The Martian Chronicles - Too Human - Extra Sci Fi - Part 2","https://www.youtube.com/watch?v=Dr6G7ePVYjg",,,,,,,2025-06-23T23:09:27.302Z,2025-06-23T23:09:27.302Z
2989,,"The Mass-Murdering Mongoose - Hawaiian History - Extra History","https://www.youtube.com/watch?v=EZRlFv1XXus",,,,,,,2025-06-23T23:09:27.306Z,2025-06-23T23:09:27.306Z
2990,,"The Monkey King - Sun Wukong - Chinese - Extra Mythology - Part 2","https://www.youtube.com/watch?v=Do2L4yKQwNw",,,,,,,2025-06-23T23:09:27.311Z,2025-06-23T23:09:27.311Z
2991,,"The Monkey King - The Search for Immortality - Chinese - Extra Mythology - Part 1","https://www.youtube.com/watch?v=aSYTB7v5ras",,,,,,,2025-06-23T23:09:27.315Z,2025-06-23T23:09:27.315Z
2992,,"The Murder of Sitting Bull - Native American History - Part 4 - Extra History","https://www.youtube.com/watch?v=YivoXjsOCPU",,,,,,,2025-06-23T23:09:27.320Z,2025-06-23T23:09:27.320Z
2993,,"The Nightmarchers - Hawaiian Army of the Dead - Extra Mythology","https://www.youtube.com/watch?v=jLCEp-4esIM",,,,,,,2025-06-23T23:09:27.325Z,2025-06-23T23:09:27.325Z
2994,,"The Path to Pearl Harbor - LIES - WWII - Extra History","https://www.youtube.com/watch?v=jfFyKUq5ikI",,,,,,,2025-06-23T23:09:27.336Z,2025-06-23T23:09:27.336Z
2995,,"The Polio Epidemic - FDR & The March of Dimes - Medical History - Extra History","https://www.youtube.com/watch?v=7sqkwjzNRgk",,,,,,,2025-06-23T23:09:27.353Z,2025-06-23T23:09:27.353Z
2996,,"The Raid on HarperΓÇÖs Ferry  - John Brown - US History - Part 4 - Extra History","https://www.youtube.com/watch?v=G1K57zt5rUE",,,,,,,2025-06-23T23:09:27.366Z,2025-06-23T23:09:27.366Z
2997,,"The Rainmaker - Ualarai Stories - Australian Aboriginal Myth - Extra Mythology","https://www.youtube.com/watch?v=hZXX4d2WOro",,,,,,,2025-06-23T23:09:27.381Z,2025-06-23T23:09:27.381Z
2998,,"The Rakshasa - Ravana & Vibhishana - Hindu - Extra Mythology","https://www.youtube.com/watch?v=-lJwE3cvB-s",,,,,,,2025-06-23T23:09:27.386Z,2025-06-23T23:09:27.386Z
3000,,"The REAL War on Christmas - The Plum Pudding Riots - English History - Extra History","https://www.youtube.com/watch?v=Tk2M-7q1G_A",,,,,,,2025-06-23T23:09:27.391Z,2025-06-23T23:09:27.391Z
3001,,"The Remains of the Day - Kazuo Ishiguro - So you Haven't Read","https://www.youtube.com/watch?v=DfWj3qGD6AY",,,,,,,2025-06-23T23:09:27.395Z,2025-06-23T23:09:27.395Z
3002,,"The Rosetta Stone - A Race to Ancient Secrets - World History - Extra History","https://www.youtube.com/watch?v=orU-w2TXsBU",,,,,,,2025-06-23T23:09:27.400Z,2025-06-23T23:09:27.400Z
3003,,"The Rules of Society - Rules, Part 1 - Extra Politics - Part 4","https://www.youtube.com/watch?v=gK1dZ67MLjY",,,,,,,2025-06-23T23:09:27.414Z,2025-06-23T23:09:27.414Z
3004,,"The Rusalka - Eastern European Myths - Extra Mythology","https://www.youtube.com/watch?v=IuimhcIdUNk",,,,,,,2025-06-23T23:09:27.419Z,2025-06-23T23:09:27.419Z
3005,,"The Sacred Band - An Alternative 300 - Extra History","https://www.youtube.com/watch?v=ju8PQcvlq00",,,,,,,2025-06-23T23:09:27.424Z,2025-06-23T23:09:27.424Z
3006,,"The Sandman - Neil Gaiman - So You Haven't Read","https://www.youtube.com/watch?v=EFnpqWQeu8o",,,,,,,2025-06-23T23:09:27.429Z,2025-06-23T23:09:27.429Z
3007,,"The School of Battle - Frederick the Great - European History - Part 2 - Extra History","https://www.youtube.com/watch?v=d53_wvG8BXA",,,,,,,2025-06-23T23:09:27.433Z,2025-06-23T23:09:27.433Z
3008,,"The Seven Years' War - Frederick the Great - European History - Part 4 - Extra History","https://www.youtube.com/watch?v=TqyLu-WGG9c",,,,,,,2025-06-23T23:09:27.438Z,2025-06-23T23:09:27.438Z
3009,,"The Siege of Vienna | European History | Extra History Complete","https://www.youtube.com/watch?v=pE3QWKLaxMs",,,,,,,2025-06-23T23:09:27.443Z,2025-06-23T23:09:27.443Z
3010,,"The Snake Queen - Eastern European Myth - Extra Mythology","https://www.youtube.com/watch?v=uWaK62_MYP4",,,,,,,2025-06-23T23:09:27.447Z,2025-06-23T23:09:27.447Z
3011,,"The Story of Beer | Extra History Complete | World History","https://www.youtube.com/watch?v=VEXoJhDNKAc",,,,,,,2025-06-23T23:09:27.452Z,2025-06-23T23:09:27.452Z
3012,,"The Taming of the Shrew - William Shakespeare - So You Haven't Read","https://www.youtube.com/watch?v=PpvFAAFCoXY",,,,,,,2025-06-23T23:09:27.457Z,2025-06-23T23:09:27.457Z
3013,,"The Three Kingdoms - The Battle of Guandu - Part 2 - Extra History","https://www.youtube.com/watch?v=HRXIbouYVck",,,,,,,2025-06-23T23:09:27.464Z,2025-06-23T23:09:27.464Z
3014,,"The Three Kingdoms - Yellow Turban Rebellion - Part 1 - Extra History","https://www.youtube.com/watch?v=hu7bdq-alRo",,,,,,,2025-06-23T23:09:27.469Z,2025-06-23T23:09:27.469Z
3015,,"The Triangle Shirtwaist Fire - Horror in Manhattan - Extra History","https://www.youtube.com/watch?v=8-fwdc3OSaU",,,,,,,2025-06-23T23:09:27.474Z,2025-06-23T23:09:27.474Z
3016,,"The Trojan War - Battles in the Bronze Age - Extra History - Part 2","https://www.youtube.com/watch?v=LVQZXfgjzEE",,,,,,,2025-06-23T23:09:27.480Z,2025-06-23T23:09:27.480Z
3017,,"The Trojan War - History vs. Myth - Extra History - Part 1","https://www.youtube.com/watch?v=zT2egl5iTvg",,,,,,,2025-06-23T23:09:27.484Z,2025-06-23T23:09:27.484Z
3018,,"The True Frontier - Alfred Bester - Extra Sci Fi","https://www.youtube.com/watch?v=DxUgQ5zYvWk",,,,,,,2025-06-23T23:09:27.489Z,2025-06-23T23:09:27.489Z
3019,,"The True Frontier - Cordwainer Smith - Extra Sci Fi","https://www.youtube.com/watch?v=21Uyx0eJgIo&t=9s",,,,,,,2025-06-23T23:09:27.494Z,2025-06-23T23:09:27.494Z
3020,,"The Twelve Labors of Hercules - Rules Lawyering - Greek - Extra Mythology - Part 2","https://www.youtube.com/watch?v=YeEyVjZfqXQ",,,,,,,2025-06-23T23:09:27.498Z,2025-06-23T23:09:27.498Z
3021,,"The Twelve Labors of Hercules - The Quest for Phat Loot! - Greek - Extra Mythology - Part 1","https://www.youtube.com/watch?v=-AU_sfEkA-U",,,,,,,2025-06-23T23:09:27.503Z,2025-06-23T23:09:27.503Z
3022,,"The Viceroy - Solve the Galaxy's Problems, 4X Style - James Recommends","https://www.youtube.com/watch?v=nEFqPTkmBXY",,,,,,,2025-06-23T23:09:27.508Z,2025-06-23T23:09:27.508Z
3023,,"The Viking Expansion Compilation | European History | Extra History Complete","https://www.youtube.com/watch?v=hdnUiIKGxG0",,,,,,,2025-06-23T23:09:27.512Z,2025-06-23T23:09:27.512Z
3024,,"The Warsaw Uprising - The Unstoppable Spirit of the Polish Resistance - Extra History","https://www.youtube.com/watch?v=9BjIYKq4CVk",,,,,,,2025-06-23T23:09:27.517Z,2025-06-23T23:09:27.517Z
3025,,"The Wendigo - The Omushkego Tribe - Native American Myth -  Extra Mythology","https://www.youtube.com/watch?v=8j-R71s5044",,,,,,,2025-06-23T23:09:27.521Z,2025-06-23T23:09:27.521Z
3026,,"The Whowie - Monster of the Riverina - Yorta Yorta Myths (Australian Aboriginal) - Extra Mythology","https://www.youtube.com/watch?v=j8-pBh6FOSU",,,,,,,2025-06-23T23:09:27.526Z,2025-06-23T23:09:27.526Z
3027,,"The Wild Hunt: English Origins - Extra Mythology","https://www.youtube.com/watch?v=ou4_-6yBLyk",,,,,,,2025-06-23T23:09:27.530Z,2025-06-23T23:09:27.530Z
3028,,"The Worlds First Financial Bubble? - Tulip Mania - European History - Part 1 - Extra History","https://www.youtube.com/watch?v=QL5-YbvmYLE",,,,,,,2025-06-23T23:09:27.535Z,2025-06-23T23:09:27.535Z
3029,,"The Yakuza | Secret Societies 5 | Japanese History | Extra History","https://www.youtube.com/watch?v=wJqgqEHc3nw",,,,,,,2025-06-23T23:09:27.539Z,2025-06-23T23:09:27.539Z
3030,,"The Yule Lads - Mischief Makers and Children Takers - European - Extra Mythology","https://www.youtube.com/watch?v=3-LxYYm1YH0",,,,,,,2025-06-23T23:09:27.544Z,2025-06-23T23:09:27.544Z
3031,,"The Zimmermann Telegram - Best of Frenemies - WWI History - Extra History","https://www.youtube.com/watch?v=aOT9F6pU_qY",,,,,,,2025-06-23T23:09:27.550Z,2025-06-23T23:09:27.550Z
3032,,"The Zombi - Tales of Zombies - Haiti - Extra Mythology","https://www.youtube.com/watch?v=_wXcqC6vwvM",,,,,,,2025-06-23T23:09:27.558Z,2025-06-23T23:09:27.558Z
3033,,"Their Eyes Were Watching God - Zora Neale Hurston - So You Haven't Read","https://www.youtube.com/watch?v=nq_xmL9gbkw",,,,,,,2025-06-23T23:09:27.562Z,2025-06-23T23:09:27.562Z
3034,,"Theodora - This is My Empire - Extra History - Part 10","https://www.youtube.com/watch?v=RwXAGiIVsgQ",,,,,,,2025-06-23T23:09:27.569Z,2025-06-23T23:09:27.569Z
3035,,"Third Century Crisis | Enter Aurelian | Roman History | Extra History | Part 2","https://www.youtube.com/watch?v=fyyJbOGI7A0",,,,,,,2025-06-23T23:09:27.574Z,2025-06-23T23:09:27.574Z
3036,,"Third Century Crisis | Lies | Roman History | Extra History","https://www.youtube.com/watch?v=OmmEqC90W7g",,,,,,,2025-06-23T23:09:27.578Z,2025-06-23T23:09:27.578Z
3037,,"Third Century Crisis | Not Diocletian | Roman History | Extra History | Part 3","https://www.youtube.com/watch?v=lV8u3TS0CRw",,,,,,,2025-06-23T23:09:27.583Z,2025-06-23T23:09:27.583Z
3038,,"Third Century Crisis | The Great Persecution | Roman History | Extra History | Part 5","https://www.youtube.com/watch?v=n2-pPpWC7Is",,,,,,,2025-06-23T23:09:27.588Z,2025-06-23T23:09:27.588Z
3039,,"Third Century Crisis | The Tetrarchy | Roman History | Extra History | Part 4","https://www.youtube.com/watch?v=vBFVRV5vsp4",,,,,,,2025-06-23T23:09:27.593Z,2025-06-23T23:09:27.593Z
3040,,"Thirty Years War  - The 2nd Horseman - European History - Extra History - Part 2","https://www.youtube.com/watch?v=v3C35SIidJQ",,,,,,,2025-06-23T23:09:27.597Z,2025-06-23T23:09:27.597Z
3041,,"Thirty Years War - Chaining the Dragon - European History - Extra History - Part 5","https://www.youtube.com/watch?v=8uZKnlwYA3M",,,,,,,2025-06-23T23:09:27.602Z,2025-06-23T23:09:27.602Z
3043,,"Thirty Years War - Death - European History - Extra History - Part 4","https://www.youtube.com/watch?v=UxVgLvjJXaE",,,,,,,2025-06-23T23:09:27.606Z,2025-06-23T23:09:27.606Z
3044,,"Thirty Years War - Famine - European History - Extra History - Part 3","https://www.youtube.com/watch?v=imvblptadds",,,,,,,2025-06-23T23:09:27.611Z,2025-06-23T23:09:27.611Z
3045,,"Thirty Years' War - Conquest - European History - Part 1 - Extra History","https://www.youtube.com/watch?v=GaPU1-vMQOI",,,,,,,2025-06-23T23:09:27.616Z,2025-06-23T23:09:27.616Z
3046,,"Thirty Years' War - LIES - European History - Extra History","https://www.youtube.com/watch?v=i7VR_tqIhxI",,,,,,,2025-06-23T23:09:27.620Z,2025-06-23T23:09:27.620Z
3047,,"Thor and Loki - The Lay of Thrym - Norse - Extra Mythology","https://www.youtube.com/watch?v=eIrHkfvD0ag",,,,,,,2025-06-23T23:09:27.625Z,2025-06-23T23:09:27.625Z
3048,,"Thor vs. J├╢rmungandr The World Serpent - Norse Mythology - Extra Mythology","https://www.youtube.com/watch?v=5FxLgdefFwk",,,,,,,2025-06-23T23:09:27.629Z,2025-06-23T23:09:27.629Z
3049,,"To Kill a Mockingbird - Harper Lee - So You Haven't Read","https://www.youtube.com/watch?v=XaTtPIHGzjk",,,,,,,2025-06-23T23:09:27.634Z,2025-06-23T23:09:27.634Z
3050,,"To the Moon! - Tulip Mania - European History - Part 3 - Extra History","https://www.youtube.com/watch?v=h8Ng74D_9_Q",,,,,,,2025-06-23T23:09:27.639Z,2025-06-23T23:09:27.639Z
3051,,"Tolkien and Herbert - The World Builders - Extra Sci Fi","https://www.youtube.com/watch?v=oUqd_3OKu-I",,,,,,,2025-06-23T23:09:27.643Z,2025-06-23T23:09:27.643Z
3052,,"Tuberculosis - A Ten-Thousand Year Battle - Part 2 - Extra History","https://www.youtube.com/watch?v=hBgUWnGtxt4",,,,,,,2025-06-23T23:09:27.648Z,2025-06-23T23:09:27.648Z
3053,,"U.S. Civil War - Surprising Soldiers - Extra History","https://www.youtube.com/watch?v=xTQ0qdFhGkQ",,,,,,,2025-06-23T23:09:27.653Z,2025-06-23T23:09:27.653Z
3054,,"Urbino - The Light of Italy: Federico da Montefeltro - Extra History","https://www.youtube.com/watch?v=kAfNQ_XiPjQ",,,,,,,2025-06-23T23:09:27.657Z,2025-06-23T23:09:27.657Z
3055,,"Ursula K. Le Guin - The Left Hand of Darkness - Extra Sci Fi","https://www.youtube.com/watch?v=WHr4Nc9skXA",,,,,,,2025-06-23T23:09:27.662Z,2025-06-23T23:09:27.662Z
3056,,"Veterans Day - A Call to Armistice: Fundraising for War Child Charity - Extra History","https://www.youtube.com/watch?v=zbVXLgReUn8",,,,,,,2025-06-23T23:09:27.666Z,2025-06-23T23:09:27.666Z
3057,,"Viking Expansion - A Song of Ice and Greenland - Part 5 - Extra History","https://www.youtube.com/watch?v=kTB8131aGJo",,,,,,,2025-06-23T23:09:27.703Z,2025-06-23T23:09:27.703Z
3058,,"Viking Expansion - Ireland - Part 3 - Extra History","https://www.youtube.com/watch?v=ms3-rhnbw9U",,,,,,,2025-06-23T23:09:27.708Z,2025-06-23T23:09:27.708Z
3059,,"Viking Expansion - Lies - Extra History","https://www.youtube.com/watch?v=rAI4zRaNO3I",,,,,,,2025-06-23T23:09:27.713Z,2025-06-23T23:09:27.713Z
3060,,"Viking Expansion - Rollo the Walker - Part 2 - Extra History","https://www.youtube.com/watch?v=IOnjG7ocZmI",,,,,,,2025-06-23T23:09:27.717Z,2025-06-23T23:09:27.717Z
3061,,"Viking Expansion - The Lands of the Rus - Part 4 - Extra History","https://www.youtube.com/watch?v=fhz4Fe25rik",,,,,,,2025-06-23T23:09:27.722Z,2025-06-23T23:09:27.722Z
3062,,"Viking Expansion - The Serpent-Riders - Part 1 - Extra History","https://www.youtube.com/watch?v=sxItyrp55g8",,,,,,,2025-06-23T23:09:27.727Z,2025-06-23T23:09:27.727Z
3063,,"Viking Expansion - Wine Land - Part 6 - Extra History","https://www.youtube.com/watch?v=SITsfX15jw0",,,,,,,2025-06-23T23:09:27.732Z,2025-06-23T23:09:27.732Z
3064,,"Vlad the Impaler  - Blood Oaths - European History - Extra History - Part 2","https://www.youtube.com/watch?v=XjCKdhQ_QXE",,,,,,,2025-06-23T23:09:27.736Z,2025-06-23T23:09:27.736Z
3065,,"Vlad the Impaler  - Son of the Dragon - European History - Extra History - Part 1","https://www.youtube.com/watch?v=A38EIkIzgM8",,,,,,,2025-06-23T23:09:27.741Z,2025-06-23T23:09:27.741Z
3066,,"Vlad the Impaler - LIES  - World History - Extra History","https://www.youtube.com/watch?v=lHTWV2kZE10",,,,,,,2025-06-23T23:09:27.745Z,2025-06-23T23:09:27.745Z
3067,,"Vlad the Impaler - Raising The Stakes - European History - Extra History - Part 3","https://www.youtube.com/watch?v=hbRcAHMG_l4",,,,,,,2025-06-23T23:09:27.750Z,2025-06-23T23:09:27.750Z
3068,,"Vlad the Impaler - The Living Dead - European History - Extra History - Part 5","https://www.youtube.com/watch?v=C-emJnmI5XU",,,,,,,2025-06-23T23:09:27.754Z,2025-06-23T23:09:27.754Z
3069,,"Vlad the Impaler - War in the Dark - European History - Extra History - Part 4","https://www.youtube.com/watch?v=OnDHjdX1aQE",,,,,,,2025-06-23T23:09:27.759Z,2025-06-23T23:09:27.759Z
3070,,"Vlad the Impaler | Extra History Complete | European History","https://www.youtube.com/watch?v=BvFwqVzEsfw",,,,,,,2025-06-23T23:09:27.763Z,2025-06-23T23:09:27.763Z
3071,,"Voting in America | From Barkers to Booths | US History | Extra History","https://www.youtube.com/watch?v=vQfm-6duBb8",,,,,,,2025-06-23T23:09:27.768Z,2025-06-23T23:09:27.768Z
3072,,"Warlocks and Warriors - Russian Myth - Extra Mythology","https://www.youtube.com/watch?v=9KrBm1qpCnE",,,,,,,2025-06-23T23:09:27.773Z,2025-06-23T23:09:27.773Z
3073,,"Warring States Japan: Sengoku Jidai - Battle of Okehazama - Extra History - Part 1","https://www.youtube.com/watch?v=hDsdkoln59A",,,,,,,2025-06-23T23:09:27.778Z,2025-06-23T23:09:27.778Z
3074,,"Warring States Japan: Sengoku Jidai - How Toyotomi Unified Japan - Extra History - Part 5","https://www.youtube.com/watch?v=lBD8OAegEw0",,,,,,,2025-06-23T23:09:27.783Z,2025-06-23T23:09:27.783Z
3075,,"Warring States Japan: Sengoku Jidai - Lies - Extra History","https://www.youtube.com/watch?v=0lNYvGEmRO4",,,,,,,2025-06-23T23:09:27.787Z,2025-06-23T23:09:27.787Z
3076,,"Warring States Japan: Sengoku Jidai - The Campaign of Sekigahara - Extra History - Part 6","https://www.youtube.com/watch?v=5vscOHPFUf0&t=527s",,,,,,,2025-06-23T23:09:27.792Z,2025-06-23T23:09:27.792Z
3077,,"Warring States Japan: Sengoku Jidai - The Death of Oda Nobunaga - Extra History - Part 4","https://www.youtube.com/watch?v=ht6h4-MsMOY",,,,,,,2025-06-23T23:09:27.796Z,2025-06-23T23:09:27.796Z
3078,,"Warring States Japan: Sengoku Jidai - The Siege of Inabayama Castle - Extra History - Part 2","https://www.youtube.com/watch?v=I2yT2nitGDk",,,,,,,2025-06-23T23:09:27.801Z,2025-06-23T23:09:27.801Z
3079,,"Warring States Japan: Sengoku Jidai - Warrior Monks of Hongan-ji and Hiei - Extra History - Part 3","https://www.youtube.com/watch?v=G3frtoMaxZE",,,,,,,2025-06-23T23:09:27.806Z,2025-06-23T23:09:27.806Z
3080,,"Wendigo Origins - Mythology Matters - Extra Mythology","https://www.youtube.com/watch?v=936xJH4PKoo",,,,,,,2025-06-23T23:09:27.810Z,2025-06-23T23:09:27.810Z
3081,,"When the Crimean War Went Full FUBAR - European History - Extra History","https://www.youtube.com/watch?v=LlzIvneMCII",,,,,,,2025-06-23T23:09:27.815Z,2025-06-23T23:09:27.815Z
3082,,"Who Wants to Live Forever? - Frederick the Great - European History - Part 5 - Extra History","https://www.youtube.com/watch?v=yjVrcnMbgQM",,,,,,,2025-06-23T23:09:27.820Z,2025-06-23T23:09:27.820Z
3083,,"Who Writes the Rules? - Rules, Part 3 - Extra Politics - Part 6","https://www.youtube.com/watch?v=qEUfC7hk5tM",,,,,,,2025-06-23T23:09:27.825Z,2025-06-23T23:09:27.825Z
3084,,"William Gibson: The 80s Revolution - Extra Sci Fi","https://www.youtube.com/watch?v=VhoxtWLMqD4",,,,,,,2025-06-23T23:09:27.830Z,2025-06-23T23:09:27.830Z
3085,,"William Gibson: The Belonging Kind - Extra Sci Fi","https://www.youtube.com/watch?v=oOFB_SJEa-Q",,,,,,,2025-06-23T23:09:27.835Z,2025-06-23T23:09:27.835Z
3086,,"William Gibson: The Gernsback Continuum - Semiotic Ghosts - Extra Sci Fi","https://www.youtube.com/watch?v=dWjhxhMI-Qo",,,,,,,2025-06-23T23:09:27.840Z,2025-06-23T23:09:27.840Z
3087,,"World War I: The Seminal Tragedy - Lies - Extra History","https://www.youtube.com/watch?v=aiKGPAMIWKs",,,,,,,2025-06-23T23:09:27.845Z,2025-06-23T23:09:27.845Z
3088,,"World War I: The Seminal Tragedy - One Fateful Day in June - Extra History - Part 2","https://www.youtube.com/watch?v=kyCmh9G1fpo",,,,,,,2025-06-23T23:09:27.850Z,2025-06-23T23:09:27.850Z
3089,,"World War I: The Seminal Tragedy - The Concert of Europe - Extra History - Part 1","https://www.youtube.com/watch?v=S-wSL4WqUws",,,,,,,2025-06-23T23:09:27.855Z,2025-06-23T23:09:27.855Z
3090,,"World War I: The Seminal Tragedy - The Final Act - Extra History - Part 4","https://www.youtube.com/watch?v=WukYrrTH3ms",,,,,,,2025-06-23T23:09:27.860Z,2025-06-23T23:09:27.860Z
3091,,"World War I: The Seminal Tragedy - The July Crisis - Extra History - Part 3","https://www.youtube.com/watch?v=zroZqvr4whk",,,,,,,2025-06-23T23:09:27.864Z,2025-06-23T23:09:27.864Z
3092,,"World War Zero - The Crimean War - European History - Part 1 - Extra History","https://www.youtube.com/watch?v=yhudiiackzw",,,,,,,2025-06-23T23:09:27.869Z,2025-06-23T23:09:27.869Z
3093,,"Wu Zetian: Bloody Ghosts and Riots - Chinese History - Part 3 - Extra History","https://www.youtube.com/watch?v=Ujw7ndmOGPk",,,,,,,2025-06-23T23:09:27.874Z,2025-06-23T23:09:27.874Z
3094,,"Wu Zetian: Boy-Toys and Buddhas - Chinese History - Part 5 - Extra History","https://www.youtube.com/watch?v=omh_ReMW74M",,,,,,,2025-06-23T23:09:27.878Z,2025-06-23T23:09:27.878Z
3095,,"Wu Zetian: ChinaΓÇÖs Most Famous Murder - Chinese History - Part 2 - Extra History","https://www.youtube.com/watch?v=xmOM-Ng2hKw",,,,,,,2025-06-23T23:09:27.883Z,2025-06-23T23:09:27.883Z
3096,,"Wu Zetian: Finally Emperor - Chinese History - Part 4 - Extra History","https://www.youtube.com/watch?v=dd8PXhuU1K8",,,,,,,2025-06-23T23:09:27.888Z,2025-06-23T23:09:27.888Z
3097,,"Wu Zetian: Hated by Gods and Men - Chinese History - Part 1 - Extra History","https://www.youtube.com/watch?v=WBt0T256HD0",,,,,,,2025-06-23T23:09:27.892Z,2025-06-23T23:09:27.892Z
3098,,"Wuthering Heights - Emily Bront├½ - So You Haven't Read","https://www.youtube.com/watch?v=Pm54yK_npUI",,,,,,,2025-06-23T23:09:27.897Z,2025-06-23T23:09:27.897Z
3099,,"WW1 Christmas Truce: Letters from the Trenches - Extra History - Part 2","https://www.youtube.com/watch?v=9Pey-HmXGfs",,,,,,,2025-06-23T23:09:27.901Z,2025-06-23T23:09:27.901Z
3100,,"WW1 Christmas Truce: Silent Night - Extra History - Part 1","https://www.youtube.com/watch?v=WUlPNWDvk-c",,,,,,,2025-06-23T23:09:27.906Z,2025-06-23T23:09:27.906Z
3101,,"WW2: The Resource War - Arsenal of Democracy - Extra History - Part 1","https://www.youtube.com/watch?v=NYv-GC8DgMk",,,,,,,2025-06-23T23:09:27.910Z,2025-06-23T23:09:27.910Z
3102,,"WW2: The Resource War - Lend-Lease - Extra History - Part 2","https://www.youtube.com/watch?v=N5PTeDe4jTQ",,,,,,,2025-06-23T23:09:27.915Z,2025-06-23T23:09:27.915Z
3103,,"WW2: The Resource War - Strategic Bombing - Extra History - Part 4","https://www.youtube.com/watch?v=zOXbYAd6TLo",,,,,,,2025-06-23T23:09:27.920Z,2025-06-23T23:09:27.920Z
3104,,"WW2: The Resource War - The Engines of War - Extra History - Part 3","https://www.youtube.com/watch?v=OvDsvHNvVZw",,,,,,,2025-06-23T23:09:27.925Z,2025-06-23T23:09:27.925Z
3105,,"Yggdrasil - Nine Worlds of the Norse - Extra Mythology","https://www.youtube.com/watch?v=HIL7TAO1cT4",,,,,,,2025-06-23T23:09:27.929Z,2025-06-23T23:09:27.929Z
3106,,"Zahhak the Demon King - Persian Myth #1 - Extra Mythology","https://www.youtube.com/watch?v=dcSe1ggaJ5g",,,,,,,2025-06-23T23:09:27.934Z,2025-06-23T23:09:27.934Z
3107,,"Zal and Rudabeh: A Love Story - Persian Myth - Part 2 - Extra Mythology","https://www.youtube.com/watch?v=GAzdy-72rzg",,,,,,,2025-06-23T23:09:27.939Z,2025-06-23T23:09:27.939Z
3108,,"Zoey & Chill - LoFi Beats to Design to - Extra Credits","https://www.youtube.com/watch?v=21Mg41THavw",,,,,,,2025-06-23T23:09:27.944Z,2025-06-23T23:09:27.944Z
3109,,"Zulu Empire - Lies - Extra History","https://www.youtube.com/watch?v=0C6pjINyK5Y",,,,,,,2025-06-23T23:09:27.949Z,2025-06-23T23:09:27.949Z
3110,,"┼îkuninushiΓÇÖs Tale - Japanese Myth - Extra Mythology","https://www.youtube.com/watch?v=gPnSgEfmvUo",,,,,,,2025-06-23T23:09:27.954Z,2025-06-23T23:09:27.954Z
3111,,"The Enuma Elish: The Babylonian Creation Myth","https://www.youtube.com/watch?v=50WE_wzBoww",,,,,,,2025-06-23T23:09:27.962Z,2025-06-23T23:09:27.962Z
3112,,"The Transatlantic Slave Trade: Crash Course Black American History #1","https://www.youtube.com/watch?v=S72vvfBTQws",,,,,,,2025-06-23T23:09:27.971Z,2025-06-23T23:09:27.971Z
3113,,"The Fugitive Slave Act of 1793: Crash Course Black American History #10","https://www.youtube.com/watch?v=AcdOWKiKgWU",,,,,,,2025-06-23T23:09:27.976Z,2025-06-23T23:09:27.976Z
3114,,"Women's Experience Under Slavery: Crash Course Black American History #11","https://www.youtube.com/watch?v=eAe7ETfQ_aA",,,,,,,2025-06-23T23:09:27.980Z,2025-06-23T23:09:27.980Z
3115,,"The Louisiana Rebellion of 1811: Crash Course Black American History #12","https://www.youtube.com/watch?v=fYOA_sS5q-A",,,,,,,2025-06-23T23:09:27.985Z,2025-06-23T23:09:27.985Z
3116,,"The Rise of Cotton: Crash Course Black American History #13","https://www.youtube.com/watch?v=83eJfEFFZ74",,,,,,,2025-06-23T23:09:27.989Z,2025-06-23T23:09:27.989Z
3117,,"Maria Stewart: Crash Course Black American History #14","https://www.youtube.com/watch?v=nsVnWD5PrIg",,,,,,,2025-06-23T23:09:27.994Z,2025-06-23T23:09:27.994Z
3118,,"The Underground Railroad: Crash Course Black American History #15","https://www.youtube.com/watch?v=Byh-HityBIM",,,,,,,2025-06-23T23:09:27.999Z,2025-06-23T23:09:27.999Z
3119,,"The Dred Scott Decision: Crash Course Black American History #16","https://www.youtube.com/watch?v=9VffLWl8asY",,,,,,,2025-06-23T23:09:28.003Z,2025-06-23T23:09:28.003Z
3120,,"Frederick Douglass: Crash Course Black American History #17","https://www.youtube.com/watch?v=7QOTexnD-NE",,,,,,,2025-06-23T23:09:28.007Z,2025-06-23T23:09:28.007Z
3121,,"Black Americans in the Civil War: Crash Course Black American History #18","https://www.youtube.com/watch?v=_NgdnsjPFNE",,,,,,,2025-06-23T23:09:28.012Z,2025-06-23T23:09:28.012Z
3122,,"Reconstruction: Crash Course Black American History #19","https://www.youtube.com/watch?v=NGPAnLDzQYY",,,,,,,2025-06-23T23:09:28.016Z,2025-06-23T23:09:28.016Z
3123,,"Slavery in the American Colonies: Crash Course Black American History #2","https://www.youtube.com/watch?v=G4syEkyOzmY",,,,,,,2025-06-23T23:09:28.021Z,2025-06-23T23:09:28.021Z
3124,,"Ida B. Wells: Crash Course Black American History #20","https://www.youtube.com/watch?v=ocbAfpjibr4",,,,,,,2025-06-23T23:09:28.026Z,2025-06-23T23:09:28.026Z
3125,,"Plessy v Ferguson and Segregation: Crash Course Black American History #21","https://www.youtube.com/watch?v=nbZUQGPMTjk",,,,,,,2025-06-23T23:09:28.031Z,2025-06-23T23:09:28.031Z
3126,,"Booker T. Washington and W.E.B DuBois: Crash Course Black American History #22","https://www.youtube.com/watch?v=zHn-vSTMOWE",,,,,,,2025-06-23T23:09:28.035Z,2025-06-23T23:09:28.035Z
3127,,"The Black Women's Club Movement: Crash Course Black American History #23","https://www.youtube.com/watch?v=Cy2ODAB8mJs",,,,,,,2025-06-23T23:09:28.040Z,2025-06-23T23:09:28.040Z
3128,,"The Great Migration: Crash Course Black American History #24","https://www.youtube.com/watch?v=Woh63FlFDBk",,,,,,,2025-06-23T23:09:28.046Z,2025-06-23T23:09:28.046Z
3129,,"The Red Summer of 1919: Crash Course Black American History #25","https://www.youtube.com/watch?v=Q_1Zwm8N_vo",,,,,,,2025-06-23T23:09:28.050Z,2025-06-23T23:09:28.050Z
3130,,"Arts and Letters of the Harlem Renaissance: Crash Course Black American History #26","https://www.youtube.com/watch?v=vKaegbtcE00",,,,,,,2025-06-23T23:09:28.055Z,2025-06-23T23:09:28.055Z
3131,,"Political Thought in the Harlem Renaissance: Crash Course Black American History #27","https://www.youtube.com/watch?v=0HY8d4ABHQA",,,,,,,2025-06-23T23:09:28.059Z,2025-06-23T23:09:28.059Z
3132,,"The Great Depression: Crash Course Black American History #28","https://www.youtube.com/watch?v=f14kiGoexVg",,,,,,,2025-06-23T23:09:28.064Z,2025-06-23T23:09:28.064Z
3133,,"The Tuskegee Experiment: Crash Course Black American History #29","https://www.youtube.com/watch?v=56gqCXlUCoE",,,,,,,2025-06-23T23:09:28.068Z,2025-06-23T23:09:28.068Z
3134,,"Elizabeth Key: Crash Course Black American History #3","https://www.youtube.com/watch?v=hJUknOKAv1M",,,,,,,2025-06-23T23:09:28.073Z,2025-06-23T23:09:28.073Z
3135,,"Zora Neale Hurston: Crash Course Black American History #30","https://www.youtube.com/watch?v=72ABMa_PuHU",,,,,,,2025-06-23T23:09:28.080Z,2025-06-23T23:09:28.080Z
3136,,"Randolph, Rustin, & the Origins of the March on Washington: Crash Course Black American History #32","https://www.youtube.com/watch?v=vDNkw13NAA0",,,,,,,2025-06-23T23:09:28.084Z,2025-06-23T23:09:28.084Z
3137,,"School Segregation and Brown v Board: Crash Course Black American History #33","https://www.youtube.com/watch?v=NBlqcAEv4nk",,,,,,,2025-06-23T23:09:28.089Z,2025-06-23T23:09:28.089Z
3138,,"Emmett Till: Crash Course Black American History #34","https://www.youtube.com/watch?v=4HljsKwpv3g",,,,,,,2025-06-23T23:09:28.093Z,2025-06-23T23:09:28.093Z
3139,,"The Montgomery Bus Boycott: Crash Course Black American History #35","https://www.youtube.com/watch?v=ylOpide9dus",,,,,,,2025-06-23T23:09:28.098Z,2025-06-23T23:09:28.098Z
3140,,"Martin Luther King, Jr: Crash Course Black American History #36","https://www.youtube.com/watch?v=BmeUT7zH62E",,,,,,,2025-06-23T23:09:28.103Z,2025-06-23T23:09:28.103Z
3141,,"Student Civil Rights Activism: Crash Course Black American History #37","https://www.youtube.com/watch?v=F624q1jBd0Y",,,,,,,2025-06-23T23:09:28.107Z,2025-06-23T23:09:28.107Z
3142,,"Malcolm X and the Rise of Black Power: Crash Course Black American History #38","https://www.youtube.com/watch?v=8woU9Rq0cPI",,,,,,,2025-06-23T23:09:28.112Z,2025-06-23T23:09:28.112Z
3143,,"The Black Panther Party: Crash Course Black American History #39","https://www.youtube.com/watch?v=ao0Jozn_7HM",,,,,,,2025-06-23T23:09:28.116Z,2025-06-23T23:09:28.116Z
3144,,"Slave Codes: Crash Course Black American History #4","https://www.youtube.com/watch?v=gu9RIGGXeNo",,,,,,,2025-06-23T23:09:28.121Z,2025-06-23T23:09:28.121Z
3145,,"Women and the Black Power Movement: Crash Course Black American History #40","https://www.youtube.com/watch?v=j-OMR3h4Isw",,,,,,,2025-06-23T23:09:28.126Z,2025-06-23T23:09:28.126Z
3146,,"Marsha P. Johnson and the Stonewall Rebellion: Crash Course Black American History #41","https://www.youtube.com/watch?v=ftcvaJCKVjs",,,,,,,2025-06-23T23:09:28.130Z,2025-06-23T23:09:28.130Z
3147,,"The War on Drugs: Crash Course Black American History #42","https://www.youtube.com/watch?v=shGpC_WVDQk",,,,,,,2025-06-23T23:09:28.135Z,2025-06-23T23:09:28.135Z
3148,,"Shirley Chisholm: Crash Course Black American History #43","https://www.youtube.com/watch?v=ATfkyVN7M5c",,,,,,,2025-06-23T23:09:28.139Z,2025-06-23T23:09:28.139Z
3149,,"Jesse Jackson: Crash Course Black American History #44","https://www.youtube.com/watch?v=C2vl1mixqLU",,,,,,,2025-06-23T23:09:28.144Z,2025-06-23T23:09:28.144Z
3150,,"Los Angeles Uprisings: Crash Course Black American History #45","https://www.youtube.com/watch?v=prKS4YsSnmE",,,,,,,2025-06-23T23:09:28.148Z,2025-06-23T23:09:28.148Z
3151,,"Anita Hill and Clarence Thomas: Crash Course Black American History #46","https://www.youtube.com/watch?v=t_uMce7lK94",,,,,,,2025-06-23T23:09:28.153Z,2025-06-23T23:09:28.153Z
3152,,"Rap and Hip Hop: Crash Course Black American History #47","https://www.youtube.com/watch?v=RHCA5b9TkVg",,,,,,,2025-06-23T23:09:28.158Z,2025-06-23T23:09:28.158Z
3153,,"Toni Morrison: Crash Course Black American History #48","https://www.youtube.com/watch?v=CbzLFgW_Wgc",,,,,,,2025-06-23T23:09:28.162Z,2025-06-23T23:09:28.162Z
3154,,"Hurricane Katrina: Crash Course Black American History #49","https://www.youtube.com/watch?v=VmqZvlj07-w",,,,,,,2025-06-23T23:09:28.166Z,2025-06-23T23:09:28.166Z
3155,,"The Germantown Petition Against Slavery: Crash Course Black American History #5","https://www.youtube.com/watch?v=XT8q6cYsVpc",,,,,,,2025-06-23T23:09:28.171Z,2025-06-23T23:09:28.171Z
3156,,"Barack Obama: Crash Course Black American History #50","https://www.youtube.com/watch?v=VKWEwBxDd9k",,,,,,,2025-06-23T23:09:28.175Z,2025-06-23T23:09:28.175Z
3157,,"Black Lives Matter: Crash Course Black American History #51","https://www.youtube.com/watch?v=i_OU4EcWQ6I",,,,,,,2025-06-23T23:09:28.181Z,2025-06-23T23:09:28.181Z
3158,,"The Stono Rebellion: Crash Course Black American History #6","https://www.youtube.com/watch?v=pND-9KhM1Xw",,,,,,,2025-06-23T23:09:28.185Z,2025-06-23T23:09:28.185Z
3159,,"Phillis Wheatley: Crash Course Black American History #7","https://www.youtube.com/watch?v=a3l9Pmza7Gs",,,,,,,2025-06-23T23:09:28.190Z,2025-06-23T23:09:28.190Z
3160,,"The American Revolution: Crash Course Black American History #8","https://www.youtube.com/watch?v=y75yPx9WKHY",,,,,,,2025-06-23T23:09:28.194Z,2025-06-23T23:09:28.194Z
3161,,"The US Constitution, 3/5, and the Slave Trade Clause: Crash Course Black American History #9","https://www.youtube.com/watch?v=57xUbch1viI",,,,,,,2025-06-23T23:09:28.199Z,2025-06-23T23:09:28.199Z
3162,,"How and Why We Read: Crash Course English Literature #1","https://www.youtube.com/watch?v=MSYw502dJNY",,,,,,,2025-06-23T23:09:28.204Z,2025-06-23T23:09:28.204Z
3163,,"Of Pentameter & Bear Baiting - Romeo & Juliet Part 1: Crash Course English Literature #2","https://www.youtube.com/watch?v=I4kz-C7GryY",,,,,,,2025-06-23T23:09:28.208Z,2025-06-23T23:09:28.208Z
3164,,"Love or Lust? Romeo and Juliet Part 2: Crash Course English Literature #3","https://www.youtube.com/watch?v=9J4hoAatGRQ",,,,,,,2025-06-23T23:09:28.213Z,2025-06-23T23:09:28.213Z
3165,,"Like Pale Gold - The Great Gatsby Part 1: Crash Course English Literature #4","https://www.youtube.com/watch?v=xw9Au9OoN88",,,,,,,2025-06-23T23:09:28.217Z,2025-06-23T23:09:28.217Z
3166,,"Was Gatsby Great? The Great Gatsby Part 2: Crash Course English Literature #5","https://www.youtube.com/watch?v=cn0WZ8-0Z1Y",,,,,,,2025-06-23T23:09:28.222Z,2025-06-23T23:09:28.222Z
3167,,"Holden, JD, and the Red Cap - The Catcher in the Rye Part 2: Crash Course English Literature #7","https://www.youtube.com/watch?v=LI1CusL7Ceo",,,,,,,2025-06-23T23:09:28.227Z,2025-06-23T23:09:28.227Z
3168,,"Before I Got My Eye Put Out - The Poetry of Emily Dickinson: Crash Course English Literature #8","https://www.youtube.com/watch?v=R4WwhOdk_Eg",,,,,,,2025-06-23T23:09:28.232Z,2025-06-23T23:09:28.232Z
3169,,"Medieval Europe: Crash Course European History #1","https://www.youtube.com/watch?v=rNCw2MOfnLQ",,,,,,,2025-06-23T23:09:28.236Z,2025-06-23T23:09:28.236Z
3170,,"Witchcraft: Crash Course European History #10","https://www.youtube.com/watch?v=rW4XFiHUQAs",,,,,,,2025-06-23T23:09:28.241Z,2025-06-23T23:09:28.241Z
3171,,"The 17th Century Crisis: Crash Course European History #11","https://www.youtube.com/watch?v=cmKHYpC_jVs",,,,,,,2025-06-23T23:09:28.246Z,2025-06-23T23:09:28.246Z
3172,,"Scientific Revolution: Crash Course European History #12","https://www.youtube.com/watch?v=w70BkCqgyyI",,,,,,,2025-06-23T23:09:28.251Z,2025-06-23T23:09:28.251Z
3173,,"Absolute Monarchy: Crash Course European History #13","https://www.youtube.com/watch?v=YYPAFqQgbqE",,,,,,,2025-06-23T23:09:28.255Z,2025-06-23T23:09:28.255Z
3174,,"English Civil War: Crash Course European History #14","https://www.youtube.com/watch?v=dyk3bI_Y68Y",,,,,,,2025-06-23T23:09:28.260Z,2025-06-23T23:09:28.260Z
3175,,"Dutch Golden Age: Crash Course European History #15","https://www.youtube.com/watch?v=35PinDPNPw0",,,,,,,2025-06-23T23:09:28.265Z,2025-06-23T23:09:28.265Z
3176,,"Eastern Europe Consolidates: Crash Course European History #16","https://www.youtube.com/watch?v=VwlrvAvcO28",,,,,,,2025-06-23T23:09:28.270Z,2025-06-23T23:09:28.270Z
3177,,"The Rise of Russia and Prussia: Crash Course European History #17","https://www.youtube.com/watch?v=FBzRaxLdjZE",,,,,,,2025-06-23T23:09:28.274Z,2025-06-23T23:09:28.274Z
3178,,"The Enlightenment: Crash Course European History #18","https://www.youtube.com/watch?v=NnoFj2cMRLY",,,,,,,2025-06-23T23:09:28.279Z,2025-06-23T23:09:28.279Z
3179,,"Enlightened Monarchs: Crash Course European History #19","https://www.youtube.com/watch?v=k108xCzJhbs",,,,,,,2025-06-23T23:09:28.284Z,2025-06-23T23:09:28.284Z
3180,,"Florence and the Renaissance: Crash Course European History #2","https://www.youtube.com/watch?v=tecocKSclwc",,,,,,,2025-06-23T23:09:28.289Z,2025-06-23T23:09:28.289Z
3181,,"18th Century Warfare: Crash Course European History #20","https://www.youtube.com/watch?v=xbbYCe2o1SI",,,,,,,2025-06-23T23:09:28.294Z,2025-06-23T23:09:28.294Z
3182,,"The French Revolution: Crash Course European History #21","https://www.youtube.com/watch?v=5fJl_ZX91l0",,,,,,,2025-06-23T23:09:28.298Z,2025-06-23T23:09:28.298Z
3183,,"Napoleon Bonaparte: Crash Course European History #22","https://www.youtube.com/watch?v=Pd6E38FfuMg",,,,,,,2025-06-23T23:09:28.303Z,2025-06-23T23:09:28.303Z
3184,,"The Congress of Vienna: Crash Course European History #23","https://www.youtube.com/watch?v=DuVw9sGpWUc",,,,,,,2025-06-23T23:09:28.307Z,2025-06-23T23:09:28.307Z
3185,,"The Industrial Revolution: Crash Course European History #24","https://www.youtube.com/watch?v=zjK7PWmRRyg",,,,,,,2025-06-23T23:09:28.312Z,2025-06-23T23:09:28.312Z
3186,,"Reform and Revolution 1815-1848: Crash Course European History #25","https://www.youtube.com/watch?v=_uKp4FHPjHU",,,,,,,2025-06-23T23:09:28.317Z,2025-06-23T23:09:28.317Z
3187,,"Revolutions of 1848: Crash Course European History #26","https://www.youtube.com/watch?v=cXTaP1BD1YY",,,,,,,2025-06-23T23:09:28.321Z,2025-06-23T23:09:28.321Z
3188,,"Italian and German Unification: Crash Course European History #27","https://www.youtube.com/watch?v=KSjDe9_jZk8",,,,,,,2025-06-23T23:09:28.325Z,2025-06-23T23:09:28.325Z
3189,,"Expansion and Resistance: Crash Course European History #28","https://www.youtube.com/watch?v=eBA7P-zKbi8",,,,,,,2025-06-23T23:09:28.330Z,2025-06-23T23:09:28.330Z
3190,,"Migration: Crash Course European History #29","https://www.youtube.com/watch?v=MN8fjAjLLpg",,,,,,,2025-06-23T23:09:28.334Z,2025-06-23T23:09:28.334Z
3191,,"The Northern Renaissance: Crash Course European History #3","https://www.youtube.com/watch?v=EuzAbE-kPkM",,,,,,,2025-06-23T23:09:28.339Z,2025-06-23T23:09:28.339Z
3192,,"Modern Life: Crash Course European History #30","https://www.youtube.com/watch?v=meC5Zl5PC1U",,,,,,,2025-06-23T23:09:28.344Z,2025-06-23T23:09:28.344Z
3193,,"Modern Thought and Culture in 1900: Crash Course European History #31","https://www.youtube.com/watch?v=xGjpTjeGuZc",,,,,,,2025-06-23T23:09:28.349Z,2025-06-23T23:09:28.349Z
3194,,"The Roads to World War I: Crash Course European History #32","https://www.youtube.com/watch?v=KGlmlSTn-eM",,,,,,,2025-06-23T23:09:28.353Z,2025-06-23T23:09:28.353Z
3195,,"World War I Battlefields: Crash Course European History #33","https://www.youtube.com/watch?v=IIiDULrXaqQ",,,,,,,2025-06-23T23:09:28.357Z,2025-06-23T23:09:28.357Z
3196,,"WWI's Civilians, the Homefront, and an Uneasy Peace: Crash Course European History #34","https://www.youtube.com/watch?v=dPXNZkGYJHM",,,,,,,2025-06-23T23:09:28.362Z,2025-06-23T23:09:28.362Z
3197,,"Russian Revolution and Civil War: Crash Course European History #35","https://www.youtube.com/watch?v=U6KR4cLLVzQ",,,,,,,2025-06-23T23:09:28.366Z,2025-06-23T23:09:28.366Z
3198,,"Post-World War I Recovery: Crash Course European History #36","https://www.youtube.com/watch?v=xzWL2XPBHMk",,,,,,,2025-06-23T23:09:28.371Z,2025-06-23T23:09:28.371Z
3199,,"Economic Depression and Dictators: Crash Course European History #37","https://www.youtube.com/watch?v=Ojo8-GhhQcA",,,,,,,2025-06-23T23:09:28.375Z,2025-06-23T23:09:28.375Z
3200,,"World War II: Crash Course European History #38","https://www.youtube.com/watch?v=Hs_JMydrxZM",,,,,,,2025-06-23T23:09:28.380Z,2025-06-23T23:09:28.380Z
3201,,"World War II Civilians and Soldiers: Crash Course European History #39","https://www.youtube.com/watch?v=rlx6ur_D51s",,,,,,,2025-06-23T23:09:28.385Z,2025-06-23T23:09:28.385Z
3202,,"The Age of Exploration: Crash Course European History #4","https://www.youtube.com/watch?v=wOclF9eP5uM",,,,,,,2025-06-23T23:09:28.390Z,2025-06-23T23:09:28.390Z
3203,,"The Holocaust,Genocides, and Mass Murder of WWII: Crash Course European History #40","https://www.youtube.com/watch?v=iQeDvnapdlg",,,,,,,2025-06-23T23:09:28.394Z,2025-06-23T23:09:28.394Z
3204,,"Post-War Rebuilding and the Cold War: Crash Course European History #41","https://www.youtube.com/watch?v=-rkIqtV07HE",,,,,,,2025-06-23T23:09:28.399Z,2025-06-23T23:09:28.399Z
3205,,"Post-World War II Recovery: Crash Course European History #42","https://www.youtube.com/watch?v=nlp068CmQaE",,,,,,,2025-06-23T23:09:28.404Z,2025-06-23T23:09:28.404Z
3206,,"Decolonization: Crash Course European History #43","https://www.youtube.com/watch?v=FlMKqRCNX9c",,,,,,,2025-06-23T23:09:28.408Z,2025-06-23T23:09:28.408Z
3207,,"Revolutions in Science and Tech: Crash Course European History #44","https://www.youtube.com/watch?v=zDEmHQhGkBg",,,,,,,2025-06-23T23:09:28.413Z,2025-06-23T23:09:28.413Z
3208,,"Protests East and West: Crash Course European History #45","https://www.youtube.com/watch?v=fs_SvMr5IPE",,,,,,,2025-06-23T23:09:28.417Z,2025-06-23T23:09:28.417Z
3209,,"The Soviet Bloc Unwinds: Crash Course European History #46","https://www.youtube.com/watch?v=aStaPgdvIdI",,,,,,,2025-06-23T23:09:28.422Z,2025-06-23T23:09:28.422Z
3210,,"The Fall of Communism: Crash Course European History #47","https://www.youtube.com/watch?v=OfJ8Wzanhr4",,,,,,,2025-06-23T23:09:28.427Z,2025-06-23T23:09:28.427Z
3211,,"Europe in the Global Age: Crash Course European History #48","https://www.youtube.com/watch?v=UauE2FUQYH0",,,,,,,2025-06-23T23:09:28.435Z,2025-06-23T23:09:28.435Z
3212,,"21st Century Challenges: Crash Course European History #49","https://www.youtube.com/watch?v=-_6978boAQ8",,,,,,,2025-06-23T23:09:28.443Z,2025-06-23T23:09:28.443Z
3213,,"Expansion and Consequences: Crash Course European History #5","https://www.youtube.com/watch?v=AcphphFoijY",,,,,,,2025-06-23T23:09:28.451Z,2025-06-23T23:09:28.451Z
3214,,"What History Was, Is, and Will Be: Crash Course European History #50","https://www.youtube.com/watch?v=1hAraGgEiAo",,,,,,,2025-06-23T23:09:28.461Z,2025-06-23T23:09:28.461Z
3215,,"The Protestant Reformation: Crash Course European History #6","https://www.youtube.com/watch?v=0eO0pPrGi6o",,,,,,,2025-06-23T23:09:28.476Z,2025-06-23T23:09:28.476Z
3216,,"Reformation and Consequences: Crash Course European History #7","https://www.youtube.com/watch?v=PbBDP1Elbbg",,,,,,,2025-06-23T23:09:28.481Z,2025-06-23T23:09:28.481Z
3217,,"Commerce, Agriculture, and Slavery: Crash Course European History #8","https://www.youtube.com/watch?v=mU2dhPlJWyY",,,,,,,2025-06-23T23:09:28.486Z,2025-06-23T23:09:28.486Z
3218,,"Catholic Counter-Reformation: Crash Course European History #9","https://www.youtube.com/watch?v=xy_M4pDjafo",,,,,,,2025-06-23T23:09:28.490Z,2025-06-23T23:09:28.490Z
3219,,"Citizen Kane: Crash Course Film Criticism #1","https://www.youtube.com/watch?v=qk0-m_LARCY",,,,,,,2025-06-23T23:09:28.495Z,2025-06-23T23:09:28.495Z
3220,,"The Limey: Crash Course Film Criticism #10","https://www.youtube.com/watch?v=Uxeqt6dIziQ",,,,,,,2025-06-23T23:09:28.522Z,2025-06-23T23:09:28.522Z
3221,,"Three Colors - Blue: Crash Course Film Criticism #11","https://www.youtube.com/watch?v=GVNy3x_PwFk",,,,,,,2025-06-23T23:09:28.527Z,2025-06-23T23:09:28.527Z
3222,,"The Eagle Huntress: Crash Course Film Criticism #12","https://www.youtube.com/watch?v=if36bqHypqk",,,,,,,2025-06-23T23:09:28.553Z,2025-06-23T23:09:28.553Z
3223,,"Moonlight: Crash Course Film Criticism #13","https://www.youtube.com/watch?v=Nlz9CCZSJ5I",,,,,,,2025-06-23T23:09:28.581Z,2025-06-23T23:09:28.581Z
3224,,"Beasts of No Nation: Crash Course Film Criticism #14","https://www.youtube.com/watch?v=1xURt0maugI",,,,,,,2025-06-23T23:09:28.588Z,2025-06-23T23:09:28.588Z
3225,,"2001 - A Space Odyssey: Crash Course Film Criticism #15","https://www.youtube.com/watch?v=KEEnap_h8cs",,,,,,,2025-06-23T23:09:28.613Z,2025-06-23T23:09:28.613Z
3226,,"Aliens: Crash Course Film Criticism #2","https://www.youtube.com/watch?v=VoZMOmjXENU",,,,,,,2025-06-23T23:09:28.618Z,2025-06-23T23:09:28.618Z
3227,,"Where Are My Children: Crash Course Film Criticism #4","https://www.youtube.com/watch?v=gOp7tYFk-38",,,,,,,2025-06-23T23:09:28.623Z,2025-06-23T23:09:28.623Z
3228,,"In the Mood For Love: Crash Course Film Criticism #5","https://www.youtube.com/watch?v=98QmnyyIXsY",,,,,,,2025-06-23T23:09:28.628Z,2025-06-23T23:09:28.628Z
3229,,"Do the Right Thing: Crash Course Film Criticism #6","https://www.youtube.com/watch?v=bZBmOd83Fds",,,,,,,2025-06-23T23:09:28.632Z,2025-06-23T23:09:28.632Z
3230,,"Lost in Translation: Crash Course Film Criticism #7","https://www.youtube.com/watch?v=2wRcDM_5rjs",,,,,,,2025-06-23T23:09:28.637Z,2025-06-23T23:09:28.637Z
3231,,"Apocalypse Now: Crash Course Film Criticism #8","https://www.youtube.com/watch?v=bVMGyXnnoRM",,,,,,,2025-06-23T23:09:28.642Z,2025-06-23T23:09:28.642Z
3232,,"Pan's Labyrinth: Crash Course Film Criticism #9","https://www.youtube.com/watch?v=NqDLB3JWfds",,,,,,,2025-06-23T23:09:28.646Z,2025-06-23T23:09:28.646Z
3233,,"Outtakes: Crash Course Film History","https://www.youtube.com/watch?v=f-nuAvmWaq4",,,,,,,2025-06-23T23:09:28.662Z,2025-06-23T23:09:28.662Z
3234,,"Movies are Magic: Crash Course Film History #1","https://www.youtube.com/watch?v=vsnB4iBb78o",,,,,,,2025-06-23T23:09:28.667Z,2025-06-23T23:09:28.667Z
3235,,"Breaking the Silence: Crash Course Film History #10","https://www.youtube.com/watch?v=lY_AilCb6gk",,,,,,,2025-06-23T23:09:28.671Z,2025-06-23T23:09:28.671Z
3236,,"The Golden Age of Hollywood: Crash Course Film History #11","https://www.youtube.com/watch?v=6KfBNrHU_SY",,,,,,,2025-06-23T23:09:28.676Z,2025-06-23T23:09:28.676Z
3237,,"Independent Cinema: Crash Course Film History #12","https://www.youtube.com/watch?v=opQC45irmN8",,,,,,,2025-06-23T23:09:28.681Z,2025-06-23T23:09:28.681Z
3238,,"Home Video: Crash Course Film History #13","https://www.youtube.com/watch?v=VfJ-6nQAmtk",,,,,,,2025-06-23T23:09:28.685Z,2025-06-23T23:09:28.685Z
3239,,"World Cinema - Part 1: Crash Course Film History #14","https://www.youtube.com/watch?v=mpQrcxfNl-o",,,,,,,2025-06-23T23:09:28.690Z,2025-06-23T23:09:28.690Z
3240,,"World Cinema - Part 2: Crash Course Film History #15","https://www.youtube.com/watch?v=qfu0lbsIGSs",,,,,,,2025-06-23T23:09:28.696Z,2025-06-23T23:09:28.696Z
3241,,"Experimental and Documentary Films: Crash Course Film History #16","https://www.youtube.com/watch?v=cCY-4NxXCU8",,,,,,,2025-06-23T23:09:28.701Z,2025-06-23T23:09:28.701Z
3242,,"The First Movie Camera: Crash Course Film History #2","https://www.youtube.com/watch?v=pKSmcmueTbA",,,,,,,2025-06-23T23:09:28.706Z,2025-06-23T23:09:28.706Z
3243,,"The Lumiere Brothers: Crash Course Film History #3","https://www.youtube.com/watch?v=aFkSjdaqbyE",,,,,,,2025-06-23T23:09:28.712Z,2025-06-23T23:09:28.712Z
3244,,"Georges Melies - Master of Illusion: Crash Course Film History #4","https://www.youtube.com/watch?v=L8is28gAOTc",,,,,,,2025-06-23T23:09:28.716Z,2025-06-23T23:09:28.716Z
3245,,"The Language of Film: Crash Course Film History #5","https://www.youtube.com/watch?v=V7ZHd1xU2w8",,,,,,,2025-06-23T23:09:28.721Z,2025-06-23T23:09:28.721Z
3246,,"The Birth of the Feature Film: Crash Course Film History #6","https://www.youtube.com/watch?v=HaBmjhmKWTs",,,,,,,2025-06-23T23:09:28.726Z,2025-06-23T23:09:28.726Z
3247,,"German Expressionism: Crash Course Film History #7","https://www.youtube.com/watch?v=K6XDyth0qxc",,,,,,,2025-06-23T23:09:28.731Z,2025-06-23T23:09:28.731Z
3248,,"Soviet Montage: Crash Course Film History #8","https://www.youtube.com/watch?v=-RtBAa4YCgo",,,,,,,2025-06-23T23:09:28.735Z,2025-06-23T23:09:28.735Z
3249,,"The Silent Era: Crash Course Film History #9","https://www.youtube.com/watch?v=ROOV9tucra0",,,,,,,2025-06-23T23:09:28.740Z,2025-06-23T23:09:28.740Z
3250,,"Intro to History of Science: Crash Course History of Science #1","https://www.youtube.com/watch?v=YvtCLceNf30",,,,,,,2025-06-23T23:09:28.745Z,2025-06-23T23:09:28.745Z
3251,,"Cathedrals and Universities: Crash Course History of Science #11","https://www.youtube.com/watch?v=0wDlLwLIFeI",,,,,,,2025-06-23T23:09:28.750Z,2025-06-23T23:09:28.750Z
3252,,"The Scientific Revolution: Crash Course History of Science #12","https://www.youtube.com/watch?v=vzo8vnxSARg",,,,,,,2025-06-23T23:09:28.755Z,2025-06-23T23:09:28.755Z
3253,,"The New Astronomy: Crash Course History of Science #13","https://www.youtube.com/watch?v=-FYvy3_egHw",,,,,,,2025-06-23T23:09:28.760Z,2025-06-23T23:09:28.760Z
3254,,"The Scientific Methods: Crash Course History of Science #14","https://www.youtube.com/watch?v=UdQreBq6MOY",,,,,,,2025-06-23T23:09:28.764Z,2025-06-23T23:09:28.764Z
3255,,"The New Anatomy: Crash Course History of Science #15","https://www.youtube.com/watch?v=3FX07HzYyqI",,,,,,,2025-06-23T23:09:28.769Z,2025-06-23T23:09:28.769Z
3256,,"The Columbian Exchange: Crash Course History of Science #16","https://www.youtube.com/watch?v=UC5km6-o2oM",,,,,,,2025-06-23T23:09:28.774Z,2025-06-23T23:09:28.774Z
3257,,"Newton and Leibniz: Crash Course History of Science #17","https://www.youtube.com/watch?v=9UKGPOwR-iw",,,,,,,2025-06-23T23:09:28.785Z,2025-06-23T23:09:28.785Z
3258,,"The New Chemistry: Crash Course History of Science #18","https://www.youtube.com/watch?v=_M694ED8GtI",,,,,,,2025-06-23T23:09:28.796Z,2025-06-23T23:09:28.796Z
3259,,"Biology Before Darwin: Crash Course History of Science #19","https://www.youtube.com/watch?v=K4CKmYSMT_0",,,,,,,2025-06-23T23:09:28.804Z,2025-06-23T23:09:28.804Z
3260,,"The Presocratics: Crash Course History of Science #2","https://www.youtube.com/watch?v=epCOGAa7tRQ",,,,,,,2025-06-23T23:09:28.808Z,2025-06-23T23:09:28.808Z
3261,,"Earth Science: Crash Course History of Science #20","https://www.youtube.com/watch?v=V2381lUhqc0",,,,,,,2025-06-23T23:09:28.813Z,2025-06-23T23:09:28.813Z
3262,,"The Industrial Revolution: Crash Course History of Science #21","https://www.youtube.com/watch?v=FCpqN7GmLYk",,,,,,,2025-06-23T23:09:28.817Z,2025-06-23T23:09:28.817Z
3263,,"Darwin and Natural Selection: Crash Course History of Science #22","https://www.youtube.com/watch?v=dfsUz2O2jww",,,,,,,2025-06-23T23:09:28.822Z,2025-06-23T23:09:28.822Z
3264,,"Eugenics and Francis Galton: Crash Course History of Science #23","https://www.youtube.com/watch?v=JeCKftkNKJ0",,,,,,,2025-06-23T23:09:28.827Z,2025-06-23T23:09:28.827Z
3265,,"Micro-Biology: Crash Course History of Science #24","https://www.youtube.com/watch?v=2JdBH2tys6M",,,,,,,2025-06-23T23:09:28.831Z,2025-06-23T23:09:28.831Z
3266,,"Genetics - Lost and Found: Crash Course History of Science #25","https://www.youtube.com/watch?v=QmiwQ0Kosa8",,,,,,,2025-06-23T23:09:28.836Z,2025-06-23T23:09:28.836Z
3267,,"Thermodynamics: Crash Course History of Science #26","https://www.youtube.com/watch?v=VpiLucwH-AQ",,,,,,,2025-06-23T23:09:28.841Z,2025-06-23T23:09:28.841Z
3268,,"Electricity: Crash Course History of Science #27","https://www.youtube.com/watch?v=JoscDcbAjbY",,,,,,,2025-06-23T23:09:28.845Z,2025-06-23T23:09:28.845Z
3269,,"Ford, Cars, and a New Revolution: Crash Course History of Science #28","https://www.youtube.com/watch?v=UPvwpYeOJnI",,,,,,,2025-06-23T23:09:28.850Z,2025-06-23T23:09:28.850Z
3270,,"Cinema, Radio, and Television: Crash Course History of Science #29","https://www.youtube.com/watch?v=go3AwYghhdI",,,,,,,2025-06-23T23:09:28.854Z,2025-06-23T23:09:28.854Z
3271,,"Plato and Aristotle: Crash Course History of Science #3","https://www.youtube.com/watch?v=rh0fxJkvL44",,,,,,,2025-06-23T23:09:28.860Z,2025-06-23T23:09:28.860Z
3272,,"The Mind/Brain: Crash Course History of Science #30","https://www.youtube.com/watch?v=bmsTvIJamIs",,,,,,,2025-06-23T23:09:28.864Z,2025-06-23T23:09:28.864Z
3273,,"Marie Curie and Spooky Rays: Crash Course History of Science #31","https://www.youtube.com/watch?v=7qlRjqUMX4E",,,,,,,2025-06-23T23:09:28.869Z,2025-06-23T23:09:28.869Z
3274,,"Einstein's Revolution: Crash Course History of Science #32","https://www.youtube.com/watch?v=NgVSHXOz3jI",,,,,,,2025-06-23T23:09:28.874Z,2025-06-23T23:09:28.874Z
3275,,"The Atomic Bomb: Crash Course History of Science #33","https://www.youtube.com/watch?v=w4q1fG1vh5I",,,,,,,2025-06-23T23:09:28.879Z,2025-06-23T23:09:28.879Z
3276,,"Biomedicine: Crash Course History of Science #34","https://www.youtube.com/watch?v=gQGWqA22s5s",,,,,,,2025-06-23T23:09:28.884Z,2025-06-23T23:09:28.884Z
3277,,"Genetics and The Modern Synthesis: Crash Course History of Science #35","https://www.youtube.com/watch?v=aax12eYKd4s",,,,,,,2025-06-23T23:09:28.888Z,2025-06-23T23:09:28.888Z
3278,,"The Computer and Turing: Crash Course History of Science #36","https://www.youtube.com/watch?v=3xdmEwTIsd0",,,,,,,2025-06-23T23:09:28.893Z,2025-06-23T23:09:28.893Z
3279,,"Air Travel and The Space Race: Crash Course History of Science #37","https://www.youtube.com/watch?v=QhULJr-LKbg",,,,,,,2025-06-23T23:09:28.900Z,2025-06-23T23:09:28.900Z
3280,,"Ecology: Crash Course History of Science #38","https://www.youtube.com/watch?v=KrwtWKPAcRs",,,,,,,2025-06-23T23:09:28.905Z,2025-06-23T23:09:28.905Z
3281,,"Controlling the Environment: Crash Course History of Science #39","https://www.youtube.com/watch?v=b51G5sB2_hM",,,,,,,2025-06-23T23:09:28.910Z,2025-06-23T23:09:28.910Z
3282,,"India: Crash Course History of Science #4","https://www.youtube.com/watch?v=bDQkpNbsly4",,,,,,,2025-06-23T23:09:28.915Z,2025-06-23T23:09:28.915Z
3283,,"Biotechnology: Crash Course History of Science #40","https://www.youtube.com/watch?v=Qo9gcZ0r8k8",,,,,,,2025-06-23T23:09:28.920Z,2025-06-23T23:09:28.920Z
3284,,"Bodies and Dollars: Crash Course History of Science #41","https://www.youtube.com/watch?v=RZvvZslgEWk",,,,,,,2025-06-23T23:09:28.925Z,2025-06-23T23:09:28.925Z
3285,,"The Century of the Gene: Crash Course History of Science #42","https://www.youtube.com/watch?v=TUvquCOGs3U",,,,,,,2025-06-23T23:09:28.929Z,2025-06-23T23:09:28.929Z
3286,,"The Internet and Computing: Crash Course History of Science #43","https://www.youtube.com/watch?v=ur9aGqcmq8M",,,,,,,2025-06-23T23:09:28.934Z,2025-06-23T23:09:28.934Z
3287,,"Life and Longevity: Crash Course History of Science #44","https://www.youtube.com/watch?v=JlfFcPYaJIc",,,,,,,2025-06-23T23:09:28.939Z,2025-06-23T23:09:28.939Z
3288,,"Climate Science: Crash Course History of Science #45","https://www.youtube.com/watch?v=LsFdROZ2OdA",,,,,,,2025-06-23T23:09:28.943Z,2025-06-23T23:09:28.943Z
3289,,"The Limits of History: Crash Course History of Science #46","https://www.youtube.com/watch?v=EhBhP-zk0_I",,,,,,,2025-06-23T23:09:28.948Z,2025-06-23T23:09:28.948Z
3290,,"The Americas and Time Keeping: Crash Course History of Science #5","https://www.youtube.com/watch?v=dCBDUDwaeCA",,,,,,,2025-06-23T23:09:28.953Z,2025-06-23T23:09:28.953Z
3291,,"Roman Engineering: Crash Course History of Science #6","https://www.youtube.com/watch?v=GcReek3z_38",,,,,,,2025-06-23T23:09:28.959Z,2025-06-23T23:09:28.959Z
3292,,"The Medieval Islamicate World: Crash Course History of Science #7","https://www.youtube.com/watch?v=bkVsus8Ehxs",,,,,,,2025-06-23T23:09:28.965Z,2025-06-23T23:09:28.965Z
3293,,"Medieval China: Crash Course History of Science #8","https://www.youtube.com/watch?v=F6Su3rBxea8",,,,,,,2025-06-23T23:09:28.970Z,2025-06-23T23:09:28.970Z
3294,,"Ancient & Medieval Medicine: Crash Course History of Science #9","https://www.youtube.com/watch?v=iGiZXQVGpbY",,,,,,,2025-06-23T23:09:28.974Z,2025-06-23T23:09:28.974Z
3295,,"A Long and Difficult Journey, or  The Odyssey: Crash Course Literature 201","https://www.youtube.com/watch?v=MS4jk5kavy4",,,,,,,2025-06-23T23:09:28.979Z,2025-06-23T23:09:28.979Z
3296,,"Fate, Family, and Oedipus Rex: Crash Course Literature 202","https://www.youtube.com/watch?v=Cj7R36s4dbM",,,,,,,2025-06-23T23:09:28.983Z,2025-06-23T23:09:28.983Z
3297,,"Ghosts, Murder, and More Murder - Hamlet Part 1: Crash Course Literature 203","https://www.youtube.com/watch?v=My14mZa-eq8",,,,,,,2025-06-23T23:09:28.988Z,2025-06-23T23:09:28.988Z
3298,,"Ophelia, Gertrude, and Regicide - Hamlet Part 2: Crash Course Literature 204","https://www.youtube.com/watch?v=nDCohlKUufs",,,,,,,2025-06-23T23:09:28.992Z,2025-06-23T23:09:28.992Z
3299,,"Don't Reanimate Corpses! Frankenstein Part 1: Crash Course Literature 205","https://www.youtube.com/watch?v=SyyrwoCec1k",,,,,,,2025-06-23T23:09:28.997Z,2025-06-23T23:09:28.997Z
3300,,"Frankenstein, Part 2: Crash Course Literature 206","https://www.youtube.com/watch?v=hRDjmyEvmBI",,,,,,,2025-06-23T23:09:29.006Z,2025-06-23T23:09:29.006Z
3301,,"If One Finger Brought Oil - Things Fall Apart Part 1: Crash Course Literature 208","https://www.youtube.com/watch?v=w1Kw94qjdQA",,,,,,,2025-06-23T23:09:29.014Z,2025-06-23T23:09:29.014Z
3302,,"Things Fall Apart, Part 2: Crash Course Literature 209","https://www.youtube.com/watch?v=oyvDYZ6hJNA",,,,,,,2025-06-23T23:09:29.022Z,2025-06-23T23:09:29.022Z
3303,,"Race, Class, and Gender in To Kill a Mockingbird: Crash Course Literature 211","https://www.youtube.com/watch?v=mDS32LEe1Ss",,,,,,,2025-06-23T23:09:29.028Z,2025-06-23T23:09:29.028Z
3304,,"Aliens, Time Travel, and Dresden - Slaughterhouse-Five Part 1: Crash Course Literature 212","https://www.youtube.com/watch?v=F6g7S2W27Kc",,,,,,,2025-06-23T23:09:29.032Z,2025-06-23T23:09:29.032Z
3305,,"PTSD and Alien Abduction - Slaughterhouse-Five Part 2: Crash Course Literature 213","https://www.youtube.com/watch?v=HyKhIiGKq5M",,,,,,,2025-06-23T23:09:29.037Z,2025-06-23T23:09:29.037Z
3306,,"Slavery, Ghosts, and Beloved: Crash Course Literature 214","https://www.youtube.com/watch?v=6lQyPgaakY4",,,,,,,2025-06-23T23:09:29.041Z,2025-06-23T23:09:29.041Z
3307,,"Langston Hughes and the Harlem Renaissance: Crash Course Literature 215","https://www.youtube.com/watch?v=ir0URpI9nKQ",,,,,,,2025-06-23T23:09:29.046Z,2025-06-23T23:09:29.046Z
3308,,"The Poetry of Sylvia Plath: Crash Course Literature 216","https://www.youtube.com/watch?v=iJn0ZPd6mYo",,,,,,,2025-06-23T23:09:29.051Z,2025-06-23T23:09:29.051Z
3309,,"Their Eyes Were Watching God: Crash Course Literature 301","https://www.youtube.com/watch?v=4kF0U8kIMp4",,,,,,,2025-06-23T23:09:29.055Z,2025-06-23T23:09:29.055Z
3310,,"The Adventures of Huckleberry Finn Part 1: Crash Course Literature 302","https://www.youtube.com/watch?v=WXKgBIiP8IA",,,,,,,2025-06-23T23:09:29.060Z,2025-06-23T23:09:29.060Z
3311,,"The Raft, the River, and The Weird Ending of Huckleberry Finn: Crash Course Literature 303","https://www.youtube.com/watch?v=ak8gydUl9gM",,,,,,,2025-06-23T23:09:29.065Z,2025-06-23T23:09:29.065Z
3312,,"Shakespeare's Sonnets: Crash Course Literature 304","https://www.youtube.com/watch?v=bDpW1sHrBaU",,,,,,,2025-06-23T23:09:29.069Z,2025-06-23T23:09:29.069Z
3313,,"Lord of the Flies: Crash Course Literature 305","https://www.youtube.com/watch?v=WfNiQBXmPw8",,,,,,,2025-06-23T23:09:29.075Z,2025-06-23T23:09:29.075Z
3314,,"100 Years of Solitude Part 1: Crash Course Literature 306","https://www.youtube.com/watch?v=YWNcCs__vQg",,,,,,,2025-06-23T23:09:29.080Z,2025-06-23T23:09:29.080Z
3315,,"100 Years of Solitude Part 2: Crash Course Literature 307","https://www.youtube.com/watch?v=Hlpv7nKt81A",,,,,,,2025-06-23T23:09:29.085Z,2025-06-23T23:09:29.085Z
3316,,"Invisible Man: Crash Course Literature 308","https://www.youtube.com/watch?v=hvfs4jIYHrI",,,,,,,2025-06-23T23:09:29.090Z,2025-06-23T23:09:29.090Z
3317,,"Sula: Crash Course Literature 309","https://www.youtube.com/watch?v=eAHYT5gIPZg",,,,,,,2025-06-23T23:09:29.095Z,2025-06-23T23:09:29.095Z
3318,,"1984 by George Orwell, Part 1: Crash Course Literature 401","https://www.youtube.com/watch?v=H9ipRaLa4Jw",,,,,,,2025-06-23T23:09:29.100Z,2025-06-23T23:09:29.100Z
3319,,"George Orwell's 1984, Part 2: Crash Course Literature 402","https://www.youtube.com/watch?v=JBYqV2sK918",,,,,,,2025-06-23T23:09:29.105Z,2025-06-23T23:09:29.105Z
3320,,"The Handmaid's Tale, Part 1: Crash Course Literature 403","https://www.youtube.com/watch?v=PubyDwbNqYA",,,,,,,2025-06-23T23:09:29.109Z,2025-06-23T23:09:29.109Z
3321,,"The Handmaid's Tale, Part 2: Crash Course Literature 404","https://www.youtube.com/watch?v=zj05QxebnC4",,,,,,,2025-06-23T23:09:29.114Z,2025-06-23T23:09:29.114Z
3322,,"Candide: Crash Course Literature 405","https://www.youtube.com/watch?v=XJc9iprkVzg",,,,,,,2025-06-23T23:09:29.119Z,2025-06-23T23:09:29.119Z
3323,,"The Parable of the Sower: Crash Course Literature 406","https://www.youtube.com/watch?v=6iVGuMyKFgA",,,,,,,2025-06-23T23:09:29.123Z,2025-06-23T23:09:29.123Z
3324,,"The Yellow Wallpaper: Crash Course Literature 407","https://www.youtube.com/watch?v=rtepIKeNHPU",,,,,,,2025-06-23T23:09:29.129Z,2025-06-23T23:09:29.129Z
3325,,"To the Lighthouse: Crash Course Literature 408","https://www.youtube.com/watch?v=mtHilmUa69M",,,,,,,2025-06-23T23:09:29.133Z,2025-06-23T23:09:29.133Z
3326,,"Free Will, Witches, Murder, and Macbeth, Part 1: Crash Course Literature 409","https://www.youtube.com/watch?v=VPYOs0EGgJk",,,,,,,2025-06-23T23:09:29.138Z,2025-06-23T23:09:29.138Z
3327,,"Gender, Guilt, and Fate - Macbeth, Part 2: Crash Course Literature 410","https://www.youtube.com/watch?v=4zdkun4xzOs",,,,,,,2025-06-23T23:09:29.143Z,2025-06-23T23:09:29.143Z
3328,,"Pride and Prejudice, Part 1: Crash Course Literature 411","https://www.youtube.com/watch?v=5xTh44G6RYs",,,,,,,2025-06-23T23:09:29.148Z,2025-06-23T23:09:29.148Z
3329,,"Liberals, Conservatives, and Pride and Prejudice, Part 2: Crash Course Literature 412","https://www.youtube.com/watch?v=dhgEpr87Yac",,,,,,,2025-06-23T23:09:29.153Z,2025-06-23T23:09:29.153Z
3330,,"Get Outside and Have a (Mystery) Play: Crash Course Theater #10","https://www.youtube.com/watch?v=5VI3qcSuUlk",,,,,,,2025-06-23T23:09:29.158Z,2025-06-23T23:09:29.158Z
3331,,"Just Say Noh. But Also Say Kyogen: Crash Course Theater #11","https://www.youtube.com/watch?v=J1IyUPMXwS0",,,,,,,2025-06-23T23:09:29.162Z,2025-06-23T23:09:29.162Z
3332,,"Pee Jokes, the Italian Renaissance, Commedia Dell'Arte: Crash Course Theater #12","https://www.youtube.com/watch?v=U96m8inKt24",,,,,,,2025-06-23T23:09:29.167Z,2025-06-23T23:09:29.167Z
3333,,"The English Renaissance and NOT Shakespeare: Crash Course Theater #13","https://www.youtube.com/watch?v=snJpYLV7bYA",,,,,,,2025-06-23T23:09:29.172Z,2025-06-23T23:09:29.172Z
3334,,"Straight Outta Stratford-Upon-Avon - Shakespeare's Early Days: Crash Course Theater #14","https://www.youtube.com/watch?v=FS2ndY5WJXA",,,,,,,2025-06-23T23:09:29.176Z,2025-06-23T23:09:29.176Z
3335,,"Shakespeare's Tragedies and an Acting Lesson: Crash Course Theater #15","https://www.youtube.com/watch?v=9m5I-HO3w8w",,,,,,,2025-06-23T23:09:29.181Z,2025-06-23T23:09:29.181Z
3336,,"Comedies, Romances, and Shakespeare's Heroines: Crash Course Theater #16","https://www.youtube.com/watch?v=ZjAqfh9aY9Y",,,,,,,2025-06-23T23:09:29.186Z,2025-06-23T23:09:29.186Z
3337,,"English Theater After Shakespeare: Crash Course Theater #17","https://www.youtube.com/watch?v=2_ktCNGYbrU",,,,,,,2025-06-23T23:09:29.191Z,2025-06-23T23:09:29.191Z
3338,,"The Spanish Golden Age: Crash Course Theater #19","https://www.youtube.com/watch?v=pDFiY81TLIM",,,,,,,2025-06-23T23:09:29.196Z,2025-06-23T23:09:29.196Z
3339,,"Thespis, Athens, and The Origins of Greek Drama: Crash Course Theater #2","https://www.youtube.com/watch?v=VeTeK9kvxyo",,,,,,,2025-06-23T23:09:29.201Z,2025-06-23T23:09:29.201Z
3340,,"Rules, Rule-Breaking, and French Neoclassicism: Crash Course Theater #20","https://www.youtube.com/watch?v=fXRpTLvPdT0",,,,,,,2025-06-23T23:09:29.207Z,2025-06-23T23:09:29.207Z
3341,,"Moliere - Man of Satire and Many Burials: Crash Course Theater #21","https://www.youtube.com/watch?v=mdvfXzCoqvA",,,,,,,2025-06-23T23:09:29.211Z,2025-06-23T23:09:29.211Z
3342,,"Pre-Columbian Theater, Spanish Empire, and Sor Juana: Crash Course Theater #22","https://www.youtube.com/watch?v=5gxHbYI0uy4",,,,,,,2025-06-23T23:09:29.216Z,2025-06-23T23:09:29.216Z
3343,,"Japan, Kabuki, and Bunraku: Crash Course Theater #23","https://www.youtube.com/watch?v=oc3dWwbctw4",,,,,,,2025-06-23T23:09:29.221Z,2025-06-23T23:09:29.221Z
3344,,"All Night Demon Dance Party - Kathakali: Crash Course Theater #24","https://www.youtube.com/watch?v=5lp-HBv-3bA",,,,,,,2025-06-23T23:09:29.226Z,2025-06-23T23:09:29.226Z
3345,,"China, Zaju, and Beijing Opera: Crash Course Theater #25","https://www.youtube.com/watch?v=yzAdZDK4XKA",,,,,,,2025-06-23T23:09:29.231Z,2025-06-23T23:09:29.231Z
3346,,"England's Sentimental Theater: Crash Course Theater #26","https://www.youtube.com/watch?v=DenEXMVt0gU",,,,,,,2025-06-23T23:09:29.235Z,2025-06-23T23:09:29.235Z
3347,,"The Rise of Melodrama: Crash Course Theater #28","https://www.youtube.com/watch?v=wxzz31ww4M4",,,,,,,2025-06-23T23:09:29.240Z,2025-06-23T23:09:29.240Z
3348,,"North America Gets a Theater...Riot: Crash Course Theater #29","https://www.youtube.com/watch?v=DA16n8ilUp8",,,,,,,2025-06-23T23:09:29.245Z,2025-06-23T23:09:29.245Z
3349,,"Tragedy Lessons from Aristotle: Crash Course Theater #3","https://www.youtube.com/watch?v=nGlQkaoIfBI",,,,,,,2025-06-23T23:09:29.250Z,2025-06-23T23:09:29.250Z
3350,,"Race Melodrama and Minstrel Shows: Crash Course Theater #30","https://www.youtube.com/watch?v=M3K9uKIMob0",,,,,,,2025-06-23T23:09:29.255Z,2025-06-23T23:09:29.255Z
3351,,"Zola, France, Realism, and Naturalism: Crash Course Theater #31","https://www.youtube.com/watch?v=KMVnscTctqI",,,,,,,2025-06-23T23:09:29.261Z,2025-06-23T23:09:29.261Z
3352,,"Realism Gets Even More Real: Crash Course Theater #32","https://www.youtube.com/watch?v=sDIvfEJ59XY",,,,,,,2025-06-23T23:09:29.266Z,2025-06-23T23:09:29.266Z
3353,,"Symbolism, Realism, and a Nordic Playwright Grudge Match: Crash Course Theater #33","https://www.youtube.com/watch?v=xiiaed3puhY",,,,,,,2025-06-23T23:09:29.270Z,2025-06-23T23:09:29.270Z
3354,,"Chekhov and the Moscow Art Theater: Crash Course Theater #34","https://www.youtube.com/watch?v=uMzuxuA1POU",,,,,,,2025-06-23T23:09:29.275Z,2025-06-23T23:09:29.275Z
3355,,"The Horrors of the Grand Guignol: Crash Course Theater #35","https://www.youtube.com/watch?v=jUM4RkZ1tuI",,,,,,,2025-06-23T23:09:29.280Z,2025-06-23T23:09:29.280Z
3356,,"Synge, Wilde, Shaw, and the Irish Renaissance: Crash Course Theater #36","https://www.youtube.com/watch?v=K3SzObknn8I",,,,,,,2025-06-23T23:09:29.285Z,2025-06-23T23:09:29.285Z
3357,,"Dada, Surrealism, and Symbolism: Crash Course Theater #37","https://www.youtube.com/watch?v=Fx0Z6y2HmlM",,,,,,,2025-06-23T23:09:29.290Z,2025-06-23T23:09:29.290Z
3358,,"Expressionist Theater: Crash Course Theater #38","https://www.youtube.com/watch?v=B99H6Ygnzgw",,,,,,,2025-06-23T23:09:29.294Z,2025-06-23T23:09:29.294Z
3359,,"Futurism and Constructivism: Crash Course Theater #39","https://www.youtube.com/watch?v=u_JmkmPYpec",,,,,,,2025-06-23T23:09:29.299Z,2025-06-23T23:09:29.299Z
3360,,"Greek Comedy, Satyrs, and Aristophanes: Crash Course Theater #4","https://www.youtube.com/watch?v=xLKUXI0enbg",,,,,,,2025-06-23T23:09:29.304Z,2025-06-23T23:09:29.304Z
3361,,"Little Theater and American Avant Garde: Crash Course Theater #40","https://www.youtube.com/watch?v=sYJosVHkwgo",,,,,,,2025-06-23T23:09:29.308Z,2025-06-23T23:09:29.308Z
3362,,"The Harlem Renaissance: Crash Course Theater #41","https://www.youtube.com/watch?v=fDzVtXbtEow",,,,,,,2025-06-23T23:09:29.313Z,2025-06-23T23:09:29.313Z
3363,,"Federal Theatre and Group Theater: Crash Course Theater #42","https://www.youtube.com/watch?v=vGLZDFHnnwk",,,,,,,2025-06-23T23:09:29.318Z,2025-06-23T23:09:29.318Z
3364,,"Antonin Artaud and the Theater of Cruelty: Crash Course Theater #43","https://www.youtube.com/watch?v=DK_vZuLYHcw",,,,,,,2025-06-23T23:09:29.322Z,2025-06-23T23:09:29.322Z
3365,,"Bertolt Brecht and Epic Theater: Crash Course Theater #44","https://www.youtube.com/watch?v=c7fqMPDcKXM",,,,,,,2025-06-23T23:09:29.327Z,2025-06-23T23:09:29.327Z
3366,,"Beckett, Ionesco, and the Theater of the Absurd: Crash Course Theater #45","https://www.youtube.com/watch?v=eJ7w2I83ba4",,,,,,,2025-06-23T23:09:29.332Z,2025-06-23T23:09:29.332Z
3367,,"Broadway, Seriously: Crash Course Theater #46","https://www.youtube.com/watch?v=qgajQD7PJp0",,,,,,,2025-06-23T23:09:29.336Z,2025-06-23T23:09:29.336Z
3368,,"The Birth of Off Broadway: Crash Course Theater #47","https://www.youtube.com/watch?v=ovSW1G7wrCg",,,,,,,2025-06-23T23:09:29.341Z,2025-06-23T23:09:29.341Z
3369,,"Poor Unfortunate Theater: Crash Course Theater #48","https://www.youtube.com/watch?v=9sSLz5t7a5M",,,,,,,2025-06-23T23:09:29.346Z,2025-06-23T23:09:29.346Z
3370,,"Into Africa and Wole Soyinka: Crash Course Theater #49","https://www.youtube.com/watch?v=kn-ER4bL7f8",,,,,,,2025-06-23T23:09:29.350Z,2025-06-23T23:09:29.350Z
3371,,"Dances to Flute Music and Obscene Verse. It's Roman Theater, Everybody: Crash Course Theater #5","https://www.youtube.com/watch?v=P05G89hgrPI",,,,,,,2025-06-23T23:09:29.355Z,2025-06-23T23:09:29.355Z
3372,,"Broadway Book Musicals: Crash Course Theater #50","https://www.youtube.com/watch?v=4kxzD4ASioI",,,,,,,2025-06-23T23:09:29.359Z,2025-06-23T23:09:29.359Z
3373,,"Roman Theater with Plautus, Terence, and Seneca: Crash Course Theater #6","https://www.youtube.com/watch?v=jQpvph777Pg",,,,,,,2025-06-23T23:09:29.364Z,2025-06-23T23:09:29.364Z
3374,,"Nostrils, Harmony with the Universe, and Ancient Sanskrit Theater: Crash Course Theater #7","https://www.youtube.com/watch?v=b3mj4QQH8TM",,,,,,,2025-06-23T23:09:29.369Z,2025-06-23T23:09:29.369Z
3375,,"The Death and Resurrection of Theater as...Liturgical Drama: Crash Course Theater #8","https://www.youtube.com/watch?v=kX0jHv05FYM",,,,,,,2025-06-23T23:09:29.374Z,2025-06-23T23:09:29.374Z
3376,,"Hrotsvitha, Hildegard, and the Nun who Resurrected Theater: Crash Course Theater #9","https://www.youtube.com/watch?v=XdvIsJF9d9s",,,,,,,2025-06-23T23:09:29.378Z,2025-06-23T23:09:29.378Z
3377,,"The Black Legend, Native Americans, and Spaniards: Crash Course US History #1","https://www.youtube.com/watch?v=6E9WU9TGrec",,,,,,,2025-06-23T23:09:29.383Z,2025-06-23T23:09:29.383Z
3378,,"Thomas Jefferson & His Democracy: Crash Course US History #10","https://www.youtube.com/watch?v=_3Ox6vGteek",,,,,,,2025-06-23T23:09:29.388Z,2025-06-23T23:09:29.388Z
3379,,"The Market Revolution: Crash Course US History #12","https://www.youtube.com/watch?v=RNftCCwAol0",,,,,,,2025-06-23T23:09:29.392Z,2025-06-23T23:09:29.392Z
3380,,"Age of Jackson: Crash Course US History #14","https://www.youtube.com/watch?v=beN4qE-e5O8",,,,,,,2025-06-23T23:09:29.397Z,2025-06-23T23:09:29.397Z
3381,,"19th Century Reforms: Crash Course US History #15","https://www.youtube.com/watch?v=t62fUZJvjOs",,,,,,,2025-06-23T23:09:29.402Z,2025-06-23T23:09:29.402Z
3382,,"Women in the 19th Century: Crash Course US History #16","https://www.youtube.com/watch?v=fM1czS_VYDI",,,,,,,2025-06-23T23:09:29.408Z,2025-06-23T23:09:29.408Z
3383,,"War & Expansion: Crash Course US History #17","https://www.youtube.com/watch?v=tkdF8pOFUfI",,,,,,,2025-06-23T23:09:29.413Z,2025-06-23T23:09:29.413Z
3384,,"The Election of 1860 & the Road to Disunion: Crash Course US History #18","https://www.youtube.com/watch?v=roNmeOOJCDY",,,,,,,2025-06-23T23:09:29.418Z,2025-06-23T23:09:29.418Z
3385,,"Battles of the Civil War: Crash Course US History #19","https://www.youtube.com/watch?v=25HHVDOaGeE",,,,,,,2025-06-23T23:09:29.423Z,2025-06-23T23:09:29.423Z
3386,,"When is Thanksgiving? Colonizing America: Crash Course US History #2","https://www.youtube.com/watch?v=o69TvQqyGdg",,,,,,,2025-06-23T23:09:29.427Z,2025-06-23T23:09:29.427Z
3387,,"The Civil War, Part I: Crash Course US History #20","https://www.youtube.com/watch?v=rY9zHNOjGrs",,,,,,,2025-06-23T23:09:29.432Z,2025-06-23T23:09:29.432Z
3388,,"The Civil War Part 2: Crash Course US History #21","https://www.youtube.com/watch?v=GzTrKccmj_I",,,,,,,2025-06-23T23:09:29.438Z,2025-06-23T23:09:29.438Z
3389,,"Reconstruction and 1876: Crash Course US History #22","https://www.youtube.com/watch?v=nowsS7pMApI",,,,,,,2025-06-23T23:09:29.443Z,2025-06-23T23:09:29.443Z
3390,,"The Industrial Economy: Crash Course US History #23","https://www.youtube.com/watch?v=r6tRp-zRUJs",,,,,,,2025-06-23T23:09:29.449Z,2025-06-23T23:09:29.449Z
3391,,"Westward Expansion: Crash Course US History #24","https://www.youtube.com/watch?v=Q16OZkgSXfM",,,,,,,2025-06-23T23:09:29.454Z,2025-06-23T23:09:29.454Z
3392,,"Growth, Cities, and Immigration: Crash Course US History #25","https://www.youtube.com/watch?v=RRhjqqe750A",,,,,,,2025-06-23T23:09:29.458Z,2025-06-23T23:09:29.458Z
3393,,"The Progressive Era: Crash Course US History #27","https://www.youtube.com/watch?v=i0Q4zPR4G7M",,,,,,,2025-06-23T23:09:29.464Z,2025-06-23T23:09:29.464Z
3394,,"American Imperialism: Crash Course US History #28","https://www.youtube.com/watch?v=QfsfoFqsFk4",,,,,,,2025-06-23T23:09:29.468Z,2025-06-23T23:09:29.468Z
3395,,"Progressive Presidents: Crash Course US History #29","https://www.youtube.com/watch?v=F7flSW1PGsA",,,,,,,2025-06-23T23:09:29.474Z,2025-06-23T23:09:29.474Z
3396,,"America in World War I: Crash Course US History #30","https://www.youtube.com/watch?v=y59wErqg4Xg",,,,,,,2025-06-23T23:09:29.479Z,2025-06-23T23:09:29.479Z
3397,,"Women's Suffrage: Crash Course US History #31","https://www.youtube.com/watch?v=HGEMscZE5dY",,,,,,,2025-06-23T23:09:29.483Z,2025-06-23T23:09:29.483Z
2999,,"The Roaring 20's: Crash Course US History #32","https://www.youtube.com/watch?v=VfOR1XCMf7A",,,,,,,2025-06-23T23:09:29.488Z,2025-06-23T23:09:29.488Z
3398,,"The Great Depression: Crash Course US History #33","https://www.youtube.com/watch?v=GCQfMWAikyU",,,,,,,2025-06-23T23:09:29.493Z,2025-06-23T23:09:29.493Z
3399,,"The New Deal: Crash Course US History #34","https://www.youtube.com/watch?v=6bMq9Ek6jnA",,,,,,,2025-06-23T23:09:29.499Z,2025-06-23T23:09:29.499Z
3400,,"World War II Part 1: Crash Course US History #35","https://www.youtube.com/watch?v=Objoad6rG6U",,,,,,,2025-06-23T23:09:29.504Z,2025-06-23T23:09:29.504Z
3401,,"World War II Part 2 - The Homefront: Crash Course US History #36","https://www.youtube.com/watch?v=HofnGQwPgqs",,,,,,,2025-06-23T23:09:29.510Z,2025-06-23T23:09:29.510Z
3402,,"The Cold War: Crash Course US History #37","https://www.youtube.com/watch?v=9C72ISMF_D0",,,,,,,2025-06-23T23:09:29.517Z,2025-06-23T23:09:29.517Z
3403,,"The Cold War in Asia: Crash Course US History #38","https://www.youtube.com/watch?v=Y2IcmLkuhG0",,,,,,,2025-06-23T23:09:29.521Z,2025-06-23T23:09:29.521Z
3404,,"Civil Rights and the 1950s: Crash Course US History #39","https://www.youtube.com/watch?v=S64zRnnn4Po",,,,,,,2025-06-23T23:09:29.526Z,2025-06-23T23:09:29.526Z
3405,,"The Quakers, the Dutch, and the Ladies: Crash Course US History #4","https://www.youtube.com/watch?v=p47tZLJbdag",,,,,,,2025-06-23T23:09:29.531Z,2025-06-23T23:09:29.531Z
3406,,"The 1960s in America: Crash Course US History #40","https://www.youtube.com/watch?v=lkXFb1sMa38",,,,,,,2025-06-23T23:09:29.536Z,2025-06-23T23:09:29.536Z
3407,,"The Rise of Conservatism: Crash Course US History #41","https://www.youtube.com/watch?v=OCrxD19DHA8",,,,,,,2025-06-23T23:09:29.540Z,2025-06-23T23:09:29.540Z
3408,,"Ford, Carter, and the Economic Malaise: Crash Course US History #42","https://www.youtube.com/watch?v=pyN5LPHEQ_0",,,,,,,2025-06-23T23:09:29.545Z,2025-06-23T23:09:29.545Z
3409,,"The Reagan Revolution: Crash Course US History #43","https://www.youtube.com/watch?v=2h4DkpFP_aw",,,,,,,2025-06-23T23:09:29.549Z,2025-06-23T23:09:29.549Z
3410,,"George HW Bush and the End of the Cold War: Crash Course US History #44","https://www.youtube.com/watch?v=L-K19rVDxoM",,,,,,,2025-06-23T23:09:29.554Z,2025-06-23T23:09:29.554Z
3411,,"The Clinton Years, or the 1990s: Crash Course US History #45","https://www.youtube.com/watch?v=-rboN6F2g-k",,,,,,,2025-06-23T23:09:29.559Z,2025-06-23T23:09:29.559Z
3412,,"Terrorism, War, and Bush 43: Crash Course US History #46","https://www.youtube.com/watch?v=nlsnnhn3VWE",,,,,,,2025-06-23T23:09:29.563Z,2025-06-23T23:09:29.563Z
3413,,"Obamanation: Crash Course US History #47","https://www.youtube.com/watch?v=lUfh2ebjLOg",,,,,,,2025-06-23T23:09:29.568Z,2025-06-23T23:09:29.568Z
3414,,"The Seven Years War and the Great Awakening: Crash Course US History #5","https://www.youtube.com/watch?v=5vKGU3aEGss",,,,,,,2025-06-23T23:09:29.573Z,2025-06-23T23:09:29.573Z
3415,,"Taxes & Smuggling - Prelude to Revolution: Crash Course US History #6","https://www.youtube.com/watch?v=Eytc9ZaNWyc",,,,,,,2025-06-23T23:09:29.577Z,2025-06-23T23:09:29.577Z
3416,,"Who Won the American Revolution?: Crash Course US History #7","https://www.youtube.com/watch?v=3EiSymRrKI4",,,,,,,2025-06-23T23:09:29.582Z,2025-06-23T23:09:29.582Z
3417,,"The Constitution, the Articles, and Federalism: Crash Course US History #8","https://www.youtube.com/watch?v=bO7FQsCcbD8",,,,,,,2025-06-23T23:09:29.587Z,2025-06-23T23:09:29.587Z
3418,,"Where US Politics Came From: Crash Course US History #9","https://www.youtube.com/watch?v=r161cLYzuDI",,,,,,,2025-06-23T23:09:29.592Z,2025-06-23T23:09:29.592Z
3419,,"History of the 4th of July: Crash Course US History Special","https://www.youtube.com/watch?v=iIoYdC1Gkq8",,,,,,,2025-06-23T23:09:29.596Z,2025-06-23T23:09:29.596Z
3420,,"The Agricultural Revolution: Crash Course World History #1","https://www.youtube.com/watch?v=Yocja_N5s1I",,,,,,,2025-06-23T23:09:29.601Z,2025-06-23T23:09:29.601Z
3421,,"The Roman Empire. Or Republic. Or...Which Was It?: Crash Course World History #10","https://www.youtube.com/watch?v=oPf27gAup9U",,,,,,,2025-06-23T23:09:29.606Z,2025-06-23T23:09:29.606Z
3422,,"Christianity from Judaism to Constantine: Crash Course World History #11","https://www.youtube.com/watch?v=TG55ErfdaeY",,,,,,,2025-06-23T23:09:29.611Z,2025-06-23T23:09:29.611Z
3423,,"Fall of The Roman Empire...in the 15th Century: Crash Course World History #12","https://www.youtube.com/watch?v=3PszVWZNWVA",,,,,,,2025-06-23T23:09:29.615Z,2025-06-23T23:09:29.615Z
3424,,"Islam, the Quran, and the Five Pillars: Crash Course World History #13","https://www.youtube.com/watch?v=TpcbfxtdoI8",,,,,,,2025-06-23T23:09:29.620Z,2025-06-23T23:09:29.620Z
3425,,"The Dark Ages...How Dark Were They, Really?: Crash Course World History #14","https://www.youtube.com/watch?v=QV7CanyzhZg&t=655s",,,,,,,2025-06-23T23:09:29.624Z,2025-06-23T23:09:29.624Z
3426,,"The Crusades - Pilgrimage or Holy War?: Crash Course World History #15","https://www.youtube.com/watch?v=X0zudTQelzI",,,,,,,2025-06-23T23:09:29.629Z,2025-06-23T23:09:29.629Z
3427,,"Mansa Musa and Islam in Africa: Crash Course World History #16","https://www.youtube.com/watch?v=jvnU0v6hcUo",,,,,,,2025-06-23T23:09:29.633Z,2025-06-23T23:09:29.633Z
3428,,"Wait For It...The Mongols!: Crash Course World History #17","https://www.youtube.com/watch?v=szxPar0BcMo",,,,,,,2025-06-23T23:09:29.638Z,2025-06-23T23:09:29.638Z
3429,,"Int'l Commerce, Snorkeling Camels, and The Indian Ocean Trade: Crash Course World History #18","https://www.youtube.com/watch?v=a6XtBLDmPA0",,,,,,,2025-06-23T23:09:29.643Z,2025-06-23T23:09:29.643Z
3430,,"Venice and the Ottoman Empire: Crash Course World History #19","https://www.youtube.com/watch?v=UN-II_jBzzo",,,,,,,2025-06-23T23:09:29.647Z,2025-06-23T23:09:29.647Z
3431,,"Indus Valley Civilization: Crash Course World History #2","https://www.youtube.com/watch?v=n7ndRwqJYDM",,,,,,,2025-06-23T23:09:29.653Z,2025-06-23T23:09:29.653Z
3432,,"Russia, the Kievan Rus, and the Mongols: Crash Course World History #20","https://www.youtube.com/watch?v=etmRI2_9Q_A",,,,,,,2025-06-23T23:09:29.657Z,2025-06-23T23:09:29.657Z
3433,,"Climate Change, Chaos, and The Little Ice Age: Crash Course World History #206","https://www.youtube.com/watch?v=YF8AAJSTJoM",,,,,,,2025-06-23T23:09:29.663Z,2025-06-23T23:09:29.663Z
3434,,"Drought and Famine: Crash Course World History #208","https://www.youtube.com/watch?v=Sgae8SA-rcI",,,,,,,2025-06-23T23:09:29.668Z,2025-06-23T23:09:29.668Z
3435,,"Columbus, Vasco da Gama, and Zheng He - 15th Century Mariners: Crash Course World History #21","https://www.youtube.com/watch?v=NjEGncridoQ",,,,,,,2025-06-23T23:09:29.673Z,2025-06-23T23:09:29.673Z
3436,,"The Rise of the West and Historical Methodology: Crash Course World History #212","https://www.youtube.com/watch?v=nosJVTuCHFk",,,,,,,2025-06-23T23:09:29.679Z,2025-06-23T23:09:29.679Z
3437,,"Asian Responses to Imperialism: Crash Course World History #213","https://www.youtube.com/watch?v=nxmWfbXS4Pw",,,,,,,2025-06-23T23:09:29.683Z,2025-06-23T23:09:29.683Z
3438,,"The Mughal Empire and Historical Reputation: Crash Course World History #217","https://www.youtube.com/watch?v=nbuM0aJjVgE",,,,,,,2025-06-23T23:09:29.689Z,2025-06-23T23:09:29.689Z
3439,,"Luther and the Protestant Reformation: Crash Course World History #218","https://www.youtube.com/watch?v=1o8oIELbNxE",,,,,,,2025-06-23T23:09:29.693Z,2025-06-23T23:09:29.693Z
3440,,"Charles V and the Holy Roman Empire: Crash Course World History #219","https://www.youtube.com/watch?v=MRYzW3BSj0I",,,,,,,2025-06-23T23:09:29.698Z,2025-06-23T23:09:29.698Z
3441,,"World War II, A War for Resources: Crash Course World History #220","https://www.youtube.com/watch?v=H-2q-QMUIgY",,,,,,,2025-06-23T23:09:29.702Z,2025-06-23T23:09:29.702Z
3442,,"Conflict in Israel and Palestine through 2015: Crash Course World History #223","https://www.youtube.com/watch?v=1wo2TLlMhiw",,,,,,,2025-06-23T23:09:29.707Z,2025-06-23T23:09:29.707Z
3443,,"The Columbian Exchange: Crash Course World History #23","https://www.youtube.com/watch?v=HQPA5oNpfM4",,,,,,,2025-06-23T23:09:29.712Z,2025-06-23T23:09:29.712Z
3444,,"The Atlantic Slave Trade: Crash Course World History #24","https://www.youtube.com/watch?v=dnV_MTFEGIY",,,,,,,2025-06-23T23:09:29.717Z,2025-06-23T23:09:29.717Z
3445,,"The Spanish Empire, Silver, & Runaway Inflation: Crash Course World History #25","https://www.youtube.com/watch?v=rjhIzemLdos",,,,,,,2025-06-23T23:09:29.722Z,2025-06-23T23:09:29.722Z
3446,,"The Seven Years War: Crash Course World History #26","https://www.youtube.com/watch?v=j0qbzNHmfW0",,,,,,,2025-06-23T23:09:29.726Z,2025-06-23T23:09:29.726Z
3447,,"The Amazing Life and Strange Death of Captain Cook: Crash Course World History #27","https://www.youtube.com/watch?v=2yXNrLTddME",,,,,,,2025-06-23T23:09:29.731Z,2025-06-23T23:09:29.731Z
3448,,"Tea, Taxes, and The American Revolution: Crash Course World History #28","https://www.youtube.com/watch?v=HlUiSBXQHCw",,,,,,,2025-06-23T23:09:29.736Z,2025-06-23T23:09:29.736Z
3449,,"The French Revolution: Crash Course World History #29","https://www.youtube.com/watch?v=lTTvKwCylFY",,,,,,,2025-06-23T23:09:29.740Z,2025-06-23T23:09:29.740Z
3450,,"Mesopotamia: Crash Course World History #3","https://www.youtube.com/watch?v=sohXPx_XZ6Y",,,,,,,2025-06-23T23:09:29.746Z,2025-06-23T23:09:29.746Z
3451,,"Haitian Revolutions: Crash Course World History #30","https://www.youtube.com/watch?v=5A_o-nU5s2U",,,,,,,2025-06-23T23:09:29.751Z,2025-06-23T23:09:29.751Z
3452,,"Latin American Revolutions: Crash Course World History #31","https://www.youtube.com/watch?v=ZBw35Ze3bg8",,,,,,,2025-06-23T23:09:29.755Z,2025-06-23T23:09:29.755Z
3453,,"Coal, Steam, and The Industrial Revolution: Crash Course World History #32","https://www.youtube.com/watch?v=zhL5DCizj5c",,,,,,,2025-06-23T23:09:29.760Z,2025-06-23T23:09:29.760Z
3454,,"Capitalism and Socialism: Crash Course World History #33","https://www.youtube.com/watch?v=B3u4EFTwprM",,,,,,,2025-06-23T23:09:29.765Z,2025-06-23T23:09:29.765Z
3455,,"Samurai, Daimyo, Matthew Perry, and Nationalism: Crash Course World History #34","https://www.youtube.com/watch?v=Nosq94oCl_M",,,,,,,2025-06-23T23:09:29.770Z,2025-06-23T23:09:29.770Z
3456,,"Imperialism: Crash Course World History #35","https://www.youtube.com/watch?v=alJaltUmrGo",,,,,,,2025-06-23T23:09:29.774Z,2025-06-23T23:09:29.774Z
3457,,"Archdukes, Cynicism, and World War I: Crash Course World History #36","https://www.youtube.com/watch?v=_XPZQ0LAlR4",,,,,,,2025-06-23T23:09:29.779Z,2025-06-23T23:09:29.779Z
3458,,"Communists, Nationalists, and China's Revolutions: Crash Course World History #37","https://www.youtube.com/watch?v=UUCEeC4f6ts",,,,,,,2025-06-23T23:09:29.784Z,2025-06-23T23:09:29.784Z
3459,,"World War II: Crash Course World History #38","https://www.youtube.com/watch?v=Q78COTwT7nE",,,,,,,2025-06-23T23:09:29.789Z,2025-06-23T23:09:29.789Z
3460,,"USA vs USSR Fight! The Cold War: Crash Course World History #39","https://www.youtube.com/watch?v=y9HjvHZfCUI",,,,,,,2025-06-23T23:09:29.793Z,2025-06-23T23:09:29.793Z
3461,,"Ancient Egypt: Crash Course World History #4","https://www.youtube.com/watch?v=Z3Wvw6BivVI",,,,,,,2025-06-23T23:09:29.799Z,2025-06-23T23:09:29.799Z
3462,,"Decolonization and Nationalism Triumphant: Crash Course World History #40","https://www.youtube.com/watch?v=T_sGTspaF4Y",,,,,,,2025-06-23T23:09:29.803Z,2025-06-23T23:09:29.803Z
3463,,"Globalization I - The Upside: Crash Course World History #41","https://www.youtube.com/watch?v=5SnR-e0S6Ic",,,,,,,2025-06-23T23:09:29.808Z,2025-06-23T23:09:29.808Z
3464,,"Globalization II - Good or Bad?: Crash Course World History #42","https://www.youtube.com/watch?v=s_iwrt7D5OA",,,,,,,2025-06-23T23:09:29.812Z,2025-06-23T23:09:29.812Z
3465,,"The Persians & Greeks: Crash Course World History #5","https://www.youtube.com/watch?v=Q-mkVSasZIM",,,,,,,2025-06-23T23:09:29.819Z,2025-06-23T23:09:29.819Z
3466,,"Buddha and Ashoka: Crash Course World History #6","https://www.youtube.com/watch?v=8Nn5uqE3C9w",,,,,,,2025-06-23T23:09:29.824Z,2025-06-23T23:09:29.824Z
3467,,"Alexander the Great: Crash Course World History #8","https://www.youtube.com/watch?v=0LsrkWDCvxg",,,,,,,2025-06-23T23:09:29.829Z,2025-06-23T23:09:29.829Z
3468,,"The Silk Road and Ancient Trade: Crash Course World History #9","https://www.youtube.com/watch?v=vfe-eNq-Qyg&t=562s",,,,,,,2025-06-23T23:09:29.833Z,2025-06-23T23:09:29.833Z
3469,,"Money & Debt: Crash Course World History 202","https://www.youtube.com/watch?v=94BtOtGVqLw",,,,,,,2025-06-23T23:09:29.838Z,2025-06-23T23:09:29.838Z
3470,,"War & Human Nature: Crash Course World History 204","https://www.youtube.com/watch?v=2NIgqS47m5k",,,,,,,2025-06-23T23:09:29.842Z,2025-06-23T23:09:29.842Z
3471,,"War and Civilization: Crash Course World History 205","https://www.youtube.com/watch?v=jdVLAG_ptQM",,,,,,,2025-06-23T23:09:29.847Z,2025-06-23T23:09:29.847Z
3472,,"Humans and Energy: Crash Course World History 207","https://www.youtube.com/watch?v=EM1IyIyr-Zc",,,,,,,2025-06-23T23:09:29.852Z,2025-06-23T23:09:29.852Z
3473,,"How World War I Started: Crash Course World History 209","https://www.youtube.com/watch?v=Cd2ch4XV84s",,,,,,,2025-06-23T23:09:29.856Z,2025-06-23T23:09:29.856Z
3474,,"Who Started World War I: Crash Course World History 210","https://www.youtube.com/watch?v=_pFCpKtwCkI",,,,,,,2025-06-23T23:09:29.872Z,2025-06-23T23:09:29.872Z
3475,,"The End of Civilization (In the Bronze Age): Crash Course World History 211","https://www.youtube.com/watch?v=ErOitC7OyHk",,,,,,,2025-06-23T23:09:29.878Z,2025-06-23T23:09:29.878Z
3476,,"The Railroad Journey and the Industrial Revolution: Crash Course World History 214","https://www.youtube.com/watch?v=GYAk5jCTQ3s",,,,,,,2025-06-23T23:09:29.883Z,2025-06-23T23:09:29.883Z
3477,,"Population, Sustainability, and Malthus: Crash Course World History 215","https://www.youtube.com/watch?v=QAkW_i0bDpQ",,,,,,,2025-06-23T23:09:29.888Z,2025-06-23T23:09:29.888Z
3478,,"Islam and Politics: Crash Course World History 216","https://www.youtube.com/watch?v=ka8csjsmX6I",,,,,,,2025-06-23T23:09:29.893Z,2025-06-23T23:09:29.893Z
3479,,"Congo and Africa's World War: Crash Course World History 221","https://www.youtube.com/watch?v=4uArRzwKHvE",,,,,,,2025-06-23T23:09:29.898Z,2025-06-23T23:09:29.898Z
3480,,"Water and Classical Civilizations: Crash Course World History 222","https://www.youtube.com/watch?v=rP54LFFSZ1Q",,,,,,,2025-06-23T23:09:29.903Z,2025-06-23T23:09:29.903Z
3481,,"War and Nation Building in Latin America: Crash Course World History 225","https://www.youtube.com/watch?v=v6xi8_7Fy6Y",,,,,,,2025-06-23T23:09:29.909Z,2025-06-23T23:09:29.909Z
3482,,"Iran's Revolutions: Crash Course World History 226","https://www.youtube.com/watch?v=8w4Ku6l7OEI",,,,,,,2025-06-23T23:09:29.913Z,2025-06-23T23:09:29.913Z
3483,,"Japan in the Heian Period and Cultural History: Crash Course World History 227","https://www.youtube.com/watch?v=ZnZEoOJ-cxE",,,,,,,2025-06-23T23:09:29.918Z,2025-06-23T23:09:29.918Z
3484,,"Nonviolence and Peace Movements: Crash Course World History 228","https://www.youtube.com/watch?v=eP-mv5IjFzY",,,,,,,2025-06-23T23:09:29.922Z,2025-06-23T23:09:29.922Z
3485,,"Capitalism and the Dutch East India Company: Crash Course World History 229","https://www.youtube.com/watch?v=zPIhMJGWiM8",,,,,,,2025-06-23T23:09:29.927Z,2025-06-23T23:09:29.927Z
3486,,"Democracy, Authoritarian Capitalism, and China: Crash Course World History 230","https://www.youtube.com/watch?v=k7dTDjRnBqU",,,,,,,2025-06-23T23:09:29.932Z,2025-06-23T23:09:29.932Z
3487,,"Alchemy: History of Science #10","https://www.youtube.com/watch?v=gxiLuz9kHi0",,,,,,,2025-06-23T23:09:29.936Z,2025-06-23T23:09:29.936Z
3488,,"2,000 Years of Chinese History! The Mandate of Heaven and Confucius: World History #7","https://www.youtube.com/watch?v=ylWORyToTo4",,,,,,,2025-06-23T23:09:29.941Z,2025-06-23T23:09:29.941Z
3489,,"Why So Angry, German Theater? Crash Course Theater #27","https://www.youtube.com/watch?v=zMO258I-7uc",,,,,,,2025-06-23T23:09:29.945Z,2025-06-23T23:09:29.945Z
3490,,"Where Did Theater Go? Crash Course Theater #18","https://www.youtube.com/watch?v=1xrcHQB5EEU",,,,,,,2025-06-23T23:09:29.950Z,2025-06-23T23:09:29.950Z
3491,,"What Is Theater? Crash Course Theater #1","https://www.youtube.com/watch?v=sNWrOuwzax8",,,,,,,2025-06-23T23:09:29.955Z,2025-06-23T23:09:29.955Z
3492,,"The Vikings! - Crash Course World History 224","https://www.youtube.com/watch?v=Wc5zUK2MKNY",,,,,,,2025-06-23T23:09:29.959Z,2025-06-23T23:09:29.959Z
3493,,"Rethinking Civilization - Crash Course World History 201","https://www.youtube.com/watch?v=wyzi9GNZFMU",,,,,,,2025-06-23T23:09:29.964Z,2025-06-23T23:09:29.964Z
3494,,"To Kill a Mockingbird, Part 1 - Crash Course Literature 210","https://www.youtube.com/watch?v=3xM8hvEE2dI",,,,,,,2025-06-23T23:09:29.969Z,2025-06-23T23:09:29.969Z
3495,,"Reader, it's Jane Eyre - Crash Course Literature 207","https://www.youtube.com/watch?v=Z8tqY8fX0Ec",,,,,,,2025-06-23T23:09:29.974Z,2025-06-23T23:09:29.974Z
3496,,"Slavery - Crash Course US History #13","https://www.youtube.com/watch?v=Ajn9g5Gsv98",,,,,,,2025-06-23T23:09:29.979Z,2025-06-23T23:09:29.979Z
3497,,"The War of 1812 - Crash Course US History #11","https://www.youtube.com/watch?v=qMXqg2PKJZU",,,,,,,2025-06-23T23:09:29.983Z,2025-06-23T23:09:29.983Z
3498,,"The Natives and the English - Crash Course US History #3","https://www.youtube.com/watch?v=TTYOQ05oDOI",,,,,,,2025-06-23T23:09:29.988Z,2025-06-23T23:09:29.988Z
3499,,"An Ancient Communist Utopia? The Indus Valley Civilization","https://www.youtube.com/watch?v=kxP1zornb-w",,,,,,,2025-06-23T23:09:29.997Z,2025-06-23T23:09:29.997Z
3500,,"The Evolution of the Iron Age: A Complete Timeline 1200 to 500 B.C.E","https://www.youtube.com/watch?v=JpNhGd8vgOs",,,,,,,2025-06-23T23:09:30.006Z,2025-06-23T23:09:30.006Z
3501,,"The Mysterious Ancient Lost Tribes of Great Britain","https://www.youtube.com/watch?v=iE8efUls-ZE",,,,,,,2025-06-23T23:09:30.013Z,2025-06-23T23:09:30.013Z
3502,,"The Fascinating History of Ancient India's Cultural and Historical Roots","https://www.youtube.com/watch?v=A44-wrTg9Sg",,,,,,,2025-06-23T23:09:30.020Z,2025-06-23T23:09:30.020Z
3503,,"Why Did the Harappan Culture Vanish 5,000+ Year Ago?","https://www.youtube.com/watch?v=Awy-FGUu5Iw",,,,,,,2025-06-23T23:09:30.028Z,2025-06-23T23:09:30.028Z
3504,,"The Mysterious Ancient Lost Culture of Ecuador","https://www.youtube.com/watch?v=8zYIlEtCdYU",,,,,,,2025-06-23T23:09:30.036Z,2025-06-23T23:09:30.036Z
3505,,"Unveiling the Mysteries: Pakistan's Hidden Ancient Civilization | Early Humans","https://www.youtube.com/watch?v=vB0JcmyWzI4&t=1s",,,,,,,2025-06-23T23:09:30.044Z,2025-06-23T23:09:30.044Z
3506,,"The European Siege That Decided American Independence: The (Great) Siege of Gibraltar 1779ΓÇô1783","https://www.youtube.com/watch?v=p0MmMCJyL9I",,,,,,,2025-06-23T23:09:30.052Z,2025-06-23T23:09:30.052Z
3507,,"How to Lay Siege to a Polygonal Fortress in the 18th and 19th Centuries","https://www.youtube.com/watch?v=xrInIdjvBmE",,,,,,,2025-06-23T23:09:30.057Z,2025-06-23T23:09:30.057Z
3508,,"4 Ways Women Took Part in Sieges (and Sometimes Even Decided Them)","https://www.youtube.com/watch?v=4ZOgKA8DAXI",,,,,,,2025-06-23T23:09:30.062Z,2025-06-23T23:09:30.062Z
3509,,"Bringing in the Big Guns: How Western Artillery Transformed Chinese Warfare in the 17th Century","https://www.youtube.com/watch?v=1k00xcb87NE",,,,,,,2025-06-23T23:09:30.066Z,2025-06-23T23:09:30.066Z
3510,,"The Russian Alternative to Pike and Shot Warfare: Guliai-Gorod (""Wandering Town"")","https://www.youtube.com/watch?v=usuLwvFdbFs",,,,,,,2025-06-23T23:09:30.071Z,2025-06-23T23:09:30.071Z
3511,,"What Motivated Soldiers to Be the First to Climb the Siege Ladder?","https://www.youtube.com/watch?v=bwM0gP1p0xw",,,,,,,2025-06-23T23:09:30.075Z,2025-06-23T23:09:30.075Z
3512,,"The Golden Age of the Condottieri: The Powerhouse of the Renaissance Mercenary Market","https://www.youtube.com/watch?v=p-KrAi6sQS4",,,,,,,2025-06-23T23:09:30.080Z,2025-06-23T23:09:30.080Z
3513,,"The ""Hoplite Revolution Debate"" (Ancient Greece) feat. 22 Students from the University of Zurich","https://www.youtube.com/watch?v=pnDtf0muoqI",,,,,,,2025-06-23T23:09:30.085Z,2025-06-23T23:09:30.085Z
3514,,"How Medieval Monasteries Waged War (feat. Baden State Museum)","https://www.youtube.com/watch?v=TRHmsd1hBvY",,,,,,,2025-06-23T23:09:30.090Z,2025-06-23T23:09:30.090Z
3515,,"Warfare in Ancient Persia 550 BCΓÇô330 BC","https://www.youtube.com/watch?v=9-OdZ1Gh-H0",,,,,,,2025-06-23T23:09:30.094Z,2025-06-23T23:09:30.094Z
3516,,"When the Chinese Besieged a Dutch Star Fortress ΓÇô The (Staggering) Siege of Zeelandia 1661/62","https://www.youtube.com/watch?v=Ok3sKLa0-qA",,,,,,,2025-06-23T23:09:30.099Z,2025-06-23T23:09:30.099Z
3517,,"When Did War Become a Business? (feat. Prof. Morillo)","https://www.youtube.com/watch?v=8pUxn5EFXcY",,,,,,,2025-06-23T23:09:30.103Z,2025-06-23T23:09:30.103Z
3518,,"Eastern vs Western Siegecraft: When the Chinese Besieged a Russian Star Fortress in 1686","https://www.youtube.com/watch?v=7DcUVcvpV0E",,,,,,,2025-06-23T23:09:30.108Z,2025-06-23T23:09:30.108Z
3519,,"Soldiers of Fortune: England's Most Renowned Free Company","https://www.youtube.com/watch?v=D8-KzkExE-s",,,,,,,2025-06-23T23:09:30.112Z,2025-06-23T23:09:30.112Z
3520,,"Soldiers of Fortune: Germany's Most Renowned Free Company","https://www.youtube.com/watch?v=_cdWg7biGxo",,,,,,,2025-06-23T23:09:30.117Z,2025-06-23T23:09:30.117Z
3521,,"Warfare in the Neo-Assyrian Empire 911 BCΓÇö609 BC","https://www.youtube.com/watch?v=BNujYLUvkxc",,,,,,,2025-06-23T23:09:30.122Z,2025-06-23T23:09:30.122Z
3522,,"Varangian Guard: The Norse Bodyguard of the Byzantine Emperors","https://www.youtube.com/watch?v=7BlRu7lkVpM",,,,,,,2025-06-23T23:09:30.127Z,2025-06-23T23:09:30.127Z
3523,,"Soldiers of Fortune: The First Free Company in History (Catalan Grand Company)","https://www.youtube.com/watch?v=p9a2M8ct_Bs",,,,,,,2025-06-23T23:09:30.131Z,2025-06-23T23:09:30.131Z
3524,,"The Golden Age of Free Companies","https://www.youtube.com/watch?v=GZzsJMSQKAs",,,,,,,2025-06-23T23:09:30.136Z,2025-06-23T23:09:30.136Z
3525,,"Fact and Fiction: Both (Viking) Sieges of Paris 845 / 885","https://www.youtube.com/watch?v=tFTMxEDRWNs",,,,,,,2025-06-23T23:09:30.140Z,2025-06-23T23:09:30.140Z
3526,,"Janissaries: The Ottoman Soldiers Recruited From Enslaved Christian Boys","https://www.youtube.com/watch?v=KNz5pNlST0I",,,,,,,2025-06-23T23:09:30.145Z,2025-06-23T23:09:30.145Z
3527,,"Barbary Pirates: The Masters of the Mediterranean Slave Trade 1500ΓÇô1830","https://www.youtube.com/watch?v=NMw7c88xUMI",,,,,,,2025-06-23T23:09:30.150Z,2025-06-23T23:09:30.150Z
3528,,"Warfare in Ancient China 10,000 BCΓÇö221 BC","https://www.youtube.com/watch?v=Z5MFA8OWwuc",,,,,,,2025-06-23T23:09:30.155Z,2025-06-23T23:09:30.155Z
3529,,"The Earliest Sieges in History (and How they Worked)","https://www.youtube.com/watch?v=Z4zOkCk13rw",,,,,,,2025-06-23T23:09:30.160Z,2025-06-23T23:09:30.160Z
3530,,"Historical Champion Warfare (and Why it Was Kinda Common)","https://www.youtube.com/watch?v=B5CMN6O4nC4",,,,,,,2025-06-23T23:09:30.164Z,2025-06-23T23:09:30.164Z
3531,,"Warfare in Ancient India 5,000 BCΓÇö300 BC","https://www.youtube.com/watch?v=KukBH8eyVOU",,,,,,,2025-06-23T23:09:30.170Z,2025-06-23T23:09:30.170Z
3532,,"Pike and Shot Warfare - The Spanish Tercio | Early-Modern Warfare","https://www.youtube.com/watch?v=bZg564LfQEc",,,,,,,2025-06-23T23:09:30.175Z,2025-06-23T23:09:30.175Z
3533,,"Landsknechts: Some of the Most Sought-After Mercenaries of Early Modern Europe","https://www.youtube.com/watch?v=aCSEG5Sux5g",,,,,,,2025-06-23T23:09:30.179Z,2025-06-23T23:09:30.179Z
3534,,"Swiss Mercenaries: The End of Cavalry Superiority in the Late Middle Ages","https://www.youtube.com/watch?v=wouRLCV9zvc",,,,,,,2025-06-23T23:09:30.187Z,2025-06-23T23:09:30.187Z
3535,,"The Highland Charge - The Famous Shock Tactic of the Scottish Clans","https://www.youtube.com/watch?v=Ee1ZhqQTOCI",,,,,,,2025-06-23T23:09:30.192Z,2025-06-23T23:09:30.192Z
3536,,"Warfare in Ancient Egypt and Mesopotamia 3,500 BCΓÇö1200 BC","https://www.youtube.com/watch?v=oD3Yk2hI7Wo",,,,,,,2025-06-23T23:09:30.198Z,2025-06-23T23:09:30.198Z
3537,,"The Origins of War (500,000 BCΓÇô3,000 BC)","https://www.youtube.com/watch?v=4PCFUxrAUBg",,,,,,,2025-06-23T23:09:30.205Z,2025-06-23T23:09:30.205Z
3538,,"Why the Bayonet Replaced Pike and Shot: From 1650 to the Napoleonic Wars","https://www.youtube.com/watch?v=BOpGwQ1J2Ws",,,,,,,2025-06-23T23:09:30.209Z,2025-06-23T23:09:30.209Z
3539,,"Byzantine Military Revolution: The Army That Brought the Empire to A Golden Age in the 10th Century","https://www.youtube.com/watch?v=25Xo2W3QYBI",,,,,,,2025-06-23T23:09:30.214Z,2025-06-23T23:09:30.214Z
3540,,"What Do We Know About The Medieval Flame Thrower Weapon Known As ""Greek Fire""?","https://www.youtube.com/watch?v=NQt9nBh3ceM",,,,,,,2025-06-23T23:09:30.219Z,2025-06-23T23:09:30.219Z
3541,,"5 (Great) Battles that Transformed the Thirty Years War in 1632 (Pt. 8)","https://www.youtube.com/watch?v=LmY6mS755Hk",,,,,,,2025-06-23T23:09:30.224Z,2025-06-23T23:09:30.224Z
3542,,"Sweden Intervenes in the Thirty Years War 1630/31 (Pt. 7)","https://www.youtube.com/watch?v=nhTZ3OJ2yrM",,,,,,,2025-06-23T23:09:30.229Z,2025-06-23T23:09:30.229Z
3543,,"7 (Great) Sieges that Transformed the Thirty Years War in 1628 (Pt. 6)","https://www.youtube.com/watch?v=hTN27yFE8aQ",,,,,,,2025-06-23T23:09:30.233Z,2025-06-23T23:09:30.233Z
3544,,"Let's Get It Right: Longbow vs Crossbow - A Video Essay","https://www.youtube.com/watch?v=dO_8ZQ37D4Y",,,,,,,2025-06-23T23:09:30.238Z,2025-06-23T23:09:30.238Z
3545,,"Denmark-Norway Intervenes in the Thirty Years War 1625-1629 (Pt. 5)","https://www.youtube.com/watch?v=u50cOUAeIC0",,,,,,,2025-06-23T23:09:30.243Z,2025-06-23T23:09:30.243Z
3546,,"Holy Intervention: The (Staggering) Siege of Orl├⌐ans 1428 / 29 | Hundred Years' War","https://www.youtube.com/watch?v=FL_mxaefZUU",,,,,,,2025-06-23T23:09:30.247Z,2025-06-23T23:09:30.247Z
3547,,"Beyond Europe: The Global Dimension of the Thirty Years War 1624/25 (Pt. 4)","https://www.youtube.com/watch?v=EZoBP1JN7yY",,,,,,,2025-06-23T23:09:30.252Z,2025-06-23T23:09:30.252Z
3548,,"The Galloglass: Ireland's Most Sought-After Mercenaries","https://www.youtube.com/watch?v=ReJIDiYMOio",,,,,,,2025-06-23T23:09:30.257Z,2025-06-23T23:09:30.257Z
3549,,"In Defense of the Scottish Renaissance Army","https://www.youtube.com/watch?v=y3W1bzwpLB0",,,,,,,2025-06-23T23:09:30.261Z,2025-06-23T23:09:30.261Z
3550,,"Internationalization: The Thirty Years War  Grows into a European Catastrophe 1620-1623 (Pt. 3)","https://www.youtube.com/watch?v=DCSWXSi9NgY",,,,,,,2025-06-23T23:09:30.266Z,2025-06-23T23:09:30.266Z
3551,,"A Case Study of the Perfect Siege of Ath 1697","https://www.youtube.com/watch?v=vDLZfmJdIZk",,,,,,,2025-06-23T23:09:30.270Z,2025-06-23T23:09:30.270Z
3552,,"Vauban's Siegecraft: Perfect Fortresses and Infallible Sieges ~1700","https://www.youtube.com/watch?v=J0ZUFCf06PI",,,,,,,2025-06-23T23:09:30.275Z,2025-06-23T23:09:30.275Z
3553,,"Lepanto 1571: Shattering the Idea of Ottoman Invincibility","https://www.youtube.com/watch?v=TjCXogk64DU",,,,,,,2025-06-23T23:09:30.280Z,2025-06-23T23:09:30.280Z
3554,,"The Powder Keg: The Bohemian Revolt 1618-1620 | Thirty Years War (Pt. 2)","https://www.youtube.com/watch?v=pfcjhdT0ah4",,,,,,,2025-06-23T23:09:30.285Z,2025-06-23T23:09:30.285Z
3555,,"Triumph & Treachery: The (Staggering) Sieges of Nicosia and Famagusta | War of Cyprus 1570-1573","https://www.youtube.com/watch?v=qgjM9yHjAZ8",,,,,,,2025-06-23T23:09:30.289Z,2025-06-23T23:09:30.289Z
3556,,"Invasion of Russia: The Battle of Klushino 1610","https://www.youtube.com/watch?v=tk85mXJvEQA",,,,,,,2025-06-23T23:09:30.294Z,2025-06-23T23:09:30.294Z
3557,,"The Cataclysm: The Outbreak of the Thirty Years War 1555-1618 (Pt. 1)","https://www.youtube.com/watch?v=6i84Jx26hdU",,,,,,,2025-06-23T23:09:30.299Z,2025-06-23T23:09:30.299Z
3558,,"Christian Conquest: The (Staggering) Siege of Jerusalem 1099 (First Crusade)","https://www.youtube.com/watch?v=0xhQYRdFH0g",,,,,,,2025-06-23T23:09:30.303Z,2025-06-23T23:09:30.303Z
3559,,"18th Century Naval Warfare: The Age of the Ship of the Line","https://www.youtube.com/watch?v=aw932xrLMSU",,,,,,,2025-06-23T23:09:30.308Z,2025-06-23T23:09:30.308Z
3560,,"17th Century Naval Warfare: The Age of the Galley","https://www.youtube.com/watch?v=bVkdubCi2PI",,,,,,,2025-06-23T23:09:30.312Z,2025-06-23T23:09:30.312Z
3561,,"Imperial Masterpiece: The Battle of N├╢rdlingen 1634 | Thirty Years' War","https://www.youtube.com/watch?v=wZdngjr1-6g",,,,,,,2025-06-23T23:09:30.317Z,2025-06-23T23:09:30.317Z
3562,,"Malta Resists: The (Great) Siege of Malta 1565","https://www.youtube.com/watch?v=XXMkUkrFyCI",,,,,,,2025-06-23T23:09:30.322Z,2025-06-23T23:09:30.322Z
3563,,"4 Misconceptions about Medieval Shield Walls in Movies","https://www.youtube.com/watch?v=EswK7Z9k5bU",,,,,,,2025-06-23T23:09:30.326Z,2025-06-23T23:09:30.326Z
3564,,"How to Raise a Medieval Army","https://www.youtube.com/watch?v=ZQHfit8b6VA",,,,,,,2025-06-23T23:09:30.331Z,2025-06-23T23:09:30.331Z
3565,,"The Rise of Spain: The Spanish Army From the Conquest of Granada to the Tercio 1480-1530","https://www.youtube.com/watch?v=ogKoiRZbQ2E",,,,,,,2025-06-23T23:09:30.336Z,2025-06-23T23:09:30.336Z
3566,,"How Artillery Became The King of Battle (1500-1800)","https://www.youtube.com/watch?v=aYTRWw2skWk",,,,,,,2025-06-23T23:09:30.340Z,2025-06-23T23:09:30.340Z
3567,,"How A Galley Slave Drove the Spanish Empire Into Bankruptcy","https://www.youtube.com/watch?v=OeqN7oQ_QXA",,,,,,,2025-06-23T23:09:30.345Z,2025-06-23T23:09:30.345Z
3568,,"ΓÇ£Dutch Swamp DragonΓÇ¥ - The (Staggering) Siege of 's-Hertogenbosch 1629","https://www.youtube.com/watch?v=gUmJYL6UY8M",,,,,,,2025-06-23T23:09:30.349Z,2025-06-23T23:09:30.349Z
3569,,"Early Field Artillery | Evolution of Warfare 1450-1650","https://www.youtube.com/watch?v=bAOstmqNc4o",,,,,,,2025-06-23T23:09:30.354Z,2025-06-23T23:09:30.354Z
3570,,"The Heaviest Cavalry in the West: The French Gendarmes","https://www.youtube.com/watch?v=NdKB6PfgcCA",,,,,,,2025-06-23T23:09:30.359Z,2025-06-23T23:09:30.359Z
3571,,"Genoese Crossbowmen | Some of the Most Sought-After Mercenaries of Europe","https://www.youtube.com/watch?v=UQZmxykLUbY",,,,,,,2025-06-23T23:09:30.364Z,2025-06-23T23:09:30.364Z
3572,,"5 Misconceptions about Medieval Sieges in Movies","https://www.youtube.com/watch?v=ZRBJKeRfox8",,,,,,,2025-06-23T23:09:30.368Z,2025-06-23T23:09:30.368Z
3573,,"Ottomans at the Gates: The First (Staggering) Siege of Vienna 1529","https://www.youtube.com/watch?v=q4ed2dveGmQ",,,,,,,2025-06-23T23:09:30.373Z,2025-06-23T23:09:30.373Z
3574,,"Black Army of Hungary | Some of the Most Sought-After Mercenaries of Europe","https://www.youtube.com/watch?v=ZjKLtdMh3xI",,,,,,,2025-06-23T23:09:30.378Z,2025-06-23T23:09:30.378Z
3575,,"Stopping the Ottoman Advance: The (Staggering) Siege of Belgrade 1456","https://www.youtube.com/watch?v=U3kaWhkcJqM",,,,,,,2025-06-23T23:09:30.382Z,2025-06-23T23:09:30.382Z
3576,,"Byzantium Falls: The (Staggering) Siege of Constantinople 1453","https://www.youtube.com/watch?v=4i3EVuKI2mc",,,,,,,2025-06-23T23:09:30.387Z,2025-06-23T23:09:30.387Z
3577,,"How to Lay Siege to a Medieval Fortress (1000-1300)","https://www.youtube.com/watch?v=aQ7hTNoK-OA",,,,,,,2025-06-23T23:09:30.392Z,2025-06-23T23:09:30.392Z
3578,,"7 Pike Formations That Dominated The Battlefields of Their Time","https://www.youtube.com/watch?v=G2r-vXVqCIs",,,,,,,2025-06-23T23:09:30.396Z,2025-06-23T23:09:30.396Z
3579,,"Wild EAST: The Cossack World","https://www.youtube.com/watch?v=reoN6dldPkI",,,,,,,2025-06-23T23:09:30.401Z,2025-06-23T23:09:30.401Z
3580,,"ΓÇ£The Wild FieldsΓÇ¥: The Dangerous Frontier of the Great Steppe","https://www.youtube.com/watch?v=nzxM-Zpk0qg",,,,,,,2025-06-23T23:09:30.405Z,2025-06-23T23:09:30.405Z
3581,,"Love for Sale: 'Ladies of the Night' in Early-Modern Europe","https://www.youtube.com/watch?v=FWqS557ia-A",,,,,,,2025-06-23T23:09:30.410Z,2025-06-23T23:09:30.410Z
3582,,"The Battle For Royal Prussia 1626-1629 | Polish-Swedish War (Pt. 4)","https://www.youtube.com/watch?v=ubHYPgcpjiY",,,,,,,2025-06-23T23:09:30.414Z,2025-06-23T23:09:30.414Z
3583,,"The Battle For Lithuania 1617-1626 | Polish-Swedish War (Pt. 3)","https://www.youtube.com/watch?v=BtTFyTcvJ_4",,,,,,,2025-06-23T23:09:30.419Z,2025-06-23T23:09:30.419Z
3584,,"The Battle For Livonia 1600-1611 | The Polish-Swedish War (Pt. 2)","https://www.youtube.com/watch?v=zv9X3lSlrC4",,,,,,,2025-06-23T23:09:30.424Z,2025-06-23T23:09:30.424Z
3585,,"Impregnable Fortress: The (Staggering) Siege of La Rochelle 1627","https://www.youtube.com/watch?v=aKmXMJUAHJI",,,,,,,2025-06-23T23:09:30.429Z,2025-06-23T23:09:30.429Z
3586,,"Invasion of Sweden: Prelude to the Polish-Swedish War 1566-1600 (Pt. 1)","https://www.youtube.com/watch?v=gW3seLCrdno",,,,,,,2025-06-23T23:09:30.433Z,2025-06-23T23:09:30.433Z
3587,,"Opposing the Ottomans: Battle of Khotyn / Chocim 1621  (400 Years Anniversary)","https://www.youtube.com/watch?v=xU4vDW2y6y0",,,,,,,2025-06-23T23:09:30.438Z,2025-06-23T23:09:30.438Z
3588,,"Why Did Soldiers Fight? | Soldiers' Lives","https://www.youtube.com/watch?v=0hLb8OPrjco",,,,,,,2025-06-23T23:09:30.444Z,2025-06-23T23:09:30.444Z
3589,,"Training & Drill | SoldiersΓÇÖ Lives","https://www.youtube.com/watch?v=x-eVYbUKvGM",,,,,,,2025-06-23T23:09:30.449Z,2025-06-23T23:09:30.449Z
3590,,"Life in Military Camps | Soldiers' Lives","https://www.youtube.com/watch?v=rGGdpobz9I4",,,,,,,2025-06-23T23:09:30.454Z,2025-06-23T23:09:30.454Z
3591,,"Moving into War | SoldiersΓÇÿ Lives","https://www.youtube.com/watch?v=BB7MoKaR2MM",,,,,,,2025-06-23T23:09:30.458Z,2025-06-23T23:09:30.458Z
3592,,"The Combat of the Thirty 1351","https://www.youtube.com/watch?v=Jq8aE0vKHQ8",,,,,,,2025-06-23T23:09:30.464Z,2025-06-23T23:09:30.464Z
3593,,"How Dueling Worked in Early-Modern Europe","https://www.youtube.com/watch?v=TfhVQ0YbixA",,,,,,,2025-06-23T23:09:30.469Z,2025-06-23T23:09:30.469Z
3594,,"How to Start a Fight in the Middle Ages","https://www.youtube.com/watch?v=ZnjhU9cVpjg",,,,,,,2025-06-23T23:09:30.474Z,2025-06-23T23:09:30.474Z
3595,,"How to Defend a Star Fortress Forever in the 16th and Early 17th Century","https://www.youtube.com/watch?v=iQG7iVaFSGs",,,,,,,2025-06-23T23:09:30.478Z,2025-06-23T23:09:30.478Z
3596,,"Dutch Defiance: The (Staggering) Siege of Breda 1624/25","https://www.youtube.com/watch?v=uP5cBrP8Bco",,,,,,,2025-06-23T23:09:30.484Z,2025-06-23T23:09:30.484Z
3597,,"Ingenious Siegecraft: The (Staggering) Siege of Syracuse 213-212 BC","https://www.youtube.com/watch?v=Zt04LQQ3gW0",,,,,,,2025-06-23T23:09:30.488Z,2025-06-23T23:09:30.488Z
3598,,"Small War' and Why it is Big","https://www.youtube.com/watch?v=ecUAFQH6AzM",,,,,,,2025-06-23T23:09:30.494Z,2025-06-23T23:09:30.494Z
3599,,"The Battle of L├╝tzen 1632 Hour By Hour | Thirty Years War","https://www.youtube.com/watch?v=Dd3lT5Jiev8",,,,,,,2025-06-23T23:09:30.499Z,2025-06-23T23:09:30.499Z
3600,,"Second Longest Siege in History: The (Staggering) Siege of Candia 1648-1669","https://www.youtube.com/watch?v=XQQy5V0jOkQ",,,,,,,2025-06-23T23:09:30.504Z,2025-06-23T23:09:30.504Z
3601,,"How Medieval Artillery Revolutionized Siege Warfare","https://www.youtube.com/watch?v=5BuvZQh_2YM",,,,,,,2025-06-23T23:09:30.509Z,2025-06-23T23:09:30.509Z
3602,,"The ΓÇÿInfantry RevolutionΓÇÖ of the Late Middle Ages - A Video Essay","https://www.youtube.com/watch?v=DhXcwWYIMJk",,,,,,,2025-06-23T23:09:30.514Z,2025-06-23T23:09:30.514Z
3603,,"Why Everybody Disagrees on the Efficacy of the English Longbow ΓÇô A Video Essay","https://www.youtube.com/watch?v=HAvbqtPjhxs",,,,,,,2025-06-23T23:09:30.519Z,2025-06-23T23:09:30.519Z
3604,,"How Pikemen Changed the Face of European Warfare","https://www.youtube.com/watch?v=16U82cmYkEw",,,,,,,2025-06-23T23:09:30.525Z,2025-06-23T23:09:30.525Z
3605,,"The Battle of Breitenfeld 1631 Hour by Hour | Thirty Years War","https://www.youtube.com/watch?v=zrcuVOfOr4M",,,,,,,2025-06-23T23:09:30.530Z,2025-06-23T23:09:30.530Z
3606,,"How Gustavus Adolphus Combated the Winged Hussars","https://www.youtube.com/watch?v=l_YqxKwLSdw",,,,,,,2025-06-23T23:09:30.535Z,2025-06-23T23:09:30.535Z
3607,,"Gustavus Adolphus: 'The Father Of Modern Warfare'","https://www.youtube.com/watch?v=439NEPZqdxA",,,,,,,2025-06-23T23:09:30.540Z,2025-06-23T23:09:30.540Z
3608,,"Viking Warfare: Of Myths and Reality","https://www.youtube.com/watch?v=c-MgqIatzxA",,,,,,,2025-06-23T23:09:30.545Z,2025-06-23T23:09:30.545Z
3609,,"How Alfred the Great Combatted Viking Invasions","https://www.youtube.com/watch?v=oFUHn69sqBA",,,,,,,2025-06-23T23:09:30.550Z,2025-06-23T23:09:30.550Z
3610,,"Dutch Ingenuity: The (Staggering) Siege of Geertruidenberg 1592/93 | Eighty Years War","https://www.youtube.com/watch?v=l1Ve5Hd65FI",,,,,,,2025-06-23T23:09:30.554Z,2025-06-23T23:09:30.554Z
3611,,"Why Firearms Took the Place of Bow and Arrow - The Rise of the Musketeer in Europe","https://www.youtube.com/watch?v=XwgNpNEzyzI",,,,,,,2025-06-23T23:09:30.559Z,2025-06-23T23:09:30.559Z
3612,,"The (Staggering) Siege of Vienna 1683","https://www.youtube.com/watch?v=ukyquQkQAYo",,,,,,,2025-06-23T23:09:30.565Z,2025-06-23T23:09:30.565Z
3613,,"The Winged Hussars and the ΓÇÿMilitary RevolutionΓÇÖ in the East | Evolution of Warfare","https://www.youtube.com/watch?v=ZEJak1DDm6k",,,,,,,2025-06-23T23:09:30.569Z,2025-06-23T23:09:30.569Z
3614,,"Black Riders | Most Sought-After Mercenaries in Europe","https://www.youtube.com/watch?v=MZkjyFfmXbU",,,,,,,2025-06-23T23:09:30.574Z,2025-06-23T23:09:30.574Z
3615,,"The Real Three Musketeers","https://www.youtube.com/watch?v=wd8npE_Z-_s",,,,,,,2025-06-23T23:09:30.579Z,2025-06-23T23:09:30.579Z
3616,,"The Sack of Rome 1527 - The Darkest Hour of the Landsknechts","https://www.youtube.com/watch?v=8QNXmPCY3jo",,,,,,,2025-06-23T23:09:30.583Z,2025-06-23T23:09:30.583Z
3617,,"The Fall of Burgundy: The Battle of Nancy 1477 | The Burgundian Wars Pt. 4","https://www.youtube.com/watch?v=fje1-zXqNgo",,,,,,,2025-06-23T23:09:30.588Z,2025-06-23T23:09:30.588Z
3618,,"The Fall of Holland: The (Staggering) Siege of Haarlem 1572/73 | Eighty Years' War","https://www.youtube.com/watch?v=BZh8XPIvAlQ",,,,,,,2025-06-23T23:09:30.592Z,2025-06-23T23:09:30.592Z
3620,,"Inflection Point: Battle of Morat 1476 | Burgundian Wars Pt 3","https://www.youtube.com/watch?v=vUkVcjCz6Jc",,,,,,,2025-06-23T23:09:30.597Z,2025-06-23T23:09:30.597Z
3621,,"Flooded Siege: The (Staggering) Siege of Antwerpen 1584/85 | Eighty Years' War","https://www.youtube.com/watch?v=zCkuONNFp_U",,,,,,,2025-06-23T23:09:30.602Z,2025-06-23T23:09:30.602Z
3622,,"Swiss Resistance: Battle of Grandson 1476 | Burgundian Wars Pt 2","https://www.youtube.com/watch?v=jYSvtHQ66oc",,,,,,,2025-06-23T23:09:30.606Z,2025-06-23T23:09:30.606Z
3623,,"New Troy: The (Staggering) Siege Of Ostende 1601-1604 | Eighty Years War","https://www.youtube.com/watch?v=I9P1QkpFdKo",,,,,,,2025-06-23T23:09:30.611Z,2025-06-23T23:09:30.611Z
3624,,"Swiss & Burgundian Ambitions: The Way into the Burgundian Wars (Pt. 1)","https://www.youtube.com/watch?v=1d_V1UnvPBE",,,,,,,2025-06-23T23:09:30.616Z,2025-06-23T23:09:30.616Z
3625,,"The Rise of Gunpowder in Europe","https://www.youtube.com/watch?v=3C7R7Mim4NU",,,,,,,2025-06-23T23:09:30.620Z,2025-06-23T23:09:30.620Z
3626,,"Habsburg Catastrophe: The (Staggering) Siege of Mantua 1629 | Thirty Years' War","https://www.youtube.com/watch?v=R4U20DQ2Jl4",,,,,,,2025-06-23T23:09:30.625Z,2025-06-23T23:09:30.625Z
3627,,"How To Lay Siege To A Star Fortress In The 16th and Early 17th Century","https://www.youtube.com/watch?v=HqIa-NpzAfg",,,,,,,2025-06-23T23:09:30.630Z,2025-06-23T23:09:30.630Z
3628,,"Hussite Wagon Forts - A Challenge To Heavy Cavalry In The Late Middle Ages | Late Medieval Warfare","https://www.youtube.com/watch?v=yGUEqszHRwI",,,,,,,2025-06-23T23:09:30.635Z,2025-06-23T23:09:30.635Z
3629,,"The Dutch 'Military Revolution' During The Eighty Years War | Early-Modern Warfare","https://www.youtube.com/watch?v=9db5d2dRDHg",,,,,,,2025-06-23T23:09:30.639Z,2025-06-23T23:09:30.639Z
3630,,"Housing and Houses in Ancient Rome - Domus, Insula, Villa","https://www.youtube.com/watch?v=aDE4H4dhAkI",,,,,,,2025-06-23T23:09:30.644Z,2025-06-23T23:09:30.644Z
3631,,"Food in Ancient Rome (Cuisine of Ancient Rome) - Garum, Puls, Bread, Moretum","https://www.youtube.com/watch?v=mhEPv4jt7Ks",,,,,,,2025-06-23T23:09:30.649Z,2025-06-23T23:09:30.649Z
3632,,"Historiography, Theory & Objectivity | Can History Be Objective? - The Veto Power of the Sources","https://www.youtube.com/watch?v=FVm3eNMmCMY",,,,,,,2025-06-23T23:09:30.653Z,2025-06-23T23:09:30.653Z
3633,,"War and peace on the Standard of Ur","https://www.youtube.com/watch?v=JWl6eolbQ2g&t=6s",,,,,,,2025-06-23T23:09:30.663Z,2025-06-23T23:09:30.663Z
3634,,"Introduction to the Art of Mesopotamia: Pottery, Metalwork, Jewelry, Cylinder Seals and Sculpture","https://www.youtube.com/watch?v=MYV9aGu7Bzc",,,,,,,2025-06-23T23:09:30.668Z,2025-06-23T23:09:30.668Z
3635,,"1000 AD - A Tour of Europe / Medieval History Documentary","https://www.youtube.com/watch?v=HapGfrGR_gE",,,,,,,2025-06-23T23:09:30.673Z,2025-06-23T23:09:30.673Z
3636,,"1000 AD: A Tour of the Viking World // Vikings Documentary","https://www.youtube.com/watch?v=G3_iLTpTYhY",,,,,,,2025-06-23T23:09:30.678Z,2025-06-23T23:09:30.678Z
3637,,"250k Subscribers Special // Three Years of History Time","https://www.youtube.com/watch?v=yxZMD1zd8P0",,,,,,,2025-06-23T23:09:30.683Z,2025-06-23T23:09:30.683Z
3638,,"878: A Tour of Viking Britain","https://www.youtube.com/watch?v=z2DGAvPecKY",,,,,,,2025-06-23T23:09:30.689Z,2025-06-23T23:09:30.689Z
3639,,"A Brief History of Sherwood Forest","https://www.youtube.com/watch?v=AupDLJaj1jY",,,,,,,2025-06-23T23:09:30.694Z,2025-06-23T23:09:30.694Z
3640,,"After Rome - The War For Britain // History Documentary","https://www.youtube.com/watch?v=sXBgNNtEJ6M",,,,,,,2025-06-23T23:09:30.699Z,2025-06-23T23:09:30.699Z
3641,,"Age of the Dragonships // Evolution of the Viking Longship #3 (975-1027)","https://www.youtube.com/watch?v=NbvVzs25QqU",,,,,,,2025-06-23T23:09:30.703Z,2025-06-23T23:09:30.703Z
3642,,"Age of the Vikings // Evolution of the Viking Longship #2 (750-975)","https://www.youtube.com/watch?v=zfGRuWTV_rg",,,,,,,2025-06-23T23:09:30.709Z,2025-06-23T23:09:30.709Z
3643,,"Akhenaten: Egypt's Mystery Pharaoh","https://www.youtube.com/watch?v=9xqmXNxQYEo",,,,,,,2025-06-23T23:09:30.713Z,2025-06-23T23:09:30.713Z
3644,,"Anarawd ap Rhodri: King of Gwynedd (878-916)","https://www.youtube.com/watch?v=udnBOyB5DWo",,,,,,,2025-06-23T23:09:30.718Z,2025-06-23T23:09:30.718Z
3645,,"Anitta: King of Kussara","https://www.youtube.com/watch?v=DSaZE_GhoT4",,,,,,,2025-06-23T23:09:30.723Z,2025-06-23T23:09:30.723Z
3646,,"Before the Vikings // Evolution of the Viking Longship #1 (10,000 BC-750 AD)","https://www.youtube.com/watch?v=tEROvgTrjuU",,,,,,,2025-06-23T23:09:30.727Z,2025-06-23T23:09:30.727Z
3647,,"Beyond The Fall Of Rome - The 1000 Year Death Of The Roman Empire","https://www.youtube.com/watch?v=j7VeW3pdozs",,,,,,,2025-06-23T23:09:30.732Z,2025-06-23T23:09:30.732Z
3648,,"Bohemond of Taranto & the First Crusade","https://www.youtube.com/watch?v=syB2Y5MF-aM",,,,,,,2025-06-23T23:09:30.737Z,2025-06-23T23:09:30.737Z
3649,,"Boudicca & The Great British Rebellion (60/61 AD) // History Documentary","https://www.youtube.com/watch?v=c3Hq6UaFQqk",,,,,,,2025-06-23T23:09:30.741Z,2025-06-23T23:09:30.741Z
3650,,"Bridei Mac Bili: King of the Picts","https://www.youtube.com/watch?v=wSkpwLlTbZc",,,,,,,2025-06-23T23:09:30.746Z,2025-06-23T23:09:30.746Z
3651,,"Britain After Rome // The Age of Arthur - History Documentary","https://www.youtube.com/watch?v=1k3e4qlgtaQ",,,,,,,2025-06-23T23:09:30.750Z,2025-06-23T23:09:30.750Z
3652,,"Brittany's Viking Age (800-950)","https://www.youtube.com/watch?v=qF9rdNsniyE",,,,,,,2025-06-23T23:09:30.755Z,2025-06-23T23:09:30.755Z
3653,,"Brunanburh - The Great Battle 937 AD","https://www.youtube.com/watch?v=Bxf8fRiRg8A",,,,,,,2025-06-23T23:09:30.759Z,2025-06-23T23:09:30.759Z
3654,,"Cadwallon: King of Gwynedd (625-634) // Edwin, ├åthelfrith, R├ªdwald & Oswald","https://www.youtube.com/watch?v=wuApNmdYksc",,,,,,,2025-06-23T23:09:30.764Z,2025-06-23T23:09:30.764Z
3655,,"Calgacus: Last of the Free","https://www.youtube.com/watch?v=HLsg2wHzoKY",,,,,,,2025-06-23T23:09:30.768Z,2025-06-23T23:09:30.768Z
3656,,"Caratacus & The Roman Invasion of Britain","https://www.youtube.com/watch?v=XUA7_WNTn5o",,,,,,,2025-06-23T23:09:30.774Z,2025-06-23T23:09:30.774Z
3657,,"Charlemagne's Wars //  Gudfred: King of the Danes (804-810)","https://www.youtube.com/watch?v=Fhw8XO2t0eE",,,,,,,2025-06-23T23:09:30.778Z,2025-06-23T23:09:30.778Z
3658,,"Columba & Ireland's Golden Age","https://www.youtube.com/watch?v=4F-gI5FDxJM",,,,,,,2025-06-23T23:09:30.783Z,2025-06-23T23:09:30.783Z
3659,,"Commius & Caesar","https://www.youtube.com/watch?v=e678QpY72EM",,,,,,,2025-06-23T23:09:30.787Z,2025-06-23T23:09:30.787Z
3660,,"Constantine II - Viking Age ScotlandΓÇÖs Greatest King (900-943)","https://www.youtube.com/watch?v=hAcGneEp9DU",,,,,,,2025-06-23T23:09:30.792Z,2025-06-23T23:09:30.792Z
3661,,"Crusade Before The Crusades? // Sardinia Expedition (1015-1017)","https://www.youtube.com/watch?v=VlEQBxCMIZI",,,,,,,2025-06-23T23:09:30.797Z,2025-06-23T23:09:30.797Z
3662,,"Decebalus & The Dacian Wars","https://www.youtube.com/watch?v=aRP0fh1IrPw",,,,,,,2025-06-23T23:09:30.801Z,2025-06-23T23:09:30.801Z
3663,,"Eadric Streona: Anglo-Saxon England's Greatest Villain?","https://www.youtube.com/watch?v=t4HEOpGdzn8",,,,,,,2025-06-23T23:09:30.806Z,2025-06-23T23:09:30.806Z
3664,,"Ecgfrith: King of Northumbria 670-685","https://www.youtube.com/watch?v=iEeiGdFM3i0",,,,,,,2025-06-23T23:09:30.811Z,2025-06-23T23:09:30.811Z
3665,,"Edmund Ironside: The Last Warrior King of Wessex","https://www.youtube.com/watch?v=pJJ9zsRJeq4",,,,,,,2025-06-23T23:09:30.815Z,2025-06-23T23:09:30.815Z
3042,,"Eunus & The First Servile War (135-132 BC)","https://www.youtube.com/watch?v=ElYKhw1uwoU",,,,,,,2025-06-23T23:09:30.820Z,2025-06-23T23:09:30.820Z
3666,,"Europe's Earliest Battle? - The Mystery of the Tollense Valley // Ancient History Documentary","https://www.youtube.com/watch?v=--yUuR_F_wU",,,,,,,2025-06-23T23:09:30.824Z,2025-06-23T23:09:30.824Z
3667,,"First People In New Zealand // Maori History Documentary","https://www.youtube.com/watch?v=LxeCWyC-E6M",,,,,,,2025-06-23T23:09:30.829Z,2025-06-23T23:09:30.829Z
3668,,"Five Boroughs of the Danelaw // Vikings Documentary","https://www.youtube.com/watch?v=GbVWwL5sxLA",,,,,,,2025-06-23T23:09:30.834Z,2025-06-23T23:09:30.834Z
3669,,"Flann Sinna: High King of Ireland (879-916)","https://www.youtube.com/watch?v=15xaTWQcd28",,,,,,,2025-06-23T23:09:30.838Z,2025-06-23T23:09:30.838Z
3670,,"From Danelaw to Denmark: A Viking Journey // Vikings Anglo-Saxons Documentary","https://www.youtube.com/watch?v=GeVxB3Kl7uc",,,,,,,2025-06-23T23:09:30.844Z,2025-06-23T23:09:30.844Z
3671,,"From Pagan Nomads to Christian Knights // King Stephen & The Birth of Hungary","https://www.youtube.com/watch?v=bmzD_p_6XoY",,,,,,,2025-06-23T23:09:30.849Z,2025-06-23T23:09:30.849Z
3672,,"Geiseric & The Kingdom of The Vandals","https://www.youtube.com/watch?v=qNXfLt2onG0",,,,,,,2025-06-23T23:09:30.853Z,2025-06-23T23:09:30.853Z
3673,,"Grand Prince ├ürp├íd & the Invasions of the Magyars","https://www.youtube.com/watch?v=4EmkaiG1F00",,,,,,,2025-06-23T23:09:30.858Z,2025-06-23T23:09:30.858Z
3674,,"Great Zimbabwe & The First Cities of Southern Africa // History Documentary","https://www.youtube.com/watch?v=CdKD4-fVnyE",,,,,,,2025-06-23T23:09:30.863Z,2025-06-23T23:09:30.863Z
3675,,"Guthrum & The Great Summer Army","https://www.youtube.com/watch?v=SsHmRnhl7TE",,,,,,,2025-06-23T23:09:30.867Z,2025-06-23T23:09:30.867Z
3676,,"Haakon 'the Good': King of Norway 934-961","https://www.youtube.com/watch?v=ejaxJzvcJhM",,,,,,,2025-06-23T23:09:30.872Z,2025-06-23T23:09:30.872Z
3677,,"Hammurabi & the First Babylonian Empire","https://www.youtube.com/watch?v=vhffa8LiEzU",,,,,,,2025-06-23T23:09:30.877Z,2025-06-23T23:09:30.877Z
3678,,"Harald Hardrada: King of Norway","https://www.youtube.com/watch?v=JsVEqN1pcNE",,,,,,,2025-06-23T23:09:30.881Z,2025-06-23T23:09:30.881Z
3679,,"Hellenism In the East: Indo-Greeks & The Thousand Cities of Bactria","https://www.youtube.com/watch?v=aAb7wF5bEnM",,,,,,,2025-06-23T23:09:30.886Z,2025-06-23T23:09:30.886Z
3680,,"Herman the German & The Battle of Teutoburg Forest","https://www.youtube.com/watch?v=Q0ggmF9Le-I",,,,,,,2025-06-23T23:09:30.890Z,2025-06-23T23:09:30.890Z
3681,,"History Time 2018 Review & 2019 Trailer","https://www.youtube.com/watch?v=uvAbjEdI6lE",,,,,,,2025-06-23T23:09:30.895Z,2025-06-23T23:09:30.895Z
3682,,"History Time 2018 Trailer","https://www.youtube.com/watch?v=W3Hoe_q1cOs",,,,,,,2025-06-23T23:09:30.900Z,2025-06-23T23:09:30.900Z
3683,,"Homer, the Trojan War & the Late Bronze Age Collapse","https://www.youtube.com/watch?v=xTyMVwSvKV8",,,,,,,2025-06-23T23:09:30.905Z,2025-06-23T23:09:30.905Z
3684,,"Horse Lords: A Brief History of the Scythians","https://www.youtube.com/watch?v=-IAxEtT3lfA",,,,,,,2025-06-23T23:09:30.909Z,2025-06-23T23:09:30.909Z
3685,,"How Doggerland Sank Beneath The Waves (500,000-4000 BC) // Prehistoric Europe Documentary","https://www.youtube.com/watch?v=DECwfQQqRzo",,,,,,,2025-06-23T23:09:30.914Z,2025-06-23T23:09:30.914Z
3686,,"Hughes de Payens & the birth of the Knights Templar","https://www.youtube.com/watch?v=0DAUN6V4brA",,,,,,,2025-06-23T23:09:30.919Z,2025-06-23T23:09:30.919Z
3687,,"Ibn Battuta: The Greatest Traveller in History?","https://www.youtube.com/watch?v=UrigtxUMs-w",,,,,,,2025-06-23T23:09:30.923Z,2025-06-23T23:09:30.923Z
3688,,"Ilghazi & the Rise of the Artuqids (1091-1122) // Seljuk Turks Documentary","https://www.youtube.com/watch?v=HtohAef_Npg",,,,,,,2025-06-23T23:09:30.928Z,2025-06-23T23:09:30.928Z
3689,,"Introducing Sci-fi Hub","https://www.youtube.com/watch?v=tTie6q2e3iM",,,,,,,2025-06-23T23:09:30.933Z,2025-06-23T23:09:30.933Z
3690,,"Invasions of the Sea Peoples: Egypt & The Late Bronze Age Collapse","https://www.youtube.com/watch?v=8A8W3yA_HWs",,,,,,,2025-06-23T23:09:30.937Z,2025-06-23T23:09:30.937Z
3691,,"Ireland's First Viking Age (800-875)","https://www.youtube.com/watch?v=coe0NY7tyJ0",,,,,,,2025-06-23T23:09:30.942Z,2025-06-23T23:09:30.942Z
3692,,"Jericho - The First City on Earth? // Ancient History Documentary","https://www.youtube.com/watch?v=1BrhZBMOS8U",,,,,,,2025-06-23T23:09:30.949Z,2025-06-23T23:09:30.949Z
3693,,"King Sigurd & The Norwegian Crusade","https://www.youtube.com/watch?v=r6fjID6J--Q",,,,,,,2025-06-23T23:09:30.954Z,2025-06-23T23:09:30.954Z
3694,,"King ├åthelberht & Kent's Golden Age 560-616","https://www.youtube.com/watch?v=o7SmlFTNQD4",,,,,,,2025-06-23T23:09:30.959Z,2025-06-23T23:09:30.959Z
3695,,"Lords of the Mountains: The Foundation of the Armenian Kingdom of Cilicia","https://www.youtube.com/watch?v=H5Zu08tKzs4",,,,,,,2025-06-23T23:09:30.963Z,2025-06-23T23:09:30.963Z
3696,,"Lost City of the Monkey God // Ancient America Documentary","https://www.youtube.com/watch?v=FLIjqSHW2SI",,,,,,,2025-06-23T23:09:30.968Z,2025-06-23T23:09:30.968Z
3697,,"Lugal-Zage-Si: King of Sumer","https://www.youtube.com/watch?v=qi7Xpf1fuTs&t=3s",,,,,,,2025-06-23T23:09:30.973Z,2025-06-23T23:09:30.973Z
3698,,"Mansa Musa: The Richest Man In History?","https://www.youtube.com/watch?v=19aIq8InSxc",,,,,,,2025-06-23T23:09:30.978Z,2025-06-23T23:09:30.978Z
3699,,"Massinissa & the Second Punic War (218-201 BC)","https://www.youtube.com/watch?v=8UdOBRm5b18",,,,,,,2025-06-23T23:09:30.983Z,2025-06-23T23:09:30.983Z
3700,,"Medieval Armenia & The City of 1001 Churches","https://www.youtube.com/watch?v=w0UaYSUKH40",,,,,,,2025-06-23T23:09:30.987Z,2025-06-23T23:09:30.987Z
3701,,"Nebechudnezzer II & The Neo-Babylonian Empire","https://www.youtube.com/watch?v=uauQ6-zJVaY",,,,,,,2025-06-23T23:09:30.992Z,2025-06-23T23:09:30.992Z
3702,,"Nicephoros Phokas: Pale Death of the Saracens (950-969) // Byzantium Documentary","https://www.youtube.com/watch?v=8suw9kk6z4c",,,,,,,2025-06-23T23:09:30.996Z,2025-06-23T23:09:30.996Z
3703,,"Normans in Italy // Wars of the Lombards & Byzantines (1008-1053)","https://www.youtube.com/watch?v=CGo7kcgb9Qc",,,,,,,2025-06-23T23:09:31.001Z,2025-06-23T23:09:31.001Z
3704,,"Normans in Spain // Roger Tosny & The Reconquista (1013-1040)","https://www.youtube.com/watch?v=6cM59fQ8yhA",,,,,,,2025-06-23T23:09:31.006Z,2025-06-23T23:09:31.006Z
3705,,"Olaf Guthfrithson: King of Dublin (934-941) // Irish Vikings","https://www.youtube.com/watch?v=UY2TFswtkRU",,,,,,,2025-06-23T23:09:31.011Z,2025-06-23T23:09:31.011Z
3706,,"Olaf Haraldsson: King of Norway 1015-1028","https://www.youtube.com/watch?v=2XvE1EKxUHc",,,,,,,2025-06-23T23:09:31.016Z,2025-06-23T23:09:31.016Z
3707,,"Olaf Tryggvason: King of Norway 995-1000","https://www.youtube.com/watch?v=XnJD_X4F4CM",,,,,,,2025-06-23T23:09:31.020Z,2025-06-23T23:09:31.020Z
3708,,"Parmenion's War 400 - 330 BC","https://www.youtube.com/watch?v=MemlJ_v3mvs",,,,,,,2025-06-23T23:09:31.025Z,2025-06-23T23:09:31.025Z
3709,,"Pyrrhus of Epirus: Enemy of Rome","https://www.youtube.com/watch?v=0Nsdfmix9Eo",,,,,,,2025-06-23T23:09:31.030Z,2025-06-23T23:09:31.030Z
3710,,"Ragnall ua ├ìmair: The Sea King","https://www.youtube.com/watch?v=ttRcueUpnWk",,,,,,,2025-06-23T23:09:31.034Z,2025-06-23T23:09:31.034Z
3711,,"Rhodes: A Short History","https://www.youtube.com/watch?v=g7GKcn_v5d4",,,,,,,2025-06-23T23:09:31.045Z,2025-06-23T23:09:31.045Z
3712,,"Roussel de Bailleul & The Norman Invasion of Anatolia","https://www.youtube.com/watch?v=41Dot2JWjmw",,,,,,,2025-06-23T23:09:31.050Z,2025-06-23T23:09:31.050Z
3713,,"Shamshi-Adad & the Old Assyrian Empire (2000-1750 BC) // Ancient History Documentary","https://www.youtube.com/watch?v=vpm-kzn01y4",,,,,,,2025-06-23T23:09:31.083Z,2025-06-23T23:09:31.083Z
3714,,"Sihtric C├íech: Scourge of the Irish","https://www.youtube.com/watch?v=7qCQAM8KRMQ",,,,,,,2025-06-23T23:09:31.091Z,2025-06-23T23:09:31.091Z
3715,,"Somerled: King of the Isles","https://www.youtube.com/watch?v=gEEIbNrAPts",,,,,,,2025-06-23T23:09:31.114Z,2025-06-23T23:09:31.114Z
3716,,"Spartacus & The Third Servile War","https://www.youtube.com/watch?v=lVvu_U8l6q0",,,,,,,2025-06-23T23:09:31.120Z,2025-06-23T23:09:31.120Z
3717,,"Stalingrad 1942-'43","https://www.youtube.com/watch?v=TvKamCsNMm8",,,,,,,2025-06-23T23:09:31.125Z,2025-06-23T23:09:31.125Z
3718,,"Stone Age Scandinavia: First People In the North (10,000-5000 BC)","https://www.youtube.com/watch?v=aRCKWarkULc",,,,,,,2025-06-23T23:09:31.145Z,2025-06-23T23:09:31.145Z
3719,,"Subutai and the Mongol invasion of Europe","https://www.youtube.com/watch?v=3BbbLDwi5LA",,,,,,,2025-06-23T23:09:31.151Z,2025-06-23T23:09:31.151Z
3720,,"Sviatoslav 'the Brave': Grand Prince of Kiev 945-972","https://www.youtube.com/watch?v=KlAFetvDH1E",,,,,,,2025-06-23T23:09:31.170Z,2025-06-23T23:09:31.170Z
3721,,"Tancred, The First Crusade & The Rise of the Principality of Antioch (1096-1112)","https://www.youtube.com/watch?v=aqsnNUlx1gc",,,,,,,2025-06-23T23:09:31.176Z,2025-06-23T23:09:31.176Z
3722,,"The Abbasid Caliphate // Medieval History Documentary (750-833)","https://www.youtube.com/watch?v=h2MmjMsYuF8",,,,,,,2025-06-23T23:09:31.181Z,2025-06-23T23:09:31.181Z
3723,,"The Abbasid Revolution // Overthrow of the Umayyad Caliphate (717-750)","https://www.youtube.com/watch?v=_MdITJvZymo",,,,,,,2025-06-23T23:09:31.186Z,2025-06-23T23:09:31.186Z
3724,,"The Arabs Sack Rome // Early Medieval Italy (846)","https://www.youtube.com/watch?v=CaCxEGq2xx8",,,,,,,2025-06-23T23:09:31.191Z,2025-06-23T23:09:31.191Z
3725,,"The Battle of Carrhae 53 BC","https://www.youtube.com/watch?v=I4x4Ef42Lj4",,,,,,,2025-06-23T23:09:31.196Z,2025-06-23T23:09:31.196Z
3726,,"The Battle of Tell Danith (1115) War For Aleppo #1 // CRUSADES DOCUMENTARY","https://www.youtube.com/watch?v=CEoabnZrtvo",,,,,,,2025-06-23T23:09:31.208Z,2025-06-23T23:09:31.208Z
3727,,"The Bloody Baron & The Russian Civil War","https://www.youtube.com/watch?v=6tB0m4Mww8U",,,,,,,2025-06-23T23:09:31.213Z,2025-06-23T23:09:31.213Z
3728,,"The Dead Sea Scrolls // Ancient History Documentary","https://www.youtube.com/watch?v=kKjbc66qp3Y",,,,,,,2025-06-23T23:09:31.218Z,2025-06-23T23:09:31.218Z
3729,,"The Entire History of Roman Britain (55 BC - 410 AD) // Ancient Rome Documentary","https://www.youtube.com/watch?v=dvtVLa4uOYc",,,,,,,2025-06-23T23:09:31.222Z,2025-06-23T23:09:31.222Z
3730,,"The Entire History of Steppe Nomads & City Builders // Ancient Prehistory Documentary","https://www.youtube.com/watch?v=IrqkwG7Nqj8&t=409s",,,,,,,2025-06-23T23:09:31.228Z,2025-06-23T23:09:31.228Z
3731,,"The Entire History Of The Greco-Persian Wars - Sparta Ancient Greece Documentary","https://www.youtube.com/watch?v=KMKMivAQuw0",,,,,,,2025-06-23T23:09:31.236Z,2025-06-23T23:09:31.236Z
3732,,"The Entire History Of The Hittites / Ancient History Documentary","https://www.youtube.com/watch?v=OusqE7gTUOI",,,,,,,2025-06-23T23:09:31.241Z,2025-06-23T23:09:31.241Z
3733,,"The Entire History of the Maya // Ancient America History Documentary","https://www.youtube.com/watch?v=hNbuF1NWXKo",,,,,,,2025-06-23T23:09:31.245Z,2025-06-23T23:09:31.245Z
3734,,"The Entire History of the Neo-Assyrian Empire (911-609 BC) // Ancient History Documentary","https://www.youtube.com/watch?v=tizdco2i85w",,,,,,,2025-06-23T23:09:31.250Z,2025-06-23T23:09:31.250Z
3735,,"The Entire History of the Persian Achaemenid Empire (550-330 BC) / Ancient History Documentary","https://www.youtube.com/watch?v=34oQfaJiy7w",,,,,,,2025-06-23T23:09:31.255Z,2025-06-23T23:09:31.255Z
3736,,"The Entire History of the Phoenicians (2500 - 300 BC) // Ancient History Documentary","https://www.youtube.com/watch?v=-p8OZz5KJoo",,,,,,,2025-06-23T23:09:31.260Z,2025-06-23T23:09:31.260Z
3737,,"The Entire History of Viking Britain // Medieval England Documentary","https://www.youtube.com/watch?v=J9DwXeAtWrs",,,,,,,2025-06-23T23:09:31.265Z,2025-06-23T23:09:31.265Z
3738,,"The Field of Blood (1119) War for Aleppo #2 // CRUSADES DOCUMENTARY","https://www.youtube.com/watch?v=KOm1fx9OxA4",,,,,,,2025-06-23T23:09:31.269Z,2025-06-23T23:09:31.269Z
3739,,"The Gothic War (376-382) The Fall of Rome #2","https://www.youtube.com/watch?v=m5dNOFPnaEo",,,,,,,2025-06-23T23:09:31.274Z,2025-06-23T23:09:31.274Z
3740,,"The Goths Cross the Danube (376) / The Fall of Rome #1","https://www.youtube.com/watch?v=p0WnRODVby0",,,,,,,2025-06-23T23:09:31.278Z,2025-06-23T23:09:31.278Z
3741,,"The Great Revolt & The Siege of Masada // History Documentary","https://www.youtube.com/watch?v=xwGJYIWhZDM",,,,,,,2025-06-23T23:09:31.283Z,2025-06-23T23:09:31.283Z
3742,,"The Incredible Journey of Cabeza De Vaca (1527-1536)","https://www.youtube.com/watch?v=P_ozbidkNZo",,,,,,,2025-06-23T23:09:31.288Z,2025-06-23T23:09:31.288Z
3743,,"The Last March of the Jomsvikings","https://www.youtube.com/watch?v=liyM7pTiGeY",,,,,,,2025-06-23T23:09:31.292Z,2025-06-23T23:09:31.292Z
3744,,"The Lost History of the North: Thored, Oslac & Yorvik VIKINGS DANELAW ANGLO-SAXONS DOCUMENTARY","https://www.youtube.com/watch?v=ecbszsgrnL8",,,,,,,2025-06-23T23:09:31.297Z,2025-06-23T23:09:31.297Z
3745,,"The Nordic Bronze Age / Ancient History Documentary","https://www.youtube.com/watch?v=s_OFqGuLc7s",,,,,,,2025-06-23T23:09:31.301Z,2025-06-23T23:09:31.301Z
3746,,"The Norman Conquest of Sicily (1061-1091) Medieval History Documentary / Roger The Great Count","https://www.youtube.com/watch?v=WWJr03XX-nI",,,,,,,2025-06-23T23:09:31.306Z,2025-06-23T23:09:31.306Z
3747,,"The Real Bj├╢rn Ironside // Vikings in Spain & the Mediterranean","https://www.youtube.com/watch?v=UgKQJ3WGJBk",,,,,,,2025-06-23T23:09:31.310Z,2025-06-23T23:09:31.310Z
3748,,"The Real Ivar The Boneless // Vikings Documentary","https://www.youtube.com/watch?v=w3lRf6FT_pM",,,,,,,2025-06-23T23:09:31.315Z,2025-06-23T23:09:31.315Z
3749,,"The Real Macbeth","https://www.youtube.com/watch?v=FyqKmKZmRn0",,,,,,,2025-06-23T23:09:31.320Z,2025-06-23T23:09:31.320Z
3750,,"The Real Ragnar Lothbrok // Vikings Documentary","https://www.youtube.com/watch?v=4bjo_WYgRd0",,,,,,,2025-06-23T23:09:31.325Z,2025-06-23T23:09:31.325Z
3751,,"The Real Robin Hood? Willikin of The Weald","https://www.youtube.com/watch?v=30BzpJftK3Y",,,,,,,2025-06-23T23:09:31.329Z,2025-06-23T23:09:31.329Z
3752,,"The Real Rollo & the Foundation of Normandy // Vikings Documentary","https://www.youtube.com/watch?v=zvaZuKryQPQ",,,,,,,2025-06-23T23:09:31.334Z,2025-06-23T23:09:31.334Z
3753,,"The Real Titus Pullo & Lucius Vorenus","https://www.youtube.com/watch?v=IsOuyHH203o",,,,,,,2025-06-23T23:09:31.357Z,2025-06-23T23:09:31.357Z
3754,,"The Real Uhtred of Bebbanburg","https://www.youtube.com/watch?v=bPBIKFT-YRA",,,,,,,2025-06-23T23:09:31.362Z,2025-06-23T23:09:31.362Z
3755,,"The Rise and Fall of the Neo-Sumerian Empire","https://www.youtube.com/watch?v=DchQqD8g0-U",,,,,,,2025-06-23T23:09:31.367Z,2025-06-23T23:09:31.367Z
3756,,"The Rise of Zengi & The Fall of Edessa (1095-1146) // Crusades Documentary","https://www.youtube.com/watch?v=oSB-rogZgF4",,,,,,,2025-06-23T23:09:31.372Z,2025-06-23T23:09:31.372Z
3757,,"The Sea Peoples & The Late Bronze Age Collapse // Ancient History Documentary (1200-1150 BC)","https://www.youtube.com/watch?v=xl9RaHE9ZpI",,,,,,,2025-06-23T23:09:31.377Z,2025-06-23T23:09:31.377Z
3758,,"The Sea-Kingdom: D├íl Riata & The Birth of Scotland","https://www.youtube.com/watch?v=di6_-pM7-CQ",,,,,,,2025-06-23T23:09:31.381Z,2025-06-23T23:09:31.381Z
3759,,"The Spanish Flu & How The World Recovered (1918-1929) History Documentary","https://www.youtube.com/watch?v=d0AoRkmj9YM",,,,,,,2025-06-23T23:09:31.386Z,2025-06-23T23:09:31.386Z
3760,,"The Turks Enter Anatolia (1016-1071)","https://www.youtube.com/watch?v=YirWYMurJn4",,,,,,,2025-06-23T23:09:31.390Z,2025-06-23T23:09:31.390Z
3761,,"The Zanj Rebellion 869-883","https://www.youtube.com/watch?v=OneYxSozCgg",,,,,,,2025-06-23T23:09:31.395Z,2025-06-23T23:09:31.395Z
3762,,"Towers of the North: The Brochs of Iron Age Scotland (3000 BC - 200 AD)","https://www.youtube.com/watch?v=mLQiz30lfZM",,,,,,,2025-06-23T23:09:31.400Z,2025-06-23T23:09:31.400Z
3763,,"Tutush, Kerbogha & the Fall of the Great Seljuk Empire","https://www.youtube.com/watch?v=MridMw5doyI",,,,,,,2025-06-23T23:09:31.404Z,2025-06-23T23:09:31.404Z
3764,,"Tzachas: The Man Who Would Be Emperor","https://www.youtube.com/watch?v=2okaZhJbYl4",,,,,,,2025-06-23T23:09:31.409Z,2025-06-23T23:09:31.409Z
3765,,"Ubba & the Great Heathen Army","https://www.youtube.com/watch?v=EM_VftwUMcg",,,,,,,2025-06-23T23:09:31.413Z,2025-06-23T23:09:31.413Z
3766,,"Venice & the Crusades (1090-1125)","https://www.youtube.com/watch?v=QiVcjvnlJBs",,,,,,,2025-06-23T23:09:31.418Z,2025-06-23T23:09:31.418Z
3767,,"Venice: A Short History","https://www.youtube.com/watch?v=lQRWtkKrsnY",,,,,,,2025-06-23T23:09:31.423Z,2025-06-23T23:09:31.423Z
3768,,"Viking Age Capital of Denmark // Roskilde Vikings Documentary","https://www.youtube.com/watch?v=jjYoId3A540",,,,,,,2025-06-23T23:09:31.428Z,2025-06-23T23:09:31.428Z
3769,,"Vikings Of The East: Igor & The Kievan Rus'","https://www.youtube.com/watch?v=YvPSa8XoHDI",,,,,,,2025-06-23T23:09:31.432Z,2025-06-23T23:09:31.432Z
3770,,"What Happened To Britain's Last Hunter-Gatherers? Prehistoric Europe Documentary","https://www.youtube.com/watch?v=vTyojqbW6lM",,,,,,,2025-06-23T23:09:31.437Z,2025-06-23T23:09:31.437Z
3771,,"What Happened To The Last Vikings? (1027-1263) // History Documentary","https://www.youtube.com/watch?v=YjDuLWtxvCU",,,,,,,2025-06-23T23:09:31.441Z,2025-06-23T23:09:31.441Z
3772,,"What Happened To The The Lost Mycenaean Palace Of Nichoria? - Bronze Age Greece History Documentary","https://www.youtube.com/watch?v=FdOgoqapBnw",,,,,,,2025-06-23T23:09:31.446Z,2025-06-23T23:09:31.446Z
3773,,"William Iron Arm & The Norman Conquest of Italy","https://www.youtube.com/watch?v=N0ZcDVw-TJQ",,,,,,,2025-06-23T23:09:31.451Z,2025-06-23T23:09:31.451Z
3774,,"William the Conqueror: Duke of Normandy","https://www.youtube.com/watch?v=xDlv9yFgnAo",,,,,,,2025-06-23T23:09:31.457Z,2025-06-23T23:09:31.457Z
3775,,"Wulfhere: King of Mercia","https://www.youtube.com/watch?v=Esm5WUn51EY",,,,,,,2025-06-23T23:09:31.461Z,2025-06-23T23:09:31.461Z
3776,,"Zenobia: The Warrior Queen of Palmyra","https://www.youtube.com/watch?v=LtyDxe6bSIo",,,,,,,2025-06-23T23:09:31.466Z,2025-06-23T23:09:31.466Z
3777,,"├åthelfl├ªd, Ingimundr & the Battle of Chester (907)","https://www.youtube.com/watch?v=vzMYgmumesg",,,,,,,2025-06-23T23:09:31.472Z,2025-06-23T23:09:31.472Z
3778,,"├åthelfl├ªd, Lady of the Mercians - The First Warrior Queen of England","https://www.youtube.com/watch?v=1C95kW84csg",,,,,,,2025-06-23T23:09:31.476Z,2025-06-23T23:09:31.476Z
3779,,"├åthelstan Half-King & the making of England","https://www.youtube.com/watch?v=Zne3loE2mZA",,,,,,,2025-06-23T23:09:31.482Z,2025-06-23T23:09:31.482Z
3780,,"├åthelstan ├åtheling: The King That Never Was // VIKINGS/ANGLO-SAXONS DOCUMENTARY","https://www.youtube.com/watch?v=wDKNJRvpeHw",,,,,,,2025-06-23T23:09:31.487Z,2025-06-23T23:09:31.487Z
3781,,"├åthelstan: The First King of the English","https://www.youtube.com/watch?v=hZEImkSOl-0",,,,,,,2025-06-23T23:09:31.492Z,2025-06-23T23:09:31.492Z
3782,,"History of Early Palestine - Ancient Civilizations DOCUMENTARY","https://www.youtube.com/watch?v=VMlqA5b-Kyk",,,,,,,2025-06-23T23:09:31.497Z,2025-06-23T23:09:31.497Z
3783,,"Are ""Aryans"" Indigenous to India? The Archaeological Evidence","https://www.youtube.com/watch?v=yYtV48GAzlM",,,,,,,2025-06-23T23:09:31.504Z,2025-06-23T23:09:31.504Z
3784,,"Origin of the Slavic People DOCUMENTARY","https://www.youtube.com/watch?v=GtFgHjEZFBg",,,,,,,2025-06-23T23:09:31.509Z,2025-06-23T23:09:31.509Z
3785,,"First Punic War Begins - Roman and Carthaginian History DOCUMENTARY","https://www.youtube.com/watch?v=RcOJYq6wOkA",,,,,,,2025-06-23T23:09:31.513Z,2025-06-23T23:09:31.513Z
3786,,"In Search of China's First Dynasty","https://www.youtube.com/watch?v=xCPVI9gF19A",,,,,,,2025-06-23T23:09:31.519Z,2025-06-23T23:09:31.519Z
3787,,"History of the Ukrainians: From Kyivan Rus to Today DOCUMENTARY","https://www.youtube.com/watch?v=GnGe9CfDvj8",,,,,,,2025-06-23T23:09:31.523Z,2025-06-23T23:09:31.523Z
3788,,"Odysseus: Historicity, Inspirations and Themes from Ancient Greece","https://www.youtube.com/watch?v=lcfveYFnN7M",,,,,,,2025-06-23T23:09:31.530Z,2025-06-23T23:09:31.530Z
3789,,"Did This Ancient Civilization Vanish Without a Trace?","https://www.youtube.com/watch?v=LS6vPc76yCc",,,,,,,2025-06-23T23:09:31.539Z,2025-06-23T23:09:31.539Z
3790,,"OI Ancient Literature Workshops, Session 1: Literature in Ancient Egyptian Society","https://www.youtube.com/watch?v=Rz1VWdnIqas",,,,,,,2025-06-23T23:09:31.548Z,2025-06-23T23:09:31.548Z
3791,,"OI Ancient Languages Workshop | Session 1: Ancient Egypt","https://www.youtube.com/watch?v=otn3d3b5hJI",,,,,,,2025-06-23T23:09:31.554Z,2025-06-23T23:09:31.554Z
3792,,"OI Ancient Languages Workshop | Session 2: Meroitic","https://www.youtube.com/watch?v=3AG4W6o921c",,,,,,,2025-06-23T23:09:31.561Z,2025-06-23T23:09:31.561Z
3793,,"Rune Nyord | The Modern Making of the Ancient Egyptian ""Book of the Dead""","https://www.youtube.com/watch?v=g0UJXJfo8so",,,,,,,2025-06-23T23:09:31.565Z,2025-06-23T23:09:31.565Z
3794,,"Eric H. Cline | After 1177 BC","https://www.youtube.com/watch?v=HQa6yvIMuKQ",,,,,,,2025-06-23T23:09:31.571Z,2025-06-23T23:09:31.571Z
3795,,"Yorke Rowan | Beyond the Fertile Crescent","https://www.youtube.com/watch?v=lqdEAaQqBQY",,,,,,,2025-06-23T23:09:31.576Z,2025-06-23T23:09:31.576Z
3796,,"Daniel Schwemer | Living in a Precarious World: Magical Rituals from Ancient Mesopotamia","https://www.youtube.com/watch?v=uOakUi2-fJc",,,,,,,2025-06-23T23:09:31.582Z,2025-06-23T23:09:31.582Z
3797,,"Korshi Dosoo | Christian Egypt and its ""Pagan"" Past","https://www.youtube.com/watch?v=VVDiCHAp-2c",,,,,,,2025-06-23T23:09:31.587Z,2025-06-23T23:09:31.587Z
3798,,"Marie-Laure Chambrade | Flying Under a Screen of Clouds","https://www.youtube.com/watch?v=2XdkwFAEYno",,,,,,,2025-06-23T23:09:31.592Z,2025-06-23T23:09:31.592Z
3799,,"Nele Ziegler | Music and Musicians in Mari ΓÇô a Diachronic Overview","https://www.youtube.com/watch?v=OXyx79j_If8",,,,,,,2025-06-23T23:09:31.597Z,2025-06-23T23:09:31.597Z
3800,,"Jeffrey Stackert | Judah in the Shadow of the Assyrian Empire","https://www.youtube.com/watch?v=N7l37SSVImE",,,,,,,2025-06-23T23:09:31.602Z,2025-06-23T23:09:31.602Z
3801,,"The Decipherment of Meroitic | Claude Rilly, Sorbonne","https://www.youtube.com/watch?v=Myj8ehkVRw8",,,,,,,2025-06-23T23:09:31.608Z,2025-06-23T23:09:31.608Z
3802,,"ISAC Lecture, Carolina Lopez Ruiz","https://www.youtube.com/watch?v=-NQJFcFNNl8",,,,,,,2025-06-23T23:09:31.612Z,2025-06-23T23:09:31.612Z
3619,,"The Hand of Irulegi","https://www.youtube.com/watch?v=dcobsTuDsF4",,,,,,,2025-06-23T23:09:31.617Z,2025-06-23T23:09:31.617Z
3803,,"Law and Morality in Sumerian Satirical Tales | Jana Matuszak, ISAC","https://www.youtube.com/watch?v=2Mm53Q4Wydo",,,,,,,2025-06-23T23:09:31.621Z,2025-06-23T23:09:31.621Z
3804,,"What Did You Learn in School Today? | Paul Delnero, Johns Hopkins","https://www.youtube.com/watch?v=2zw8BAf_1lE",,,,,,,2025-06-23T23:09:31.626Z,2025-06-23T23:09:31.626Z
3805,,"Back to School in Babylonia: The Aims of Babylonian Education | Susanne Paulus, ISAC","https://www.youtube.com/watch?v=Jvkr4_DQKXg",,,,,,,2025-06-23T23:09:31.631Z,2025-06-23T23:09:31.631Z
3806,,"Mesopotamian Ruins and Contemporary Art in Post-Conflict Iraq | Hanaa Malallah and Kiersten Neumann","https://www.youtube.com/watch?v=Vy3t76ZZoww",,,,,,,2025-06-23T23:09:31.636Z,2025-06-23T23:09:31.636Z
3807,,"Visualizing the Pyramids: Old Digs, New Technologies  | Peter Der Manuelian, Harvard","https://www.youtube.com/watch?v=jTyGZMWu0Os",,,,,,,2025-06-23T23:09:31.642Z,2025-06-23T23:09:31.642Z
3808,,"Affluent Suburbs or Disenfranchised Banlieue: The Urban Edge at Nippur, Iraq","https://www.youtube.com/watch?v=iUbCasjXfxo",,,,,,,2025-06-23T23:09:31.647Z,2025-06-23T23:09:31.647Z
3809,,"Do You Believe in Thoth? My Life With an Amiable Ancient Egyptian God","https://www.youtube.com/watch?v=_Ueetod7k0I",,,,,,,2025-06-23T23:09:31.652Z,2025-06-23T23:09:31.652Z
3810,,"Skulls and Animate Houses: The Development of Sedentism and Agriculture in Central Anatolia","https://www.youtube.com/watch?v=b0M7ORspKG0",,,,,,,2025-06-23T23:09:31.657Z,2025-06-23T23:09:31.657Z
3811,,"Cultural Heritage and Mass Atrocities, a panel discussion","https://www.youtube.com/watch?v=cfyHnvMSleM",,,,,,,2025-06-23T23:09:31.663Z,2025-06-23T23:09:31.663Z
3812,,"Mauritzio Forte | Unlocking Digital Archaeology","https://www.youtube.com/watch?v=rg7_z6XfGr0",,,,,,,2025-06-23T23:09:31.668Z,2025-06-23T23:09:31.668Z
3813,,"Katharine Raff | From Plaster to Marble","https://www.youtube.com/watch?v=kNmsEfCY_x8",,,,,,,2025-06-23T23:09:31.673Z,2025-06-23T23:09:31.673Z
3814,,"Felipe Rojas Silva | Cuneiform and Cross: Early Armenian Reuse of Urartian Inscriptions","https://www.youtube.com/watch?v=7SG5owPePAA",,,,,,,2025-06-23T23:09:31.678Z,2025-06-23T23:09:31.678Z
3815,,"Alison Whyte | Venus With Cupid: Discoveries in the Conservation Lab","https://www.youtube.com/watch?v=xrbgwF99bCI",,,,,,,2025-06-23T23:09:31.683Z,2025-06-23T23:09:31.683Z
3816,,"Sofia Torallas Tovar | Egyptians in Athens: Following the Trails of Words","https://www.youtube.com/watch?v=bKZk_xtsaoU",,,,,,,2025-06-23T23:09:31.688Z,2025-06-23T23:09:31.688Z
3817,,"Emily Teeter  | Why Tut Matters","https://www.youtube.com/watch?v=dM8ibB_Sqaw",,,,,,,2025-06-23T23:09:31.693Z,2025-06-23T23:09:31.693Z
3818,,"Jonathan M. Hall | Archaeology and Myth: Some Reflections","https://www.youtube.com/watch?v=7x5Ud22dtBI",,,,,,,2025-06-23T23:09:31.699Z,2025-06-23T23:09:31.699Z
3819,,"K. Neumann and R. Rumora | Revisiting Roman Sculpture at the OI: Ptolemais and Beyond","https://www.youtube.com/watch?v=DnMO5nYP-eo",,,,,,,2025-06-23T23:09:31.704Z,2025-06-23T23:09:31.704Z
3820,,"Making Sense of Marbles: Roman Sculpture at the OI | A Special Exhibition","https://www.youtube.com/watch?v=lNC5kf51SKQ",,,,,,,2025-06-23T23:09:31.709Z,2025-06-23T23:09:31.709Z
3821,,"Jorke Grotenhuis | Hieroglyphic Sign Lists: The Thoth Sign List, Towards a Unicode Expansion","https://www.youtube.com/watch?v=TsNFPfzKzi0",,,,,,,2025-06-23T23:09:31.713Z,2025-06-23T23:09:31.713Z
3822,,"Talinn Grigor | Persepolis After Lindon Smith: The Modernist Afterlife of the Ruins","https://www.youtube.com/watch?v=5glhK9d5A4Y",,,,,,,2025-06-23T23:09:31.719Z,2025-06-23T23:09:31.719Z
3823,,"OI Cultural Heritage Initiative","https://www.youtube.com/watch?v=AmGSdLRWYtA",,,,,,,2025-06-23T23:09:31.724Z,2025-06-23T23:09:31.724Z
3824,,"Hannah Moots | From Wheat to Watermelon: Clues from Ancient DNA about Food and Diet","https://www.youtube.com/watch?v=hg4_FX6cUp8",,,,,,,2025-06-23T23:09:31.729Z,2025-06-23T23:09:31.729Z
3825,,"Herv├⌐ Reculeau | How Did Ancient Mesopotamians Deal with Climate Change","https://www.youtube.com/watch?v=Gjg8YRw-2b4",,,,,,,2025-06-23T23:09:31.734Z,2025-06-23T23:09:31.734Z
3826,,"Kiersten Neumann I  Documenting Persepolis and the Paintings of Joseph Lindon Smith","https://www.youtube.com/watch?v=dGiSN4yMyV0",,,,,,,2025-06-23T23:09:31.740Z,2025-06-23T23:09:31.740Z
3827,,"James Osborne I Ancient Pottery for Beginners: Why Archaeologists Study Ceramics","https://www.youtube.com/watch?v=pXsNqPfrwVk",,,,,,,2025-06-23T23:09:31.744Z,2025-06-23T23:09:31.744Z
3828,,"Joseph Lindon Smith: The Persepolis Paintings | A Special Exhibition at the OI Museum","https://www.youtube.com/watch?v=EIou6nIxSFM",,,,,,,2025-06-23T23:09:31.750Z,2025-06-23T23:09:31.750Z
3829,,"Yassaman Ameri | The Inheritance & The Artist","https://www.youtube.com/watch?v=5ZAlTxaaSTA",,,,,,,2025-06-23T23:09:31.754Z,2025-06-23T23:09:31.754Z
3830,,"Fr. Dr. Iskandar Bcheiry | The Life and Homilies of Jacob of Serugh in a Manuscript in the OIM","https://www.youtube.com/watch?v=PNthnb-apWE",,,,,,,2025-06-23T23:09:31.759Z,2025-06-23T23:09:31.759Z
3831,,"Ruth Tringham | Old Europe: House, Fire, the Goddess, and Ambiguity","https://www.youtube.com/watch?v=-EuPeNQckgM",,,,,,,2025-06-23T23:09:31.767Z,2025-06-23T23:09:31.767Z
3832,,"Eric Cline | Digging Up Armageddon: Chicago's Search for the Lost City of Solomon","https://www.youtube.com/watch?v=6hA2ftvVTBk",,,,,,,2025-06-23T23:09:31.771Z,2025-06-23T23:09:31.771Z
3833,,"Visiting the Museum","https://www.youtube.com/watch?v=GLIP0Gt_I_s",,,,,,,2025-06-23T23:09:31.776Z,2025-06-23T23:09:31.776Z
3834,,"Black Adam: Ancient Influences/Contemporary Anti-Hero | Stanford Carpenter, OI Video Podcast","https://www.youtube.com/watch?v=YPTrNn9FR_A",,,,,,,2025-06-23T23:09:31.780Z,2025-06-23T23:09:31.780Z
3835,,"Rebecca Hasselbach-Andee | Language and Cultural Contact: The Case of Ebla","https://www.youtube.com/watch?v=fBKcLXJIRwU",,,,,,,2025-06-23T23:09:31.786Z,2025-06-23T23:09:31.786Z
3836,,"OI Armchair Travelers: Iraq","https://www.youtube.com/watch?v=gZ-dEO0ZXCc",,,,,,,2025-06-23T23:09:31.791Z,2025-06-23T23:09:31.791Z
3837,,"Drinks Through Time: ImHOPtep","https://www.youtube.com/watch?v=voSSwX-mUuw",,,,,,,2025-06-23T23:09:31.796Z,2025-06-23T23:09:31.796Z
3838,,"Drinks Through Time: Sargon's Sour","https://www.youtube.com/watch?v=9oodms6mdM4",,,,,,,2025-06-23T23:09:31.801Z,2025-06-23T23:09:31.801Z
3839,,"OI Armchair Travelers: Sudan, Exploring Ancient Nubia","https://www.youtube.com/watch?v=CLB0zMUr50I",,,,,,,2025-06-23T23:09:31.805Z,2025-06-23T23:09:31.805Z
3840,,"Drinks Through Time: Hattusa Smash","https://www.youtube.com/watch?v=KxlfXl8QOvo",,,,,,,2025-06-23T23:09:31.810Z,2025-06-23T23:09:31.810Z
3841,,"Visit the OI Museum Today!","https://www.youtube.com/watch?v=LNKX8OP4wus",,,,,,,2025-06-23T23:09:31.815Z,2025-06-23T23:09:31.815Z
3842,,"Ytasha Womack, OI Video Podcast | Afrofuturism: Ancient Egypt in Speculative Fiction","https://www.youtube.com/watch?v=bPBnrU8mUnI",,,,,,,2025-06-23T23:09:31.820Z,2025-06-23T23:09:31.820Z
3843,,"OI Armchair Travelers: Georgia, Land of History and Tradition","https://www.youtube.com/watch?v=ymmmQM6spRA",,,,,,,2025-06-23T23:09:31.825Z,2025-06-23T23:09:31.825Z
3844,,"Andrew List, OI Video Podcast | Egyptian Influences/Contemporary Music","https://www.youtube.com/watch?v=aP_TkAuD_JI",,,,,,,2025-06-23T23:09:31.830Z,2025-06-23T23:09:31.830Z
3845,,"OI Armchair Travelers: A Journey to the Ancient Land of Persia","https://www.youtube.com/watch?v=WXHZ9UtmslA",,,,,,,2025-06-23T23:09:31.835Z,2025-06-23T23:09:31.835Z
3846,,"Michael Rakowitz | (G)Hosting","https://www.youtube.com/watch?v=T80mk-XZujo",,,,,,,2025-06-23T23:09:31.840Z,2025-06-23T23:09:31.840Z
3847,,"The Lyre Ensemble, OI Video Podcast, Part 2 | Playing the Gold Lyre of Ur","https://www.youtube.com/watch?v=PaWPtHdRV58",,,,,,,2025-06-23T23:09:31.845Z,2025-06-23T23:09:31.845Z
3848,,"The Lyre Ensemble, OI Video Podcast, Part 1 | Recreating the Gold Lyre of Ur","https://www.youtube.com/watch?v=CimbNIhc70E",,,,,,,2025-06-23T23:09:31.849Z,2025-06-23T23:09:31.849Z
3849,,"Tasha Vorderstrasse | Intentionality and Sevruguin","https://www.youtube.com/watch?v=gqL4NBtCUT4",,,,,,,2025-06-23T23:09:31.854Z,2025-06-23T23:09:31.854Z
3850,,"Antoin Sevruguin: Past and Present | A Special Exhibit at the OI Museum","https://www.youtube.com/watch?v=t0xTDwWmerk",,,,,,,2025-06-23T23:09:31.859Z,2025-06-23T23:09:31.859Z
3851,,"Margarete van Ess | News from Old Uruk","https://www.youtube.com/watch?v=NQKBTfDgZJc",,,,,,,2025-06-23T23:09:31.863Z,2025-06-23T23:09:31.863Z
3852,,"OI Ancient Literature Workshops, Session 6: Book of the Dead","https://www.youtube.com/watch?v=OucB9SRIU94",,,,,,,2025-06-23T23:09:31.868Z,2025-06-23T23:09:31.868Z
3853,,"OI Ancient Literature Workshops, Session 5: One Thousand Nights","https://www.youtube.com/watch?v=nrFmKUxKiMs",,,,,,,2025-06-23T23:09:31.873Z,2025-06-23T23:09:31.873Z
3854,,"OI Ancient Literature Workshops, Session 4: The Autobiography of Hadrian?","https://www.youtube.com/watch?v=H3CPdOXWZQ0",,,,,,,2025-06-23T23:09:31.877Z,2025-06-23T23:09:31.877Z
3855,,"OI Ancient Literature Workshops, Session 3: Ancient Egyptian Love Songs","https://www.youtube.com/watch?v=ksI6ysMw_cE",,,,,,,2025-06-23T23:09:31.881Z,2025-06-23T23:09:31.881Z
3856,,"OI Ancient Literature Workshops, Session 2: The Iliad in Ancient Egypt","https://www.youtube.com/watch?v=0tpOUdWFduQ",,,,,,,2025-06-23T23:09:31.888Z,2025-06-23T23:09:31.888Z
3857,,"Michael J. Harrower | Finding an Ancient Town: Discovery and Excavation of Beta Samati, Ethiopia","https://www.youtube.com/watch?v=V7YQXtfCo0U",,,,,,,2025-06-23T23:09:31.892Z,2025-06-23T23:09:31.892Z
3858,,"OI Armchair Travelers Amarna: City of the Sun God's Horizon","https://www.youtube.com/watch?v=MH7e9O_dCGc",,,,,,,2025-06-23T23:09:31.896Z,2025-06-23T23:09:31.896Z
3859,,"Demons in Ancient Egypt | Rita Lucarelli","https://www.youtube.com/watch?v=68ZXXYEX3Zo",,,,,,,2025-06-23T23:09:31.901Z,2025-06-23T23:09:31.901Z
3860,,"Abdulameer al-Hamdani | Iraq's Heritage: An Update","https://www.youtube.com/watch?v=cDrca7zbGH0",,,,,,,2025-06-23T23:09:31.906Z,2025-06-23T23:09:31.906Z
3861,,"OI Armchair Travelers Central Asia: A Journey Through Time","https://www.youtube.com/watch?v=Mxy3vqqhQ5o",,,,,,,2025-06-23T23:09:31.911Z,2025-06-23T23:09:31.911Z
3862,,"Who Is Medjed? | Ilaria Cariddi","https://www.youtube.com/watch?v=L5uibTPClJ0",,,,,,,2025-06-23T23:09:31.916Z,2025-06-23T23:09:31.916Z
3863,,"David Schloen | In the Wake of the Phoenicians: Makers of the Mediterranean","https://www.youtube.com/watch?v=fofxL3WEhZc",,,,,,,2025-06-23T23:09:31.922Z,2025-06-23T23:09:31.922Z
3864,,"Morag M. Kersel | Truth or Consequences. The Public Display of Things from the Holy Land.","https://www.youtube.com/watch?v=WwWWQqT6OwQ",,,,,,,2025-06-23T23:09:31.927Z,2025-06-23T23:09:31.927Z
3865,,"OI Armchair Travelers Luxor, City of Amun","https://www.youtube.com/watch?v=m0569U_fvvQ",,,,,,,2025-06-23T23:09:31.935Z,2025-06-23T23:09:31.935Z
3866,,"OI Armchair Travelers: Hattusa, a Journey to Central Turkey","https://www.youtube.com/watch?v=Xym2i7XbhIE",,,,,,,2025-06-23T23:09:31.943Z,2025-06-23T23:09:31.943Z
3867,,"Episode 2, Plague Prayers of the Ancient Hittites | Theo van den Hout","https://www.youtube.com/watch?v=7rhpDi86xm4",,,,,,,2025-06-23T23:09:31.950Z,2025-06-23T23:09:31.950Z
3868,,"OI Explorers: Session 7, Journey to Egypt","https://www.youtube.com/watch?v=4-9qH9fUgvk",,,,,,,2025-06-23T23:09:31.955Z,2025-06-23T23:09:31.955Z
3869,,"OI Explorers: Session 6, Wild Animals of the Nile","https://www.youtube.com/watch?v=wRTd25aLrtE",,,,,,,2025-06-23T23:09:31.960Z,2025-06-23T23:09:31.960Z
3870,,"OI Explorers: Session 5, Make Your Mark! Hieroglyphs and Monuments","https://www.youtube.com/watch?v=niV4SOEdCqw",,,,,,,2025-06-23T23:09:31.964Z,2025-06-23T23:09:31.964Z
3871,,"OI Explorers: Session 4, Scribe School","https://www.youtube.com/watch?v=6yuztfyzkZQ",,,,,,,2025-06-23T23:09:31.971Z,2025-06-23T23:09:31.971Z
3872,,"Plague Prayers of the Ancient Hittites | Theo van den Hout","https://www.youtube.com/watch?v=CNAEjsBYFKE",,,,,,,2025-06-23T23:09:31.976Z,2025-06-23T23:09:31.976Z
3873,,"OI Explorers: Session 3, What's Up King Tut","https://www.youtube.com/watch?v=E5_Uply7l3s",,,,,,,2025-06-23T23:09:31.981Z,2025-06-23T23:09:31.981Z
3874,,"OI Explorers: Session 2, Secrets of the Mummies","https://www.youtube.com/watch?v=jG_1xn4y_xQ",,,,,,,2025-06-23T23:09:31.986Z,2025-06-23T23:09:31.986Z
3875,,"OI Explorers: Session 1, Jr. Archaeology","https://www.youtube.com/watch?v=yNiIBQmU1vA",,,,,,,2025-06-23T23:09:31.991Z,2025-06-23T23:09:31.991Z
3876,,"Awakening the Dead for Love, Part 2 | Robert Ritner, Rowe Professor of Egyptology, and Foy Scalf","https://www.youtube.com/watch?v=c_tgomCPDcg",,,,,,,2025-06-23T23:09:31.996Z,2025-06-23T23:09:31.996Z
3877,,"W. Raymond Johnson | Medinet Habu and Tel el-Amarna: Tales of Blocks and Towers","https://www.youtube.com/watch?v=VlNpJxw8uPk",,,,,,,2025-06-23T23:09:32.000Z,2025-06-23T23:09:32.000Z
3878,,"OI Youth and Family Classes | Intro to Hieroglyphs: Class 2","https://www.youtube.com/watch?v=W1iaW-5aVeY",,,,,,,2025-06-23T23:09:32.005Z,2025-06-23T23:09:32.005Z
3879,,"OI Youth and Family Classes | Intro to Hieroglyphs: Class 1","https://www.youtube.com/watch?v=8NnnZiA72uI",,,,,,,2025-06-23T23:09:32.009Z,2025-06-23T23:09:32.009Z
3880,,"OI Ancient Languages Workshop | Session 4: Biblical Hebrew","https://www.youtube.com/watch?v=KUB2LZj7rKQ",,,,,,,2025-06-23T23:09:32.014Z,2025-06-23T23:09:32.014Z
3881,,"OI Ancient Languages Workshop | Session 3: Ancient Greek in Egypt","https://www.youtube.com/watch?v=8_QXrwmnUGE&t=23s",,,,,,,2025-06-23T23:09:32.019Z,2025-06-23T23:09:32.019Z
3882,,"Join us. Become a member of the OI.","https://www.youtube.com/watch?v=w9LaK-nauYg",,,,,,,2025-06-23T23:09:32.024Z,2025-06-23T23:09:32.024Z
3883,,"Yorke Rowan | Petroglyphs and Kites in the Black Desert, Jordan: Connecting Art and Landscape","https://www.youtube.com/watch?v=sDHk7o1bUdA",,,,,,,2025-06-23T23:09:32.029Z,2025-06-23T23:09:32.029Z
3884,,"Awakening the Dead for Love | Robert Ritner, Rowe Professor of Egyptology, and Foy Scalf, OI","https://www.youtube.com/watch?v=VadMR0RW4CY",,,,,,,2025-06-23T23:09:32.033Z,2025-06-23T23:09:32.033Z
3885,,"Judean and Egyptian Novellas of the Achaemenid and Hellenistic Periods | Joey Cross","https://www.youtube.com/watch?v=1d9npCDAbE0",,,,,,,2025-06-23T23:09:32.039Z,2025-06-23T23:09:32.039Z
3886,,"The Gaming Episode in the Tale of Setna","https://www.youtube.com/watch?v=xHeOwTCD-oo",,,,,,,2025-06-23T23:09:32.043Z,2025-06-23T23:09:32.043Z
3887,,"Russell Johnson |  Star Wars and Religion","https://www.youtube.com/watch?v=wzv7SvY5rWQ",,,,,,,2025-06-23T23:09:32.049Z,2025-06-23T23:09:32.049Z
3888,,"The OI at 100: A Century of Research and Discovery from The Oriental Institute #oi100","https://www.youtube.com/watch?v=c1nK5IIMFyk",,,,,,,2025-06-23T23:09:32.054Z,2025-06-23T23:09:32.054Z
3889,,"Interview with Robert McCormick Adams, Part 2","https://www.youtube.com/watch?v=lLdrrj2oxLg",,,,,,,2025-06-23T23:09:32.058Z,2025-06-23T23:09:32.058Z
3890,,"William Sumner Memorial Lecture | Melinda Zeder | What Braidwood Got Right","https://www.youtube.com/watch?v=T8gSfZTSU-o",,,,,,,2025-06-23T23:09:32.063Z,2025-06-23T23:09:32.063Z
3891,,"Brian Rose | Troy and Gordion: The Historiography of Excavation at Two Legendary Sites in Anatolia","https://www.youtube.com/watch?v=Kn4-aFyrnu8",,,,,,,2025-06-23T23:09:32.067Z,2025-06-23T23:09:32.067Z
3892,,"Interview with Robert McCormick Adams, Part 1","https://www.youtube.com/watch?v=t4C1T4SO52s",,,,,,,2025-06-23T23:09:32.072Z,2025-06-23T23:09:32.072Z
3893,,"Stephen Chrisomalis | How to Choose a Number: Multimodal Variations in Ancient Written Numerals","https://www.youtube.com/watch?v=y8HwyEybbTM",,,,,,,2025-06-23T23:09:32.077Z,2025-06-23T23:09:32.077Z
3894,,"Interview with Herv├⌐ Reculeau for the Oriental Institute Oral History Project","https://www.youtube.com/watch?v=albBUlAielc",,,,,,,2025-06-23T23:09:32.082Z,2025-06-23T23:09:32.082Z
3895,,"Stuart Tyson Smith | Entangled Lives: Intercultural Interactions in the Nubian Borderlands","https://www.youtube.com/watch?v=EKAVLKKGve0",,,,,,,2025-06-23T23:09:32.087Z,2025-06-23T23:09:32.087Z
3896,,"Stephen Batiuk | Exploring the Roots of the Vine: The History and Archaeology of the Earliest Wines","https://www.youtube.com/watch?v=sWVY2g0JyjI",,,,,,,2025-06-23T23:09:32.092Z,2025-06-23T23:09:32.092Z
3897,,"Interview with Janet H. Johnson for the Oriental Institute Oral History Project","https://www.youtube.com/watch?v=EdifGKnQNlg",,,,,,,2025-06-23T23:09:32.097Z,2025-06-23T23:09:32.097Z
3898,,"Interview with Jill Carlotta Maher for the Oriental Institute Oral History Project","https://www.youtube.com/watch?v=MNlH5_u3cvA",,,,,,,2025-06-23T23:09:32.102Z,2025-06-23T23:09:32.102Z
3899,,"Peter Pfalzner | On the Fringe of Mesopotamia","https://www.youtube.com/watch?v=lsAGsDs8mrM",,,,,,,2025-06-23T23:09:32.106Z,2025-06-23T23:09:32.106Z
3900,,"Mordechai Aviam | Yodfat (Jotapata): The Life and Death of a Jewish Galilean Town","https://www.youtube.com/watch?v=gP2249CSkO8",,,,,,,2025-06-23T23:09:32.112Z,2025-06-23T23:09:32.112Z
3901,,"Oriental Institute Expedition to Beit El Wali, Nubia","https://www.youtube.com/watch?v=bgvmZm_AJ-M",,,,,,,2025-06-23T23:09:32.116Z,2025-06-23T23:09:32.116Z
3902,,"Valley of the Kings Expedition","https://www.youtube.com/watch?v=nvMY6dvJE_o",,,,,,,2025-06-23T23:09:32.120Z,2025-06-23T23:09:32.120Z
3903,,"Oriental Institute Staff 1938","https://www.youtube.com/watch?v=Od7bOLY2BXo",,,,,,,2025-06-23T23:09:32.125Z,2025-06-23T23:09:32.125Z
3904,,"Arlene M. Rosen | Climate Change and the Origins of Agriculture in Western Asia","https://www.youtube.com/watch?v=ChMNRum8Q3o",,,,,,,2025-06-23T23:09:32.133Z,2025-06-23T23:09:32.133Z
3905,,"Susanne Paulus | Debts, Crime, and Prison: Daily Life in Babylonia CA. 1200 BC","https://www.youtube.com/watch?v=SPuI5ky0gW0",,,,,,,2025-06-23T23:09:32.138Z,2025-06-23T23:09:32.138Z
3906,,"Lord Colin Renfrew | Marija Redivia: DNA and Indo-European Origins","https://www.youtube.com/watch?v=pmv3J55bdZc",,,,,,,2025-06-23T23:09:32.142Z,2025-06-23T23:09:32.142Z
3907,,"David P. Silverman | The Other Book of the Dead","https://www.youtube.com/watch?v=BTTpPTpWDfw",,,,,,,2025-06-23T23:09:32.147Z,2025-06-23T23:09:32.147Z
3908,,"Yorke Rowan | Kites, Tombs, and Houses in the 'Land of Conjecture'","https://www.youtube.com/watch?v=obG9NylMgWo",,,,,,,2025-06-23T23:09:32.152Z,2025-06-23T23:09:32.152Z
3909,,"Christopher Thornton | Reflections, 10 Years at Bat in the Sultanate of Oman","https://www.youtube.com/watch?v=dWgJF6DSuac",,,,,,,2025-06-23T23:09:32.157Z,2025-06-23T23:09:32.157Z
3910,,"W Raymond Johnson | The Epigraphic Survey at 93: Changing the Face of Archaeology","https://www.youtube.com/watch?v=T-pDr7hGUKg",,,,,,,2025-06-23T23:09:32.166Z,2025-06-23T23:09:32.166Z
3911,,"Erica Reiner | Hallowed Herbs (Audio Only)","https://www.youtube.com/watch?v=lXYLtT-j8Lc",,,,,,,2025-06-23T23:09:32.171Z,2025-06-23T23:09:32.171Z
3912,,"Matthew J.  Adams | Armageddon and the Roman VIth Ferrata Legion","https://www.youtube.com/watch?v=C9-8XJMGqok",,,,,,,2025-06-23T23:09:32.176Z,2025-06-23T23:09:32.176Z
3913,,"Matthew Stolper | Fire in Babylon, Fire in Syria (Audio Only)","https://www.youtube.com/watch?v=yoI0q5PojUI",,,,,,,2025-06-23T23:09:32.180Z,2025-06-23T23:09:32.180Z
3914,,"Interview with Robert Biggs for the Oriental Institute Oral History Project","https://www.youtube.com/watch?v=NT3CM-CNpVU",,,,,,,2025-06-23T23:09:32.185Z,2025-06-23T23:09:32.185Z
3915,,"Lanny Bell | Mummies and Magic (Audio Only)","https://www.youtube.com/watch?v=prNXyhpq7SA",,,,,,,2025-06-23T23:09:32.190Z,2025-06-23T23:09:32.190Z
3916,,"Hans G├╝terbock | Hittites and Greeks: An Overview  (Audio Only)","https://www.youtube.com/watch?v=YgQM11AmLD4",,,,,,,2025-06-23T23:09:32.194Z,2025-06-23T23:09:32.194Z
3917,,"Andrew George | Be My Baby in Babylonia","https://www.youtube.com/watch?v=xYSqscmp_f0",,,,,,,2025-06-23T23:09:32.199Z,2025-06-23T23:09:32.199Z
3918,,"Ali Mousavi | Persepolis Through Images","https://www.youtube.com/watch?v=ujtOEGqNqKM",,,,,,,2025-06-23T23:09:32.203Z,2025-06-23T23:09:32.203Z
3919,,"Michael Jursa | Economic Growth and Growing Inequality in Times of Empire","https://www.youtube.com/watch?v=WffD215adHg",,,,,,,2025-06-23T23:09:32.208Z,2025-06-23T23:09:32.208Z
3920,,"T. Cuyler Young | Braidwood Festschrift Presentation (Audio Only)","https://www.youtube.com/watch?v=qXOK5gCvwoM",,,,,,,2025-06-23T23:09:32.213Z,2025-06-23T23:09:32.213Z
3921,,"Robert Ritner | Seven Brides with Seven Stingers: The Scorpion Wives of Horus","https://www.youtube.com/watch?v=OyyOVI25OZk",,,,,,,2025-06-23T23:09:32.217Z,2025-06-23T23:09:32.217Z
3922,,"Interview with John Larson for the Oriental Institute Oral History Project","https://www.youtube.com/watch?v=WA7qJOxmCl4",,,,,,,2025-06-23T23:09:32.222Z,2025-06-23T23:09:32.222Z
3923,,"Nadine Moeller and Gregory Marouard | The Origins of Two Provincial Capitals in Upper Egypt","https://www.youtube.com/watch?v=JPUPQabHL04",,,,,,,2025-06-23T23:09:32.226Z,2025-06-23T23:09:32.226Z
3924,,"Kent Flannery | Jarmo's Legacy (Audio Only)","https://www.youtube.com/watch?v=YQNn_oJW8Sk",,,,,,,2025-06-23T23:09:32.231Z,2025-06-23T23:09:32.231Z
3925,,"Irene Winter | The Stela and The State","https://www.youtube.com/watch?v=0nBpeIZ3KL8",,,,,,,2025-06-23T23:09:32.244Z,2025-06-23T23:09:32.244Z
3926,,"Samuel Noah Kramer | The Sumerian Woman (Audio Only)","https://www.youtube.com/watch?v=Q7pROU9ajcs",,,,,,,2025-06-23T23:09:32.248Z,2025-06-23T23:09:32.248Z
3927,,"James Osborne | The Syro-Anatolian City States: A Neglected Iron Age Culture","https://www.youtube.com/watch?v=1IvYKZ0Jr7g",,,,,,,2025-06-23T23:09:32.253Z,2025-06-23T23:09:32.253Z
3928,,"Lisa Cooper | Encounters with Ancient Splendors: Gertrude Bell","https://www.youtube.com/watch?v=Y24fDbtmpzM",,,,,,,2025-06-23T23:09:32.257Z,2025-06-23T23:09:32.257Z
3929,,"Assaf Yasur Landau |  Red Wine and Minoan Frescoes: The Canaanite Palace at Tel Kabri","https://www.youtube.com/watch?v=PoGxjIDNye0",,,,,,,2025-06-23T23:09:32.262Z,2025-06-23T23:09:32.262Z
3930,,"Irving Finkel | The Ark Before Noah: A Great Adventure","https://www.youtube.com/watch?v=s_fkpZSnz2I",,,,,,,2025-06-23T23:09:32.267Z,2025-06-23T23:09:32.267Z
3931,,"Gil Stein | Sweet Honey in the Rocks: Honey, Bees, and Beekeeping in the Ancient Near East","https://www.youtube.com/watch?v=PXQViI-Lo5w",,,,,,,2025-06-23T23:09:32.272Z,2025-06-23T23:09:32.272Z
3932,,"Petra Goedegebuure | Luwian Hieroglyphs: An Indigenous Anatolian Syllabic Script","https://www.youtube.com/watch?v=fOd_hodh7Mc",,,,,,,2025-06-23T23:09:32.289Z,2025-06-23T23:09:32.289Z
3933,,"Robert Ritner & Theo van den Hout | The Battle of Kadesh: A Debate","https://www.youtube.com/watch?v=A1AGe2V0qHo",,,,,,,2025-06-23T23:09:32.296Z,2025-06-23T23:09:32.296Z
3934,,"St. John Simpson | Unlocking Stories From Objects","https://www.youtube.com/watch?v=eWCklkPvAlg",,,,,,,2025-06-23T23:09:32.316Z,2025-06-23T23:09:32.316Z
3935,,"Alexander Nagel | Taking Care of Color in Persepolis","https://www.youtube.com/watch?v=0E4a5tz5rD4",,,,,,,2025-06-23T23:09:32.321Z,2025-06-23T23:09:32.321Z
3936,,"Travel Program | The Ancient Land of Persia","https://www.youtube.com/watch?v=neQLWOjOmto",,,,,,,2025-06-23T23:09:32.326Z,2025-06-23T23:09:32.326Z
3937,,"Josef Wegner | The Pharaohs of Anubis-Mountain","https://www.youtube.com/watch?v=H33c9gAqMMQ",,,,,,,2025-06-23T23:09:32.331Z,2025-06-23T23:09:32.331Z
3938,,"Persepolis  From the Air","https://www.youtube.com/watch?v=uJf5bnHUIQw",,,,,,,2025-06-23T23:09:32.347Z,2025-06-23T23:09:32.347Z
3939,,"2014-15 Annual Report","https://www.youtube.com/watch?v=4GtPYAAFNck",,,,,,,2025-06-23T23:09:32.353Z,2025-06-23T23:09:32.353Z
3940,,"Travel Program | The Wonders of Ancient Egypt","https://www.youtube.com/watch?v=0kY_61ZwkrQ",,,,,,,2025-06-23T23:09:32.357Z,2025-06-23T23:09:32.357Z
3941,,"Travel Program | Splendors of Georgia & Armenia 2015","https://www.youtube.com/watch?v=X6WmMHeiXvw",,,,,,,2025-06-23T23:09:32.362Z,2025-06-23T23:09:32.362Z
3942,,"Chicago Center for Archaeological Heritage Preservation","https://www.youtube.com/watch?v=a0aJbfx7_Bk",,,,,,,2025-06-23T23:09:32.379Z,2025-06-23T23:09:32.379Z
3943,,"Eric Cline | 1177 BC: The Year Civilization Collapsed","https://www.youtube.com/watch?v=hyry8mgXiTk",,,,,,,2025-06-23T23:09:32.411Z,2025-06-23T23:09:32.411Z
3944,,"Hear Voices from Old Cairo: Ibn Ridwan","https://www.youtube.com/watch?v=un1yTL8kfKU",,,,,,,2025-06-23T23:09:32.418Z,2025-06-23T23:09:32.418Z
3945,,"Hear Voices from Old Cairo: The Physician Maimonides","https://www.youtube.com/watch?v=pfzAT8HRIEI",,,,,,,2025-06-23T23:09:32.424Z,2025-06-23T23:09:32.424Z
3946,,"Hear Voices from Old Cairo: The Governor of Egypt","https://www.youtube.com/watch?v=pSKFEdPufmg",,,,,,,2025-06-23T23:09:32.429Z,2025-06-23T23:09:32.429Z
3947,,"Hear Voices from Old Cairo: Writer Moses ben Abraham Dari","https://www.youtube.com/watch?v=aZfS8erU35s",,,,,,,2025-06-23T23:09:32.434Z,2025-06-23T23:09:32.434Z
3948,,"Hear Voices from Old Cairo: The Travel Writer","https://www.youtube.com/watch?v=ZraUigyYhxU",,,,,,,2025-06-23T23:09:32.439Z,2025-06-23T23:09:32.439Z
3949,,"Hear Voices from Old Cairo: A Worried Mother","https://www.youtube.com/watch?v=YuwBvmFQxac",,,,,,,2025-06-23T23:09:32.444Z,2025-06-23T23:09:32.444Z
3950,,"Hear Voices from Old Cairo: The Arabian Nights","https://www.youtube.com/watch?v=Vf9okLrhiRI",,,,,,,2025-06-23T23:09:32.449Z,2025-06-23T23:09:32.449Z
3951,,"Hear Voices from Old Cairo: A Selection of Music","https://www.youtube.com/watch?v=Oo2vMlm8Rls",,,,,,,2025-06-23T23:09:32.454Z,2025-06-23T23:09:32.454Z
3952,,"Hear Voices from Old Cairo: Judge Elijah ha-Kohen ben Abraham","https://www.youtube.com/watch?v=J7XnFEL0Loc",,,,,,,2025-06-23T23:09:32.458Z,2025-06-23T23:09:32.458Z
3953,,"A Cosmopolitan City: Muslims, Christians, and Jews in Old Cairo Members Preview Event","https://www.youtube.com/watch?v=v-xN8Kwh6Mo",,,,,,,2025-06-23T23:09:32.463Z,2025-06-23T23:09:32.463Z
3954,,"Travel Program | Splendors of Georgia & Armenia 2014","https://www.youtube.com/watch?v=Kd3iWnlwask",,,,,,,2025-06-23T23:09:32.468Z,2025-06-23T23:09:32.468Z
3955,,"Robert Ritner | A Game of Thrones and Coffins: The Death and Resurrection of Osiris","https://www.youtube.com/watch?v=AG3Or8SMYh0",,,,,,,2025-06-23T23:09:32.473Z,2025-06-23T23:09:32.473Z
3956,,"Osiris and Isis Ballet Performance | October 17, 2014","https://www.youtube.com/watch?v=XdyAwmXIy30",,,,,,,2025-06-23T23:09:32.477Z,2025-06-23T23:09:32.477Z
3957,,"Cameron Hawkins | Credit Markets and Economic Life in Ancient Rome","https://www.youtube.com/watch?v=1h9oOroEWzg",,,,,,,2025-06-23T23:09:32.482Z,2025-06-23T23:09:32.482Z
3958,,"Sitta von Reden | Monetary Networks in Graeco-Roman Antiquity","https://www.youtube.com/watch?v=S3cnGIER_pE",,,,,,,2025-06-23T23:09:32.487Z,2025-06-23T23:09:32.487Z
3959,,"Alain Bresson | Coinage: The Greek Way of Handling Money","https://www.youtube.com/watch?v=N0muWKVW1yg",,,,,,,2025-06-23T23:09:32.491Z,2025-06-23T23:09:32.491Z
3960,,"Aren Maeir | New Light on the Biblical Philistines: Recent Study on the Frenemies of Ancient Israel","https://www.youtube.com/watch?v=IAZPJRtdjmk",,,,,,,2025-06-23T23:09:32.496Z,2025-06-23T23:09:32.496Z
3961,,"Remembering Katumuwa","https://www.youtube.com/watch?v=7kAuaMMpMS4",,,,,,,2025-06-23T23:09:32.501Z,2025-06-23T23:09:32.501Z
3962,,"Reading Katumuwa","https://www.youtube.com/watch?v=swOUbdHtgW4",,,,,,,2025-06-23T23:09:32.505Z,2025-06-23T23:09:32.505Z
3963,,"In Remembrance of Me | Exhibit Co-Curator Dr. Virginia Herrmann","https://www.youtube.com/watch?v=vUtXqIEunxQ",,,,,,,2025-06-23T23:09:32.510Z,2025-06-23T23:09:32.510Z
3964,,"Emily Teeter | Collecting for Chicago: James Henry Breasted","https://www.youtube.com/watch?v=28BFpT2bE9Y",,,,,,,2025-06-23T23:09:32.515Z,2025-06-23T23:09:32.515Z
3965,,"Hartmut K├╝hne | The Collapse of the Assyrian Empire and the Evidence of Dur-Katlimmu","https://www.youtube.com/watch?v=1Hkcz1bg5DY",,,,,,,2025-06-23T23:09:32.519Z,2025-06-23T23:09:32.519Z
3966,,"Richard Payne | The Rise of Christianity in Iran","https://www.youtube.com/watch?v=cjlQhyeLXd0",,,,,,,2025-06-23T23:09:32.524Z,2025-06-23T23:09:32.524Z
3967,,"Remembering Katumuwa - Trailer","https://www.youtube.com/watch?v=eDF01rx1P_s",,,,,,,2025-06-23T23:09:32.529Z,2025-06-23T23:09:32.529Z
3968,,"Highlights from the Robert F. Picken Family Nubia Gallery by Emily Teeter PhD","https://www.youtube.com/watch?v=X0qtdA4RFhc",,,,,,,2025-06-23T23:09:32.534Z,2025-06-23T23:09:32.534Z
3969,,"Highlights from the Henrietta Herbolsheimer, M.D., Syro-Anatolian Gallery by Theo van den Hout PhD","https://www.youtube.com/watch?v=4-naJ6JmWYs",,,,,,,2025-06-23T23:09:32.538Z,2025-06-23T23:09:32.538Z
3970,,"Highlights from the Joseph and Mary Grimshaw Egyptian Gallery by Jan Johnson PhD","https://www.youtube.com/watch?v=nVDZdlfg6rs",,,,,,,2025-06-23T23:09:32.543Z,2025-06-23T23:09:32.543Z
3971,,"Highlights from the Robert and Deborah Aliber Persian Gallery by Abbas Alizadeh, PhD","https://www.youtube.com/watch?v=CBT6EhGAujc",,,,,,,2025-06-23T23:09:32.547Z,2025-06-23T23:09:32.547Z
3972,,"Highlights from the Haas Schwartz Megiddo Gallery by Jack Green PhD","https://www.youtube.com/watch?v=ONM43OGT2P4",,,,,,,2025-06-23T23:09:32.552Z,2025-06-23T23:09:32.552Z
3973,,"Highlights from the Edgar and Deborah Jannotta Mesopotamian Gallery by McGuire Gibson PhD","https://www.youtube.com/watch?v=XnLLh4qOf0M",,,,,,,2025-06-23T23:09:32.557Z,2025-06-23T23:09:32.557Z
3974,,"Felix H├╢flmayer | Chronologies of Collapse: Climate Change","https://www.youtube.com/watch?v=ShKCDOYgzwE",,,,,,,2025-06-23T23:09:32.561Z,2025-06-23T23:09:32.561Z
3975,,"Clifford Ando | The Long Defeat: The Fall of the Roman Empire","https://www.youtube.com/watch?v=2vSGPHByAZc",,,,,,,2025-06-23T23:09:32.566Z,2025-06-23T23:09:32.566Z
3976,,"Donny George Youkhana | One Scholar's Contribution to Mesopotamina Archaelogy","https://www.youtube.com/watch?v=Y_ie30rp_TU",,,,,,,2025-06-23T23:09:32.570Z,2025-06-23T23:09:32.570Z
3977,,"Why Scan a Bird Mummy? by Rozenn Bailleul-LeSuer","https://www.youtube.com/watch?v=pTVTCu8zmxQ",,,,,,,2025-06-23T23:09:32.575Z,2025-06-23T23:09:32.575Z
3978,,"SECRET of the Brown & White Bird Mummy by Rozenn Bailleul-LeSuer","https://www.youtube.com/watch?v=SIErqxBRKXQ",,,,,,,2025-06-23T23:09:32.580Z,2025-06-23T23:09:32.580Z
3979,,"Inside a Bird Mummy Tummy by Rozenn Bailleul-LeSuer","https://www.youtube.com/watch?v=KXCf01derDg",,,,,,,2025-06-23T23:09:32.601Z,2025-06-23T23:09:32.601Z
3980,,"Learn More at ""Falcons & Owls"" on May 19th","https://www.youtube.com/watch?v=zrWfjd2cjpA",,,,,,,2025-06-23T23:09:32.606Z,2025-06-23T23:09:32.606Z
3981,,"Playing with Mummy Pieces (digitally) by Christian Wietholt","https://www.youtube.com/watch?v=cGwd0brMa7c",,,,,,,2025-06-23T23:09:32.611Z,2025-06-23T23:09:32.611Z
3982,,"Ian Morris | Why the West Rules -- For Now","https://www.youtube.com/watch?v=wnqS7G3LmMo",,,,,,,2025-06-23T23:09:32.622Z,2025-06-23T23:09:32.622Z
3983,,"Our Work: Walter Arnold, Stone Carver","https://www.youtube.com/watch?v=ExijBHPb0uI",,,,,,,2025-06-23T23:09:32.635Z,2025-06-23T23:09:32.635Z
3984,,"Our Work: Erika Allen, Farmer","https://www.youtube.com/watch?v=wAzxPmDXEbc",,,,,,,2025-06-23T23:09:32.643Z,2025-06-23T23:09:32.643Z
3985,,"Our Work: Brian Zimerle, Potter","https://www.youtube.com/watch?v=behODxORvZM",,,,,,,2025-06-23T23:09:32.647Z,2025-06-23T23:09:32.647Z
3986,,"Our Work: Mindy Segal, Pastry Chef","https://www.youtube.com/watch?v=7lswQPtMSKw",,,,,,,2025-06-23T23:09:32.652Z,2025-06-23T23:09:32.652Z
3987,,"Our Work: Ron Vasser, Cowboy","https://www.youtube.com/watch?v=V6Gy3BZSS9c",,,,,,,2025-06-23T23:09:32.657Z,2025-06-23T23:09:32.657Z
3988,,"Making Tintypes","https://www.youtube.com/watch?v=hzcwJ4ewZb0",,,,,,,2025-06-23T23:09:32.662Z,2025-06-23T23:09:32.662Z
3989,,"Marj Rabba","https://www.youtube.com/watch?v=RXB12PHpuvw",,,,,,,2025-06-23T23:09:32.666Z,2025-06-23T23:09:32.666Z
3990,,"Oded Lipschits | The Myth of the Empty Land and The Myth of the Mass Return","https://www.youtube.com/watch?v=dJ3a9oTt5kk",,,,,,,2025-06-23T23:09:32.671Z,2025-06-23T23:09:32.671Z
3991,,"Jerry Cooper | Everything You've Always Wanted to Know about Sex in Babylonia . . .","https://www.youtube.com/watch?v=l2iHAgPV-EQ",,,,,,,2025-06-23T23:09:32.675Z,2025-06-23T23:09:32.675Z
3992,,"Brian Muhs | Death and Taxes in Ancient Egypt","https://www.youtube.com/watch?v=K2CcicIsths",,,,,,,2025-06-23T23:09:32.680Z,2025-06-23T23:09:32.680Z
3993,,"What a CT Scan Can Show by JP Brown","https://www.youtube.com/watch?v=NpI6R07N8d0",,,,,,,2025-06-23T23:09:32.686Z,2025-06-23T23:09:32.686Z
3994,,"Why Study Bird Mummies? by Rozenn Bailleul-LeSeur","https://www.youtube.com/watch?v=GFFBXup-xQA",,,,,,,2025-06-23T23:09:32.691Z,2025-06-23T23:09:32.691Z
3995,,"Ancient Economies Miniseries - Prestige and the Ritual Economy of Chalcolithic Caanan","https://www.youtube.com/watch?v=ylpmyu8y73M",,,,,,,2025-06-23T23:09:32.696Z,2025-06-23T23:09:32.696Z
3996,,"Ancient Economies Miniseries  - The Archaeology of Farming and Herding - Gil Stein","https://www.youtube.com/watch?v=tpldfpPKdz8",,,,,,,2025-06-23T23:09:32.700Z,2025-06-23T23:09:32.700Z
3997,,"Ancient Economies - Panel Discussion - Emmanuel Mayer, Matt Stolper and Don Whitcomb","https://www.youtube.com/watch?v=we-E9-NJfnY",,,,,,,2025-06-23T23:09:32.705Z,2025-06-23T23:09:32.705Z
3998,,"Ancient Economies - Shopkeepers and the Bazaar Economy - Emmanuel Mayer - Incomplete","https://www.youtube.com/watch?v=n5j-ptOvXnA",,,,,,,2025-06-23T23:09:32.710Z,2025-06-23T23:09:32.710Z
3999,,"Ancient Economies - Trade Mercantile Economy and the Development of the Suq - Don Whitcomb","https://www.youtube.com/watch?v=IeCPMxn_emw",,,,,,,2025-06-23T23:09:32.715Z,2025-06-23T23:09:32.715Z
4000,,"Ancient Economies - Persepolis and the Economy of Achemenid Persia - Matt Stolper","https://www.youtube.com/watch?v=i_e6FqkJErk",,,,,,,2025-06-23T23:09:32.720Z,2025-06-23T23:09:32.720Z
4001,,"danh vo HD","https://www.youtube.com/watch?v=vZIce9WuCv0",,,,,,,2025-06-23T23:09:32.724Z,2025-06-23T23:09:32.724Z
4002,,"Who Owns the Past symposium - May 1, 2010","https://www.youtube.com/watch?v=5jlvMoyhKO0",,,,,,,2025-06-23T23:09:32.729Z,2025-06-23T23:09:32.729Z
4003,,"Making a Predynastic Egyptian Style Pot","https://www.youtube.com/watch?v=OkfENhKDJmc",,,,,,,2025-06-23T23:09:32.733Z,2025-06-23T23:09:32.733Z
4004,,"Decorating and Firing the Predynastic Pot","https://www.youtube.com/watch?v=bOw4MpzyfJo",,,,,,,2025-06-23T23:09:32.738Z,2025-06-23T23:09:32.738Z
4005,,"The Materials and Tools of the Predynastic Egyptian Potter","https://www.youtube.com/watch?v=XXwV1CPkXFM",,,,,,,2025-06-23T23:09:32.743Z,2025-06-23T23:09:32.743Z
4006,,"G├╝nter Dreyer on his excavations at the royal tombs of Abydos","https://www.youtube.com/watch?v=kHQDpTvgQhY",,,,,,,2025-06-23T23:09:32.747Z,2025-06-23T23:09:32.747Z
4007,,"The development of modern writing from Egyptian Hieroglyphs","https://www.youtube.com/watch?v=XPzQWYlRmXE",,,,,,,2025-06-23T23:09:32.752Z,2025-06-23T23:09:32.752Z
4008,,"The Development of Cuneiform - GUD","https://www.youtube.com/watch?v=Cq1j98cnITc",,,,,,,2025-06-23T23:09:32.757Z,2025-06-23T23:09:32.757Z
4009,,"The Development of Cuneiform - DU","https://www.youtube.com/watch?v=wQwR7p4bUj4",,,,,,,2025-06-23T23:09:32.761Z,2025-06-23T23:09:32.761Z
4010,,"The Development of Cuneiform - SAG","https://www.youtube.com/watch?v=4rFJq6GJX-8",,,,,,,2025-06-23T23:09:32.766Z,2025-06-23T23:09:32.766Z
4011,,"Past, Present and Future of the Landscape in the Land of King Midas: Gordion, Turkey","https://www.youtube.com/watch?v=OQBZU3aZKTI",,,,,,,2025-06-23T23:09:32.771Z,2025-06-23T23:09:32.771Z
4012,,"Death and the City: Recent Work at Tell Brak, Syria","https://www.youtube.com/watch?v=tjUUMqypYnU",,,,,,,2025-06-23T23:09:32.776Z,2025-06-23T23:09:32.776Z
4013,,"After the Revolution: the Oriental Institute and Archaeology in Iran","https://www.youtube.com/watch?v=xeFgr3003hs",,,,,,,2025-06-23T23:09:32.780Z,2025-06-23T23:09:32.780Z
4014,,"The Sea of Galilee Boat","https://www.youtube.com/watch?v=1chZL3Ll-Lw",,,,,,,2025-06-23T23:09:32.785Z,2025-06-23T23:09:32.785Z
4015,,"Death's Dominion: Chalcolithic Religion and the Ritual Economy of the Southern Levant","https://www.youtube.com/watch?v=_Xi3UP_XoDA",,,,,,,2025-06-23T23:09:32.793Z,2025-06-23T23:09:32.793Z
4016,,"Biblical Archaeology, the Limits of Science, and the Borders of Belief","https://www.youtube.com/watch?v=3czjYOng-4k",,,,,,,2025-06-23T23:09:32.798Z,2025-06-23T23:09:32.798Z
4017,,"Tracking the Frontiers of the Hittite Empire","https://www.youtube.com/watch?v=MxBMpMR4pqs",,,,,,,2025-06-23T23:09:32.803Z,2025-06-23T23:09:32.803Z
4018,,"Mark Kenoyer | Meluhha: the Indus Civilization and Its Contacts with Mesopotamia","https://www.youtube.com/watch?v=8zcGLlLEbmI",,,,,,,2025-06-23T23:09:32.807Z,2025-06-23T23:09:32.807Z
4019,,"Exploring the Roots of Mesopotamian Civilization: Excavations at Tell Zeidan, Syria","https://www.youtube.com/watch?v=QHDPGUuAjIo",,,,,,,2025-06-23T23:09:32.812Z,2025-06-23T23:09:32.812Z
4020,,"Scribes at work","https://www.youtube.com/watch?v=LoqavHDlKZ0",,,,,,,2025-06-23T23:09:32.816Z,2025-06-23T23:09:32.816Z
4021,,"Egyptian Scribes","https://www.youtube.com/watch?v=HuzoE0qod9g",,,,,,,2025-06-23T23:09:32.821Z,2025-06-23T23:09:32.821Z
4022,,"Scribes in Mesopotamia","https://www.youtube.com/watch?v=cmZ_3VYWLqU",,,,,,,2025-06-23T23:09:32.826Z,2025-06-23T23:09:32.826Z
4023,,"The Human Adventure","https://www.youtube.com/watch?v=yysHJk0v5XA",,,,,,,2025-06-23T23:09:32.834Z,2025-06-23T23:09:32.834Z
4024,,"The Strange Mystery of Stonehenge","https://www.youtube.com/watch?v=eGAMaM2nC7M",,,,,,,2025-06-23T23:09:32.863Z,2025-06-23T23:09:32.863Z
4026,,"Stonehenge: EnglandΓÇÖs Megalithic Mystery","https://www.youtube.com/watch?v=O6z_WpEqDzU",,,,,,,2025-06-23T23:09:32.873Z,2025-06-23T23:09:32.873Z
4027,,"Stonehenge: The Mysterious Origins Of England's Ancient Megalith | Lost Treasures | Timeline","https://www.youtube.com/watch?v=fmzZPuldj4w",,,,,,,2025-06-23T23:09:32.883Z,2025-06-23T23:09:32.883Z
4028,,"Solving The Mystery Of Stonehenge With Dan Snow","https://www.youtube.com/watch?v=D-m_g5JUO88",,,,,,,2025-06-23T23:09:32.891Z,2025-06-23T23:09:32.891Z
4029,,"Uncovering the Ancient History of Stonehenge (Full Episode) | Lost Cities with Albert Lin","https://www.youtube.com/watch?v=OU9G7R5GxAg&pp=ygUKc3RvbmVoZW5nZQ%3D%3D",,,,,,,2025-06-23T23:09:32.897Z,2025-06-23T23:09:32.897Z
4030,,"Who were the people of Stonehenge? Curators' Tour of The World of Stonehenge","https://www.youtube.com/watch?v=FymNP8copac",,,,,,,2025-06-23T23:09:32.906Z,2025-06-23T23:09:32.906Z
4031,,"The Indus Civilization Trade with the Umm an-Nar Communities of the Oman Penninsula: A New Paradigm","https://www.youtube.com/watch?v=FfxkEcYjT9I",,,,,,,2025-06-23T23:09:32.915Z,2025-06-23T23:09:32.915Z
4032,,"The Indus Script DeMystified: Origins, Character and Disappearance","https://www.youtube.com/watch?v=SuOVXGBZ7gE",,,,,,,2025-06-23T23:09:32.920Z,2025-06-23T23:09:32.920Z
4033,,"The Rise and Fall of the Mali Empire","https://www.youtube.com/watch?v=HkPTXorLj0Y",,,,,,,2025-06-23T23:09:32.928Z,2025-06-23T23:09:32.928Z
4034,,"The Thefts of the Mona Lisa with Noah Charney","https://www.youtube.com/watch?v=lH1wmyAnWCA",,,,,,,2025-06-23T23:09:32.933Z,2025-06-23T23:09:32.933Z
4035,,"History of the English East India Company","https://www.youtube.com/watch?v=O9SaD3cV6fc",,,,,,,2025-06-23T23:09:32.938Z,2025-06-23T23:09:32.938Z
4036,,"The History of Japanese Green Tea","https://www.youtube.com/watch?v=toDK_awBu5s",,,,,,,2025-06-23T23:09:32.942Z,2025-06-23T23:09:32.942Z
4037,,"The Birth Of Industry: The British Industrial Revolution","https://www.youtube.com/watch?v=dm_M8NrBJS4",,,,,,,2025-06-23T23:09:32.947Z,2025-06-23T23:09:32.947Z
4038,,"The Life and Legacy of Mark Antony with Jeff Tatum","https://www.youtube.com/watch?v=0jO4NJ58ILM",,,,,,,2025-06-23T23:09:32.952Z,2025-06-23T23:09:32.952Z
4039,,"From Game Developer To CEO - Jan van der Crabben","https://www.youtube.com/watch?v=vzIjTMynKNc",,,,,,,2025-06-23T23:09:32.957Z,2025-06-23T23:09:32.957Z
4040,,"The Rise and Fall of the Ghana Empire of West Africa","https://www.youtube.com/watch?v=37XOLJNgRD8",,,,,,,2025-06-23T23:09:32.962Z,2025-06-23T23:09:32.962Z
4041,,"Unveiling Slavic Myths - A Conversation With Noah And Svetlana","https://www.youtube.com/watch?v=xOCWOVWmhFQ",,,,,,,2025-06-23T23:09:32.967Z,2025-06-23T23:09:32.967Z
4042,,"Scrolling Through History - Liana Miate","https://www.youtube.com/watch?v=DmSesCm4x5c",,,,,,,2025-06-23T23:09:32.971Z,2025-06-23T23:09:32.971Z
4043,,"Discover the History of YOU! - Markus Kangas of My True Ancestry","https://www.youtube.com/watch?v=D_pMZejQ5Q0",,,,,,,2025-06-23T23:09:32.976Z,2025-06-23T23:09:32.976Z
4044,,"Ancient and Medieval Gold Trade in West Africa","https://www.youtube.com/watch?v=TF-YlkY1VAM",,,,,,,2025-06-23T23:09:32.980Z,2025-06-23T23:09:32.980Z
4045,,"The History of the Tower of London","https://www.youtube.com/watch?v=zIolLjLd0Fo",,,,,,,2025-06-23T23:09:32.985Z,2025-06-23T23:09:32.985Z
4046,,"The Forgotten Tudor Royals Edward VI, Lady Jane Grey and Mary I of England","https://www.youtube.com/watch?v=0y-YgdmpJSY",,,,,,,2025-06-23T23:09:32.990Z,2025-06-23T23:09:32.990Z
4047,,"How History Comes Alive With Maps - Interview with Simeon Netchev","https://www.youtube.com/watch?v=JTrQamtK_fo",,,,,,,2025-06-23T23:09:32.997Z,2025-06-23T23:09:32.997Z
4048,,"The Jolly Roman Festival of Saturnalia","https://www.youtube.com/watch?v=psR440tZ6dk",,,,,,,2025-06-23T23:09:33.001Z,2025-06-23T23:09:33.001Z
4049,,"Gone Viking with Bill Arnott - the Three-Part Viking Travel Sagas!","https://www.youtube.com/watch?v=N0xOio2IoTQ",,,,,,,2025-06-23T23:09:33.006Z,2025-06-23T23:09:33.006Z
4050,,"The History of Christmas Through the Ages","https://www.youtube.com/watch?v=KBG41ZHLUMM",,,,,,,2025-06-23T23:09:33.010Z,2025-06-23T23:09:33.010Z
4051,,"The New Roman Empire - Interview with Anthony Kaldellis","https://www.youtube.com/watch?v=Ug7gH5_GCoo",,,,,,,2025-06-23T23:09:33.015Z,2025-06-23T23:09:33.015Z
4052,,"Ancient History of the United Arab Emirates (UAE)","https://www.youtube.com/watch?v=z_vdKlVKZoY&t=2s",,,,,,,2025-06-23T23:09:33.021Z,2025-06-23T23:09:33.021Z
4053,,"The History of the West African Salt Trade","https://www.youtube.com/watch?v=5h8P9OxcLoo",,,,,,,2025-06-23T23:09:33.025Z,2025-06-23T23:09:33.025Z
4054,,"Lost Cities of the Ancient World - Interview With Author Philip Matyszak","https://www.youtube.com/watch?v=ksKSSyRopHs",,,,,,,2025-06-23T23:09:33.030Z,2025-06-23T23:09:33.030Z
4055,,"Why Editing Matters: The Importance Of Proofreading Historical Documents","https://www.youtube.com/watch?v=QMz4NzHdHGY",,,,,,,2025-06-23T23:09:33.035Z,2025-06-23T23:09:33.035Z
4056,,"The Genius of their Age: Ibn Sina, Biruni, and the Lost Enlightenment","https://www.youtube.com/watch?v=_9pOdUMJYH0",,,,,,,2025-06-23T23:09:33.039Z,2025-06-23T23:09:33.039Z
4057,,"Henry VIII and the English Reformation Explained","https://www.youtube.com/watch?v=mcZVRxrBIkk",,,,,,,2025-06-23T23:09:33.047Z,2025-06-23T23:09:33.047Z
4058,,"Mary Queen Of Scots: A Royal Tale Of Love And Tragedy","https://www.youtube.com/watch?v=x0MrMEDiKOU",,,,,,,2025-06-23T23:09:33.052Z,2025-06-23T23:09:33.052Z
4059,,"The Wars of the Roses: Causes and Consequences","https://www.youtube.com/watch?v=JB5VqD4A6R8",,,,,,,2025-06-23T23:09:33.056Z,2025-06-23T23:09:33.056Z
4060,,"One of the Greatest Poets of Antiquity - Callimachus of Cyrene","https://www.youtube.com/watch?v=E6lYw2va4xg",,,,,,,2025-06-23T23:09:33.061Z,2025-06-23T23:09:33.061Z
4061,,"The Birthplace of Western Philosophy -  History of Ionia","https://www.youtube.com/watch?v=sJp0_hCPeiU",,,,,,,2025-06-23T23:09:33.066Z,2025-06-23T23:09:33.066Z
4062,,"The Real History of the Library of Alexandria","https://www.youtube.com/watch?v=UQxNxc8rNWI",,,,,,,2025-06-23T23:09:33.071Z,2025-06-23T23:09:33.071Z
4063,,"The Spanish Armada vs. The Royal Navy of Elizabeth I","https://www.youtube.com/watch?v=KMVORli6lxA",,,,,,,2025-06-23T23:09:33.075Z,2025-06-23T23:09:33.075Z
4064,,"The Life of Tudor Queen Elizabeth I of England","https://www.youtube.com/watch?v=g5ftViSh9sU",,,,,,,2025-06-23T23:09:33.080Z,2025-06-23T23:09:33.080Z
4065,,"An Introduction to the Punic Wars - Ancient Rome vs. Carthage","https://www.youtube.com/watch?v=ex0ZtLjsQQg",,,,,,,2025-06-23T23:09:33.085Z,2025-06-23T23:09:33.085Z
4066,,"The Five Good Emperors of the Roman Empire","https://www.youtube.com/watch?v=aYnK5IeOFGY",,,,,,,2025-06-23T23:09:33.090Z,2025-06-23T23:09:33.090Z
4067,,"Ancient Rome and the Spread of Christianity","https://www.youtube.com/watch?v=csBHLmZ01xg",,,,,,,2025-06-23T23:09:33.096Z,2025-06-23T23:09:33.096Z
4068,,"How Did the Romans Do Their Laundry? (Fullers of Ancient Rome)","https://www.youtube.com/watch?v=cQi6Wm9CBv0",,,,,,,2025-06-23T23:09:33.101Z,2025-06-23T23:09:33.101Z
4069,,"All Roads Lead to Rome: The Roads of Ancient Rome","https://www.youtube.com/watch?v=IR1_pgfjVwQ",,,,,,,2025-06-23T23:09:33.106Z,2025-06-23T23:09:33.106Z
4070,,"History of Slavery in Ancient Rome","https://www.youtube.com/watch?v=sRtyTq4PORQ",,,,,,,2025-06-23T23:09:33.111Z,2025-06-23T23:09:33.111Z
4071,,"The Cult of the Emperor in the Roman Empire","https://www.youtube.com/watch?v=wvQKrFwI6oY",,,,,,,2025-06-23T23:09:33.119Z,2025-06-23T23:09:33.119Z
4025,,"Ancient Roman Ghosts, Spirits and Ghost Stories","https://www.youtube.com/watch?v=ZwqoabaQB0c",,,,,,,2025-06-23T23:09:33.124Z,2025-06-23T23:09:33.124Z
4072,,"Pompey the Great - Statesman and General of the Roman Republic","https://www.youtube.com/watch?v=bayWLIlsjGI",,,,,,,2025-06-23T23:09:33.129Z,2025-06-23T23:09:33.129Z
4073,,"Clothing and Fashion in Ancient Rome","https://www.youtube.com/watch?v=i5myVyiGicg",,,,,,,2025-06-23T23:09:33.134Z,2025-06-23T23:09:33.134Z
4074,,"History of Dogs in Ancient Roman Society and Mythology","https://www.youtube.com/watch?v=lu2QpYetLjc",,,,,,,2025-06-23T23:09:33.138Z,2025-06-23T23:09:33.138Z
4075,,"Unique and Lesser-Known Gods and Goddess of Roman Mythology","https://www.youtube.com/watch?v=Dw8ovDw3Fr0",,,,,,,2025-06-23T23:09:33.143Z,2025-06-23T23:09:33.143Z
4076,,"The Flavian Dynasty of the Roman Empire","https://www.youtube.com/watch?v=jRMPtpzZ8TI",,,,,,,2025-06-23T23:09:33.148Z,2025-06-23T23:09:33.148Z
4077,,"Conquistadors and Aztecs - A History of the Fall of Tenochtitlan | Interview w/ Stefan Rinke","https://www.youtube.com/watch?v=RebiVWMeHSI",,,,,,,2025-06-23T23:09:33.152Z,2025-06-23T23:09:33.152Z
4078,,"Marcus Aurelius: The Philosopher & Emperor of the Roman Empire","https://www.youtube.com/watch?v=KKkIdHbEWkk",,,,,,,2025-06-23T23:09:33.157Z,2025-06-23T23:09:33.157Z
4079,,"Influential Imperial Women of the Julio-Claudian Dynasty","https://www.youtube.com/watch?v=MpUdh5gA_NQ",,,,,,,2025-06-23T23:09:33.161Z,2025-06-23T23:09:33.161Z
4080,,"The Ancient Romans at War - Warfare and Strategy","https://www.youtube.com/watch?v=4-vvyheWmHc",,,,,,,2025-06-23T23:09:33.166Z,2025-06-23T23:09:33.166Z
4081,,"The Ancient History of Roman Britain","https://www.youtube.com/watch?v=Swnqvd2VWD4",,,,,,,2025-06-23T23:09:33.171Z,2025-06-23T23:09:33.171Z
4082,,"Debunking Ten Juneteenth Myths You Thought Were True!","https://www.youtube.com/watch?v=8z3YlvOQkqQ",,,,,,,2025-06-23T23:09:33.176Z,2025-06-23T23:09:33.176Z
4083,,"An Introduction to Ancient Roman Literature","https://www.youtube.com/watch?v=SMSv5iR5wmo",,,,,,,2025-06-23T23:09:33.181Z,2025-06-23T23:09:33.181Z
4084,,"The Famous Baths of the Roman Empire","https://www.youtube.com/watch?v=Hgn1urWAsYY",,,,,,,2025-06-23T23:09:33.185Z,2025-06-23T23:09:33.185Z
4085,,"The Year of the Four Emperors Explained","https://www.youtube.com/watch?v=2NzYZct8qpk",,,,,,,2025-06-23T23:09:33.190Z,2025-06-23T23:09:33.190Z
4086,,"How the Ancient Roman Government Worked","https://www.youtube.com/watch?v=hDHW9aj_8tg",,,,,,,2025-06-23T23:09:33.196Z,2025-06-23T23:09:33.196Z
4087,,"The Ancient Roman Emperor Hadrian","https://www.youtube.com/watch?v=hSnEqt9xkto",,,,,,,2025-06-23T23:09:33.203Z,2025-06-23T23:09:33.203Z
4088,,"Female Gladiators of the Ancient Roman Empire","https://www.youtube.com/watch?v=qCYKUe5IDL4",,,,,,,2025-06-23T23:09:33.208Z,2025-06-23T23:09:33.208Z
4089,,"About the Philosopher Plato: Interview with Robin Waterfield","https://www.youtube.com/watch?v=BD8-OG62h-c",,,,,,,2025-06-23T23:09:33.213Z,2025-06-23T23:09:33.213Z
4090,,"Ten Fun Facts About Ancient Rome that you Need to Know!","https://www.youtube.com/watch?v=icGWztf5W0Q",,,,,,,2025-06-23T23:09:33.217Z,2025-06-23T23:09:33.217Z
4091,,"The Crisis of the Third Century Explained","https://www.youtube.com/watch?v=gip0QBO3oao",,,,,,,2025-06-23T23:09:33.222Z,2025-06-23T23:09:33.222Z
4092,,"Marriage in the Ancient Roman Empire","https://www.youtube.com/watch?v=xkswvlLTCDk",,,,,,,2025-06-23T23:09:33.226Z,2025-06-23T23:09:33.226Z
4093,,"Ancient Roman Society and Social Order","https://www.youtube.com/watch?v=rCC--cinutQ",,,,,,,2025-06-23T23:09:33.231Z,2025-06-23T23:09:33.231Z
4094,,"Pax Romana or the Roman Peace Explained","https://www.youtube.com/watch?v=IyruglATn8o",,,,,,,2025-06-23T23:09:33.236Z,2025-06-23T23:09:33.236Z
4095,,"Palatine - An Alternative History of the Caesars with Peter Stothard","https://www.youtube.com/watch?v=xW13odGYeWs",,,,,,,2025-06-23T23:09:33.240Z,2025-06-23T23:09:33.240Z
4096,,"The Rise and Fall of the Roman Empire","https://www.youtube.com/watch?v=FtB0wxDKmbc",,,,,,,2025-06-23T23:09:33.245Z,2025-06-23T23:09:33.245Z
4097,,"The Overlooked Heroes of the Trojan War","https://www.youtube.com/watch?v=OlcfFCN0hlk",,,,,,,2025-06-23T23:09:33.249Z,2025-06-23T23:09:33.249Z
4098,,"Ancient Rome | Upcoming Series Trailer","https://www.youtube.com/watch?v=HkK8FNzTHHU",,,,,,,2025-06-23T23:09:33.254Z,2025-06-23T23:09:33.254Z
4099,,"The Titans and the Titanomachy Explained","https://www.youtube.com/watch?v=EYt-CdagHKk",,,,,,,2025-06-23T23:09:33.259Z,2025-06-23T23:09:33.259Z
4100,,"The Great Warrior of the Trojan War - Achilles","https://www.youtube.com/watch?v=knw1hO1s6x0",,,,,,,2025-06-23T23:09:33.264Z,2025-06-23T23:09:33.264Z
4101,,"The Birth of the Gods - The Ancient Greek Creation Myth","https://www.youtube.com/watch?v=oUTNe-FdMiM",,,,,,,2025-06-23T23:09:33.268Z,2025-06-23T23:09:33.268Z
4102,,"The Tragedy of the House of Oedipus","https://www.youtube.com/watch?v=G53N7agoB7w",,,,,,,2025-06-23T23:09:33.274Z,2025-06-23T23:09:33.274Z
4103,,"The Powerful Sorceress Circe from Greek Mythology","https://www.youtube.com/watch?v=TWEiQr3E-Yo",,,,,,,2025-06-23T23:09:33.278Z,2025-06-23T23:09:33.278Z
4104,,"The Fearsome Amazons of Greek Mythology","https://www.youtube.com/watch?v=BYcCzgftNxY",,,,,,,2025-06-23T23:09:33.283Z,2025-06-23T23:09:33.283Z
4105,,"The Sky Gods of Greek Mythology","https://www.youtube.com/watch?v=f9dohCR359k",,,,,,,2025-06-23T23:09:33.288Z,2025-06-23T23:09:33.288Z
4106,,"The Extraordinary Journey of David Ingram with Dean Snow","https://www.youtube.com/watch?v=EusQT6-DPsU",,,,,,,2025-06-23T23:09:33.292Z,2025-06-23T23:09:33.292Z
4107,,"Phaethon and the Sun Chariot in Greek Mythology","https://www.youtube.com/watch?v=_CtIkhHQvgU",,,,,,,2025-06-23T23:09:33.298Z,2025-06-23T23:09:33.298Z
4108,,"The Curse of the House of Atreus","https://www.youtube.com/watch?v=MHY1HxWadeo",,,,,,,2025-06-23T23:09:33.304Z,2025-06-23T23:09:33.304Z
4109,,"Gods of Thunder in Precolonial America - Interview with Tim Pauketat","https://www.youtube.com/watch?v=HEGvtMPUuLE",,,,,,,2025-06-23T23:09:33.309Z,2025-06-23T23:09:33.309Z
4110,,"Peerless among Princes: The Life and Times of Sultan S├╝leyman with Kaya ┼₧ahin","https://www.youtube.com/watch?v=AkXr3FumJ8o",,,,,,,2025-06-23T23:09:33.314Z,2025-06-23T23:09:33.314Z
4111,,"The Legend of Herakles - the Greatest Hero in Greek Mythology","https://www.youtube.com/watch?v=aUCiD6c3juk",,,,,,,2025-06-23T23:09:33.318Z,2025-06-23T23:09:33.318Z
4112,,"Eros-Cupid and Psyche, the Greek and Roman Gods of Love and the Soul","https://www.youtube.com/watch?v=yzU-_DpLMHE",,,,,,,2025-06-23T23:09:33.323Z,2025-06-23T23:09:33.323Z
4113,,"The Myth of King Midas and his Golden Touch","https://www.youtube.com/watch?v=i6V7VdlY_bo",,,,,,,2025-06-23T23:09:33.327Z,2025-06-23T23:09:33.327Z
4114,,"Hygeia, Asclepius, and the Ancient Greek Deities of Healing","https://www.youtube.com/watch?v=lks7ek852Ao",,,,,,,2025-06-23T23:09:33.332Z,2025-06-23T23:09:33.332Z
4115,,"The Greek Myth of Theseus, Ariadne and the Minotaur","https://www.youtube.com/watch?v=gpVWMQ8g6K4",,,,,,,2025-06-23T23:09:33.337Z,2025-06-23T23:09:33.337Z
4116,,"The Greek Hero Bellerophon and his Flying Horse Pegasus","https://www.youtube.com/watch?v=Sr-8dPYtbF0",,,,,,,2025-06-23T23:09:33.342Z,2025-06-23T23:09:33.342Z
4117,,"The Moirai and Erinyes of Greek Mythology","https://www.youtube.com/watch?v=M_4zI3GHuB4",,,,,,,2025-06-23T23:09:33.346Z,2025-06-23T23:09:33.346Z
4118,,"Prometheus the Greek Titan of Forethought who Gave Fire to Humanity","https://www.youtube.com/watch?v=zLU6PGaCMJI",,,,,,,2025-06-23T23:09:33.351Z,2025-06-23T23:09:33.351Z
4119,,"Ancient History of Winter Solstice Traditions and Sites","https://www.youtube.com/watch?v=qX9NEUE6ed0",,,,,,,2025-06-23T23:09:33.356Z,2025-06-23T23:09:33.356Z
4120,,"Persephone-Kore the Goddess of Spring and Queen of the Underworld","https://www.youtube.com/watch?v=BVhKuboQe9M",,,,,,,2025-06-23T23:09:33.360Z,2025-06-23T23:09:33.360Z
4121,,"Hestia the Greek Goddess of the Hearth and Home","https://www.youtube.com/watch?v=WcYnYN-gTbo",,,,,,,2025-06-23T23:09:33.366Z,2025-06-23T23:09:33.366Z
4122,,"Dionysus the God of Wine, Festivity, and Theatre","https://www.youtube.com/watch?v=lplLKHyhmgk",,,,,,,2025-06-23T23:09:33.371Z,2025-06-23T23:09:33.371Z
4123,,"Zeus, God of the Sky and King of the Olympian Gods","https://www.youtube.com/watch?v=__Zoe2vCoXk",,,,,,,2025-06-23T23:09:33.375Z,2025-06-23T23:09:33.375Z
4124,,"King Tutankhamun and the Discovery of His Tomb","https://www.youtube.com/watch?v=eyHXMTjfuZM",,,,,,,2025-06-23T23:09:33.380Z,2025-06-23T23:09:33.380Z
4125,,"Atalanta, a Huntress and Heroine of Greek Mythology","https://www.youtube.com/watch?v=QPewu9EC7vY",,,,,,,2025-06-23T23:09:33.384Z,2025-06-23T23:09:33.384Z
4126,,"Who are the Nine Muses of Greek Mythology?","https://www.youtube.com/watch?v=KnWWL9Ve3_M",,,,,,,2025-06-23T23:09:33.389Z,2025-06-23T23:09:33.389Z
4127,,"The Story of Tutankhamun with Garry Shaw","https://www.youtube.com/watch?v=5OVtrLiyDS4",,,,,,,2025-06-23T23:09:33.394Z,2025-06-23T23:09:33.394Z
4128,,"Poseidon the Ancient Greek God of the Sea and Horses","https://www.youtube.com/watch?v=ULJl-vVGNqM",,,,,,,2025-06-23T23:09:33.399Z,2025-06-23T23:09:33.399Z
4129,,"The Greek Myth of Pandora's Jar","https://www.youtube.com/watch?v=2PQdAFjChNA",,,,,,,2025-06-23T23:09:33.404Z,2025-06-23T23:09:33.404Z
4130,,"A New History of the Ancient Near East with Amanda Podany","https://www.youtube.com/watch?v=e3zNeZaq6VQ",,,,,,,2025-06-23T23:09:33.409Z,2025-06-23T23:09:33.409Z
4131,,"The Development of Ancient Greek Architecture","https://www.youtube.com/watch?v=KSpR6vi3kkA",,,,,,,2025-06-23T23:09:33.414Z,2025-06-23T23:09:33.414Z
4132,,"An Introduction to Ancient Greek Magic and Sorceresses","https://www.youtube.com/watch?v=T64JgGzeZDk",,,,,,,2025-06-23T23:09:33.419Z,2025-06-23T23:09:33.419Z
4133,,"Hephaestus the Greek God of Fire and Metallurgy","https://www.youtube.com/watch?v=tghA2GqO5is",,,,,,,2025-06-23T23:09:33.424Z,2025-06-23T23:09:33.424Z
4134,,"Oracles of Ancient Greece","https://www.youtube.com/watch?v=7ktBrKvgk2I",,,,,,,2025-06-23T23:09:33.428Z,2025-06-23T23:09:33.428Z
4135,,"The Greek Goddess Demeter and the Eleusinian Mysteries","https://www.youtube.com/watch?v=b-B6KwxHcR0",,,,,,,2025-06-23T23:09:33.433Z,2025-06-23T23:09:33.433Z
4136,,"Tutankhamun and the Tomb that Changed the World with Dr. Bob Brier","https://www.youtube.com/watch?v=k5euwMcH3pc",,,,,,,2025-06-23T23:09:33.438Z,2025-06-23T23:09:33.438Z
4137,,"The Tragic Tale of Orpheus and Eurydice","https://www.youtube.com/watch?v=R0Na5QH8BOo",,,,,,,2025-06-23T23:09:33.443Z,2025-06-23T23:09:33.443Z
4138,,"Aphrodite the Goddess of Love and Beauty in Greek Mythology","https://www.youtube.com/watch?v=jMlOoot4dBU",,,,,,,2025-06-23T23:09:33.472Z,2025-06-23T23:09:33.472Z
4139,,"Bastet the Ancient Egyptian Goddess of Cats","https://www.youtube.com/watch?v=G7H32ycNHno",,,,,,,2025-06-23T23:09:33.477Z,2025-06-23T23:09:33.477Z
4140,,"Samurai, the Medieval Japanese Warriors","https://www.youtube.com/watch?v=Z2FRMQoUaRM",,,,,,,2025-06-23T23:09:33.482Z,2025-06-23T23:09:33.482Z
4141,,"Introduction to the Ancient Egyptian Pharaoh","https://www.youtube.com/watch?v=JyyCcB9Sfc8",,,,,,,2025-06-23T23:09:33.503Z,2025-06-23T23:09:33.503Z
4142,,"Abortion in the Ancient World","https://www.youtube.com/watch?v=cMTfylCJJ4E",,,,,,,2025-06-23T23:09:33.513Z,2025-06-23T23:09:33.513Z
4143,,"An Introduction to the Faiyum Mummy Portraits","https://www.youtube.com/watch?v=LLW4dFaBwIU",,,,,,,2025-06-23T23:09:33.532Z,2025-06-23T23:09:33.532Z
4144,,"The Folktale of Melusine, the Medieval Face of the Starbucks Logo","https://www.youtube.com/watch?v=vaaiNmt0D0Y",,,,,,,2025-06-23T23:09:33.537Z,2025-06-23T23:09:33.537Z
4145,,"Helen of Troy, the Catalyst for the Trojan War","https://www.youtube.com/watch?v=uE3J-k3BD_E",,,,,,,2025-06-23T23:09:33.546Z,2025-06-23T23:09:33.546Z
4146,,"Cicero and the Catiline Conspiracy","https://www.youtube.com/watch?v=R0yt14HwLfI",,,,,,,2025-06-23T23:09:33.556Z,2025-06-23T23:09:33.556Z
4147,,"Kutuzov: A Life in War and Peace with Alexander Mikaberidze","https://www.youtube.com/watch?v=RZxX-hiLRfs",,,,,,,2025-06-23T23:09:33.566Z,2025-06-23T23:09:33.566Z
4148,,"The Fall of the Inca Empire","https://www.youtube.com/watch?v=ALAS9NLcFIk",,,,,,,2025-06-23T23:09:33.571Z,2025-06-23T23:09:33.571Z
4149,,"An Introduction to Aesop's Fables","https://www.youtube.com/watch?v=pBY3RUx4F1U",,,,,,,2025-06-23T23:09:33.592Z,2025-06-23T23:09:33.592Z
4150,,"The Concept and Symbol of Yin and Yang Explained","https://www.youtube.com/watch?v=ByzviGDxztU",,,,,,,2025-06-23T23:09:33.597Z,2025-06-23T23:09:33.597Z
4151,,"Livia Drusilla the First Empress of the Roman Empire","https://www.youtube.com/watch?v=AOmARloYgJI",,,,,,,2025-06-23T23:09:33.601Z,2025-06-23T23:09:33.601Z
4152,,"The Adventure of Jason and the Argonauts from the Argonautica","https://www.youtube.com/watch?v=wHCMlswf5eM",,,,,,,2025-06-23T23:09:33.607Z,2025-06-23T23:09:33.607Z
4153,,"Oracle Bones of the Ancient Chinese Shang Dynasty","https://www.youtube.com/watch?v=mSUYT0h0WJI",,,,,,,2025-06-23T23:09:33.612Z,2025-06-23T23:09:33.612Z
4154,,"The Roman Goddess Vesta and her Vestal Virgins","https://www.youtube.com/watch?v=9TgHyk7h6-o",,,,,,,2025-06-23T23:09:33.616Z,2025-06-23T23:09:33.616Z
4155,,"The Ancient Egyptian God of Writing and Wisdom, Thoth","https://www.youtube.com/watch?v=pKjjRrijLes",,,,,,,2025-06-23T23:09:33.621Z,2025-06-23T23:09:33.621Z
4156,,"Rome: Strategy of Empire with James Lacey","https://www.youtube.com/watch?v=Vo6yLYC4bKo",,,,,,,2025-06-23T23:09:33.637Z,2025-06-23T23:09:33.637Z
4157,,"The Black Death of Medieval Europe and Their Cures","https://www.youtube.com/watch?v=r1xzDnjcQDY",,,,,,,2025-06-23T23:09:33.641Z,2025-06-23T23:09:33.641Z
4158,,"Opening the Ancient World SASA Virtual Conference","https://www.youtube.com/watch?v=0SHrKta-PjU",,,,,,,2025-06-23T23:09:33.646Z,2025-06-23T23:09:33.646Z
4159,,"The Early History of the Parthenon, Acropolis and Agora of Ancient Athens","https://www.youtube.com/watch?v=SQxyTq8KJR8",,,,,,,2025-06-23T23:09:33.651Z,2025-06-23T23:09:33.651Z
4160,,"Hades, Tartarus and the Underworld in Greek Mythology","https://www.youtube.com/watch?v=maMe1JADqwI",,,,,,,2025-06-23T23:09:33.665Z,2025-06-23T23:09:33.665Z
4161,,"An Introduction to the Dynasties of Ancient China","https://www.youtube.com/watch?v=ktPUtz-m7oA",,,,,,,2025-06-23T23:09:33.670Z,2025-06-23T23:09:33.670Z
4162,,"The Lives of Ancient Roman Women","https://www.youtube.com/watch?v=1H0XArjGpkE",,,,,,,2025-06-23T23:09:33.675Z,2025-06-23T23:09:33.675Z
4163,,"The Roman Epic Poem The Aeneid: Introduction and Summary","https://www.youtube.com/watch?v=d2dcqDjxl_c",,,,,,,2025-06-23T23:09:33.679Z,2025-06-23T23:09:33.679Z
4167,,"Medusa, the Snake Haired Gorgon in Greek Mythology","https://www.youtube.com/watch?v=sTfoViYZJzg",,,,,,,2025-06-23T23:09:33.684Z,2025-06-23T23:09:33.684Z
4168,,"The Ancient Egyptian Practice and Process of Mummification","https://www.youtube.com/watch?v=5pVHSwSlfuI",,,,,,,2025-06-23T23:09:33.689Z,2025-06-23T23:09:33.689Z
4169,,"Ancient Celtic Religion, Druids and Funerary Beliefs","https://www.youtube.com/watch?v=ra-_nhCwh0A",,,,,,,2025-06-23T23:09:33.693Z,2025-06-23T23:09:33.693Z
4170,,"The Greek Goddess Hera, Queen of the Olympian Gods","https://www.youtube.com/watch?v=hMTJ14MiGxs",,,,,,,2025-06-23T23:09:33.698Z,2025-06-23T23:09:33.698Z
4171,,"Ramesses the Great, his Long Life and Rule of Ancient Egypt","https://www.youtube.com/watch?v=_adh3OaBbVQ",,,,,,,2025-06-23T23:09:33.706Z,2025-06-23T23:09:33.706Z
4172,,"History of the Julio-Claudian Dynasty of the Roman Empire","https://www.youtube.com/watch?v=HE7l5GL8KcI",,,,,,,2025-06-23T23:09:33.714Z,2025-06-23T23:09:33.714Z
4173,,"Ancient Roman Games, Sports and Spectacles","https://www.youtube.com/watch?v=AnNMV3sZPas",,,,,,,2025-06-23T23:09:33.722Z,2025-06-23T23:09:33.722Z
4174,,"What is Stonehenge? The Mysteries of the Neolithic Stone Circle","https://www.youtube.com/watch?v=tubyijlbWAM",,,,,,,2025-06-23T23:09:33.765Z,2025-06-23T23:09:33.765Z
4175,,"The Great Pyramid of Giza in Egypt","https://www.youtube.com/watch?v=IvaR8itxlyQ",,,,,,,2025-06-23T23:09:33.771Z,2025-06-23T23:09:33.771Z
4210,,"The Long History of Dogs in Honour of International Dog Day","https://www.youtube.com/watch?v=xPaCDzIMuW0",,,,,,,2025-06-23T23:09:34.081Z,2025-06-23T23:09:34.081Z
4211,,"The Ancient History of Beer: Invention, Importance and Development of Beer","https://www.youtube.com/watch?v=RGXVn-AAqig",,,,,,,2025-06-23T23:09:34.120Z,2025-06-23T23:09:34.120Z
4212,,"Alexander the Great: Life and Reign of the King of the Macedonian Empire","https://www.youtube.com/watch?v=_E7JX-rVdFk",,,,,,,2025-06-23T23:09:34.131Z,2025-06-23T23:09:34.131Z
4251,,"Cuneiform: The Earliest Form of Writing from Ancient Mesopotamia","https://www.youtube.com/watch?v=DONiq9pyLg4",,,,,,,2025-06-23T23:09:34.210Z,2025-06-23T23:09:34.210Z
4290,,"How To Use The Media Library On Our Website","https://www.youtube.com/watch?v=Et1I2nbYxGw",,,,,,,2025-06-23T23:09:34.445Z,2025-06-23T23:09:34.445Z
4291,,"How to Use the Ancient History Timeline on our Website","https://www.youtube.com/watch?v=IxpELwKUD40",,,,,,,2025-06-23T23:09:34.474Z,2025-06-23T23:09:34.474Z
4292,,"How to Navigate the Ancient World Map on our Website","https://www.youtube.com/watch?v=4NlRXFM_tO0",,,,,,,2025-06-23T23:09:34.479Z,2025-06-23T23:09:34.479Z
4293,,"Three Easy Ways to Search for Articles on our Website","https://www.youtube.com/watch?v=fmkzVJGY4I0",,,,,,,2025-06-23T23:09:34.484Z,2025-06-23T23:09:34.484Z
4294,,"Mesopotamia and the Fertile Crescent - A Short History","https://www.youtube.com/watch?v=vPVfhc9QiNY",,,,,,,2025-06-23T23:09:34.503Z,2025-06-23T23:09:34.503Z
4295,,"Decoding the Great Pyramid | Full Documentary | NOVA | PBS","https://www.youtube.com/watch?v=gFP-7Z9HLww",,,,,,,2025-06-23T23:09:34.581Z,2025-06-23T23:09:34.581Z
4296,,"The Pyramids of Giza: The Greatest Wonders of the Ancient World","https://www.youtube.com/watch?v=0P_Ncz4-XVY",,,,,,,2025-06-23T23:09:34.586Z,2025-06-23T23:09:34.586Z
4331,,"How did they build the Great Pyramid of Giza? - Soraya Field Fiorio","https://www.youtube.com/watch?v=fJBlEPOj4Fk",,,,,,,2025-06-23T23:09:34.596Z,2025-06-23T23:09:34.596Z
4332,,"How the Egyptians MIGHT have built the Great Pyramid","https://www.youtube.com/watch?v=UeL3bfwu-Zk",,,,,,,2025-06-23T23:09:34.602Z,2025-06-23T23:09:34.602Z
4333,,"Khufu - The Pharaoh Who Built the Great Pyramid Documentary","https://www.youtube.com/watch?v=hQZ2eW0HqI4&t=64s",,,,,,,2025-06-23T23:09:34.608Z,2025-06-23T23:09:34.608Z
4334,,"Khafre Enthroned: The 4,500-Year-Old Secret Behind Its 700-Mile Journey | Egypt Detectives","https://youtu.be/90ly8GtME3Q",,,,,,,2025-06-23T23:09:34.614Z,2025-06-23T23:09:34.614Z
4335,,"The Other Giants of Giza: Khafre and Menkaure Pyramids I SLICE HISTORY | FULL DOCUMENTARY","https://www.youtube.com/watch?v=rXHxa9Nz-xk&pp=ygUGa2hhZnJl",,,,,,,2025-06-23T23:09:34.620Z,2025-06-23T23:09:34.620Z
4336,,"Origins of the Latins (History of the Roman Ancestors)","https://www.youtube.com/watch?v=bKCSp50g-LE",,,,,,,2025-06-23T23:09:34.626Z,2025-06-23T23:09:34.626Z
4337,,"Untitled","https://www.youtube.com/watch?v=jzCxsCgAKgo",,,,,,,2025-06-23T23:09:34.632Z,2025-06-23T23:09:34.632Z
52,,"The Most Inbred Pharaoh | Tutankhamun | Ancient Egypt Documentary","https://www.youtube.com/watch?v=Bx1dUne87JE",,,,,,,2025-06-23T23:09:34.642Z,2025-06-23T23:09:34.642Z
4339,,"Secrets: The Sphinx FULL EPISODE | Smithsonian Channel","https://www.youtube.com/watch?v=VTkbi28ocBY",,,,,,,2025-06-23T23:09:34.651Z,2025-06-23T23:09:34.651Z
4340,,"The Mystery Of Menkaure's Unfinished Red Pyramid","https://www.youtube.com/watch?v=tP8kKSAV0PY&pp=ygUITWVua2F1cmU%3D",,,,,,,2025-06-23T23:09:34.656Z,2025-06-23T23:09:34.656Z
4341,,"Pharaoh Shepseskaf and the Mastaba el-Faraoun","https://www.youtube.com/watch?v=rp5yTfUMAZ4&pp=ygUKU2hlcHNlc2thZg%3D%3D",,,,,,,2025-06-23T23:09:34.662Z,2025-06-23T23:09:34.662Z
4342,,"Primitive Glassmaking (Creating Glass from Sand)","https://www.youtube.com/watch?v=Lg7kZpTVoms",,,,,,,2025-06-23T23:09:34.671Z,2025-06-23T23:09:34.671Z
4343,,"The history of glass - timeline and inventions","https://www.youtube.com/watch?v=E3B6mCHExIE",,,,,,,2025-06-23T23:09:34.680Z,2025-06-23T23:09:34.680Z
4344,,"The Epic of Gilgamesh (including the oldest version of the Flood Myth!)","https://www.youtube.com/watch?v=EeQIsXZKW5k",,,,,,,2025-06-23T23:09:34.690Z,2025-06-23T23:09:34.690Z
4345,,"Zarathustra, or Zoroaster, The First Monotheist? (1500-1000 BC)","https://www.youtube.com/watch?v=V-ghm2QDNq0",,,,,,,2025-06-23T23:09:34.724Z,2025-06-23T23:09:34.724Z
4346,,"URUK, the FIRST CITY in the world (Mesopotamia)","https://www.youtube.com/watch?v=kBmBtKbrTa4&t=48s",,,,,,,2025-06-23T23:09:34.783Z,2025-06-23T23:09:34.783Z
4372,,"The Discovery of the Planets (Mesopotamian Astronomy)","https://www.youtube.com/watch?v=AOem0Q3qsqY",,,,,,,2025-06-23T23:09:34.875Z,2025-06-23T23:09:34.875Z
4373,,"The Life of the Buddha","https://www.youtube.com/watch?v=keGScGNCpUA",,,,,,,2025-06-23T23:09:34.927Z,2025-06-23T23:09:34.927Z
4374,,"The Megaliths of the Stone Age","https://www.youtube.com/watch?v=kOQGYIZTlwE",,,,,,,2025-06-23T23:09:34.932Z,2025-06-23T23:09:34.932Z
4375,,"The Sayings of Confucius","https://www.youtube.com/watch?v=j8GlxxHutAM",,,,,,,2025-06-23T23:09:34.939Z,2025-06-23T23:09:34.939Z
4376,,"Ancient Tagar Culture","https://www.youtube.com/watch?v=9e9TBNVXvcc&pp=ygUNdGFnYXIgY3VsdHVyZQ%3D%3D",,,,,,,2025-06-23T23:09:35.032Z,2025-06-23T23:09:35.032Z
4377,,"The Mysterious Golden Hats of Bronze Age Europe","https://www.youtube.com/watch?v=3e0MRlNgLw4",,,,,,,2025-06-23T23:09:35.038Z,2025-06-23T23:09:35.038Z
4378,,"Origins of the Mycenaeans (Tiryns Culture)","https://www.youtube.com/watch?v=POZIwAO-gcI",,,,,,,2025-06-23T23:09:35.046Z,2025-06-23T23:09:35.046Z
4379,,"Kingdom of Alashiya - History of Cyprus in Bronze Age","https://www.youtube.com/watch?v=DOUDNwuZ-9k",,,,,,,2025-06-23T23:09:35.108Z,2025-06-23T23:09:35.108Z
4415,,"Did the Indus Valley Civilization Breed Horses? | Myths Highlights","https://www.youtube.com/watch?v=yL8sJuoDn-w",,,,,,,2025-06-23T23:09:35.132Z,2025-06-23T23:09:35.132Z
4416,,"Mycenae after Collapse (Post-Palatial Period, 1180-1000 BC)","https://www.youtube.com/watch?v=DC1JhrFRM8w",,,,,,,2025-06-23T23:09:35.138Z,2025-06-23T23:09:35.138Z
4417,,"The Ancient European Union: Bell Beaker Culture (2800-1800 BCE)","https://www.youtube.com/watch?v=oldNxLQ8FK4&pp=ygUTYmVsbCBiZWFrZXIgY3VsdHVyZQ%3D%3D",,,,,,,2025-06-23T23:09:35.177Z,2025-06-23T23:09:35.177Z
4418,,"Uncovering Imhotep","https://www.youtube.com/watch?v=UK3wmsfn6So",,,,,,,2025-06-23T23:09:35.183Z,2025-06-23T23:09:35.183Z
4419,,"Schools in Ancient Mesopotamia - Ancient Mesopotamia: Portrait of a Dead Civilization, E23","https://www.youtube.com/watch?v=5uDrNoyujFI&pp=ygUQc3VtZXJpYW4gc2Nob29scw%3D%3D",,,,,,,2025-06-23T23:09:35.192Z,2025-06-23T23:09:35.192Z
4420,,"Political Developments in Southern Mesopotamia","https://www.youtube.com/watch?v=oupbjpIeoY8&list=PLqVrIY3RYah6oUSt_ppd-wRew20gryGEq&index=9&pp=iAQB",,,,,,,2025-06-23T23:09:35.198Z,2025-06-23T23:09:35.198Z
4421,,"The Sumerian King List","https://www.youtube.com/watch?v=cGq51JVxa-k&list=PLqVrIY3RYah6oUSt_ppd-wRew20gryGEq&index=10&pp=iAQB",,,,,,,2025-06-23T23:09:35.203Z,2025-06-23T23:09:35.203Z
4422,,"The Umma-Lagash Border Conflict","https://www.youtube.com/watch?v=20P611KcsXg&list=PLqVrIY3RYah6oUSt_ppd-wRew20gryGEq&index=11&pp=iAQB",,,,,,,2025-06-23T23:09:35.210Z,2025-06-23T23:09:35.210Z
4423,,"Writing and Language","https://www.youtube.com/watch?v=cKPgor_0aX8&list=PLqVrIY3RYah6oUSt_ppd-wRew20gryGEq&index=12&pp=iAQB",,,,,,,2025-06-23T23:09:35.215Z,2025-06-23T23:09:35.215Z
4424,,"Northern Mesopotamia","https://www.youtube.com/watch?v=FbYLG9eFq5I&list=PLqVrIY3RYah6oUSt_ppd-wRew20gryGEq&index=13&pp=iAQB",,,,,,,2025-06-23T23:09:35.221Z,2025-06-23T23:09:35.221Z
4425,,"Rimush and Manistushu","https://www.youtube.com/watch?v=R442eFPGzec&list=PLqVrIY3RYah6oUSt_ppd-wRew20gryGEq&index=15&pp=iAQB",,,,,,,2025-06-23T23:09:35.226Z,2025-06-23T23:09:35.226Z
4426,,"Pharaoh Khafre","https://www.youtube.com/watch?v=PwkAOHRmh2g&list=PLqVrIY3RYah7lxgDEp8J8vJ_8I0mOku0e&index=46&pp=iAQB",,,,,,,2025-06-23T23:09:35.232Z,2025-06-23T23:09:35.232Z
4427,,"Khafre's Pyramid","https://www.youtube.com/watch?v=_bfHmR8F9hY&list=PLqVrIY3RYah7lxgDEp8J8vJ_8I0mOku0e&index=47&pp=iAQB",,,,,,,2025-06-23T23:09:35.237Z,2025-06-23T23:09:35.237Z
4428,,"Pharaho Menkaure and the Third Pyramid of Giza","https://www.youtube.com/watch?v=ifXT2x5iW38&list=PLqVrIY3RYah7lxgDEp8J8vJ_8I0mOku0e&index=49&pp=iAQB",,,,,,,2025-06-23T23:09:35.245Z,2025-06-23T23:09:35.245Z
4429,,"Pharaoh Shepseskaf and the Mastaba el-Faraoun","https://www.youtube.com/watch?v=rp5yTfUMAZ4&list=PLqVrIY3RYah7lxgDEp8J8vJ_8I0mOku0e&index=50&pp=iAQB",,,,,,,2025-06-23T23:09:35.251Z,2025-06-23T23:09:35.251Z
4430,,"Queen Khentkawes","https://www.youtube.com/watch?v=4soJSJkLf1M&list=PLqVrIY3RYah7lxgDEp8J8vJ_8I0mOku0e&index=51&pp=iAQB0gcJCVEJAYcqIYzv",,,,,,,2025-06-23T23:09:35.256Z,2025-06-23T23:09:35.256Z
4431,,"Pharaoh Userkaf","https://www.youtube.com/watch?v=ygt7Qdw9gE8&list=PLqVrIY3RYah7lxgDEp8J8vJ_8I0mOku0e&index=52&pp=iAQB",,,,,,,2025-06-23T23:09:35.262Z,2025-06-23T23:09:35.262Z
4432,,"The Great Sphinx","https://www.youtube.com/watch?v=vDgDjVO9H5M&list=PLqVrIY3RYah7lxgDEp8J8vJ_8I0mOku0e&index=48&pp=iAQB",,,,,,,2025-06-23T23:09:35.268Z,2025-06-23T23:09:35.268Z
4433,,"Egypt's Administration","https://www.youtube.com/watch?v=dZ2-NBJJh1M&list=PLqVrIY3RYah7lxgDEp8J8vJ_8I0mOku0e&index=53&pp=iAQB",,,,,,,2025-06-23T23:09:35.273Z,2025-06-23T23:09:35.273Z
4434,,"Pharaoh Sahure","https://www.youtube.com/watch?v=SibdTzskxEg&list=PLqVrIY3RYah7lxgDEp8J8vJ_8I0mOku0e&index=54&pp=iAQB",,,,,,,2025-06-23T23:09:35.278Z,2025-06-23T23:09:35.278Z
4435,,"Pharaoh Nefirkare","https://www.youtube.com/watch?v=Kzdo-_U0xfs&list=PLqVrIY3RYah7lxgDEp8J8vJ_8I0mOku0e&index=55&pp=iAQB",,,,,,,2025-06-23T23:09:35.284Z,2025-06-23T23:09:35.284Z
4436,,"Pharaohs Nyuserre & Menkauhor","https://www.youtube.com/watch?v=4tcTA9nEYhU&list=PLqVrIY3RYah7lxgDEp8J8vJ_8I0mOku0e&index=56&pp=iAQB",,,,,,,2025-06-23T23:09:35.290Z,2025-06-23T23:09:35.290Z
4437,,"Pharaoh Djedkare","https://www.youtube.com/watch?v=NNINTsIds1Q&list=PLqVrIY3RYah7lxgDEp8J8vJ_8I0mOku0e&index=57&pp=iAQB",,,,,,,2025-06-23T23:09:35.295Z,2025-06-23T23:09:35.295Z
4438,,"Pharaoh Unas and the Pyramid Texts","https://www.youtube.com/watch?v=QPic9Mxiius&list=PLqVrIY3RYah7lxgDEp8J8vJ_8I0mOku0e&index=58&pp=iAQB",,,,,,,2025-06-23T23:09:35.300Z,2025-06-23T23:09:35.300Z
4439,,"The Ancient Egyptian Pyramid Texts","https://www.youtube.com/watch?v=SIGAPuGQ_tY",,,,,,,2025-06-23T23:09:35.309Z,2025-06-23T23:09:35.309Z
4440,,"Art of Ancient Mesopotamia Pt. 1","https://www.youtube.com/watch?v=IiaqzPmIVOU",,,,,,,2025-06-23T23:09:35.323Z,2025-06-23T23:09:35.323Z
4441,,"Art of Ancient Mesopotamia Pt. 2","https://www.youtube.com/watch?v=_sJ0_VEsgwQ",,,,,,,2025-06-23T23:09:35.329Z,2025-06-23T23:09:35.329Z
4442,,"Art of Ancient Egypt Pt. 1","https://www.youtube.com/watch?v=UEnSRaO_yLI",,,,,,,2025-06-23T23:09:35.334Z,2025-06-23T23:09:35.334Z
4443,,"Art of Ancient Egypt Part 2","https://www.youtube.com/watch?v=3ig4ul-hlpw",,,,,,,2025-06-23T23:09:35.340Z,2025-06-23T23:09:35.340Z
4444,,"The Art of India & South East Asia","https://www.youtube.com/watch?v=5FTmh25vD8U",,,,,,,2025-06-23T23:09:35.345Z,2025-06-23T23:09:35.345Z
4445,,"Art of Early China and Japan","https://www.youtube.com/watch?v=SKXZuswUw9U",,,,,,,2025-06-23T23:09:35.354Z,2025-06-23T23:09:35.354Z
4446,,"Aegean Art","https://www.youtube.com/watch?v=Vrh4_YR901s",,,,,,,2025-06-23T23:09:35.360Z,2025-06-23T23:09:35.360Z
4447,,"Art of the Ancient Americas","https://www.youtube.com/watch?v=IOYoUwi7evM",,,,,,,2025-06-23T23:09:35.366Z,2025-06-23T23:09:35.366Z
4448,,"Art of the Roman Republic","https://www.youtube.com/watch?v=TR-2M6FxAMo",,,,,,,2025-06-23T23:09:35.371Z,2025-06-23T23:09:35.371Z
4456,,"Art of the Roman Empire","https://www.youtube.com/watch?v=9W2ZSJltD2I",,,,,,,2025-06-23T23:09:35.377Z,2025-06-23T23:09:35.377Z
4457,,"Early Greek Art","https://www.youtube.com/watch?v=HIDFqBdxaN8",,,,,,,2025-06-23T23:09:35.382Z,2025-06-23T23:09:35.382Z
4458,,"Classical Greek Art","https://www.youtube.com/watch?v=dNUlzju4u8Y",,,,,,,2025-06-23T23:09:35.388Z,2025-06-23T23:09:35.388Z
4459,,"Hellenistic Art","https://www.youtube.com/watch?v=RnDKjnH78Hc",,,,,,,2025-06-23T23:09:35.394Z,2025-06-23T23:09:35.394Z
4460,,"The Krypteia - Sparta's Secret Police DOCUMENTARY","https://www.youtube.com/watch?v=4zWNebr3iSc",,,,,,,2025-06-23T23:09:35.428Z,2025-06-23T23:09:35.428Z
4461,,"Did the Romans pay Taxes? - History of Rome DOCUMENTARY","https://www.youtube.com/watch?v=gEmd1aCT10s",,,,,,,2025-06-23T23:09:35.433Z,2025-06-23T23:09:35.433Z
4462,,"The Mysterious Nuraghe of Bronze Age Sardinia","https://www.youtube.com/watch?v=5HlX-PSyUPY",,,,,,,2025-06-23T23:09:35.439Z,2025-06-23T23:09:35.439Z
4463,,"Why Did the Ancient Minoan Culture Collapse?","https://www.youtube.com/watch?v=d2xxc6aMvlQ",,,,,,,2025-06-23T23:09:35.456Z,2025-06-23T23:09:35.456Z
4464,,"The Analects of Confucius (he did NOT talk of HEAVEN, but about leading a GOOD LIFE)","https://www.youtube.com/watch?v=G_6KWo6FOcE",,,,,,,2025-06-23T23:09:35.466Z,2025-06-23T23:09:35.466Z
4465,,"Lukka Lands - History of Lycia in Bronze Age","https://www.youtube.com/watch?v=CvQ5YMcVBTM",,,,,,,2025-06-23T23:09:35.481Z,2025-06-23T23:09:35.481Z
4466,,"The First Dynasty of the Sealand and the Last Days of the Old Babylonian Kingdom (c. 1730-1460 BC)","https://www.youtube.com/watch?v=lzjbkMmpoq0",,,,,,,2025-06-23T23:09:35.487Z,2025-06-23T23:09:35.487Z
4467,,"History of Cats 1: GodΓÇÖs Fluffy Murder Machines | World History | Extra History","https://www.youtube.com/watch?v=zK1Mpx9h-I8",,,,,,,2025-06-23T23:09:35.492Z,2025-06-23T23:09:35.492Z
4468,,"Rise of Mycenae - Early Mycenaean Greece (2000-1600 BC)","https://www.youtube.com/watch?v=tzAwzYdHqKs",,,,,,,2025-06-23T23:09:35.500Z,2025-06-23T23:09:35.500Z
4469,,"History of Ancient Egypt: Dynasty XXVII - First Achaemenid Persian Period and Greek Interventions","https://www.youtube.com/watch?v=K7nt92n5VtM",,,,,,,2025-06-23T23:09:35.505Z,2025-06-23T23:09:35.505Z
4470,,"Fossils in Classical Antiquity - what exactly was ""The Monster of Troy""?","https://www.youtube.com/watch?v=Vyfze2woab8",,,,,,,2025-06-23T23:09:35.511Z,2025-06-23T23:09:35.511Z
4471,,"Foundation of the Hittite Empire (1680 BC)","https://www.youtube.com/watch?v=Rm7giMJGtaA",,,,,,,2025-06-23T23:09:35.517Z,2025-06-23T23:09:35.517Z
4472,,"Foundation of Ancient Macedonia","https://www.youtube.com/watch?v=ZqJLyd-I1k8",,,,,,,2025-06-23T23:09:35.524Z,2025-06-23T23:09:35.524Z
4473,,"Naram-Sin","https://www.youtube.com/watch?v=6o60d96YFUo",,,,,,,2025-06-23T23:09:35.529Z,2025-06-23T23:09:35.529Z
4474,,"The Decline and Fall of the Akkadian Empire","https://www.youtube.com/watch?v=hzjBrMEkubY",,,,,,,2025-06-23T23:09:35.535Z,2025-06-23T23:09:35.535Z
4475,,"Ur-Nammu","https://www.youtube.com/watch?v=-QbgXUFNvtc",,,,,,,2025-06-23T23:09:35.541Z,2025-06-23T23:09:35.541Z
4476,,"Shulgi","https://www.youtube.com/watch?v=7oQzbVf---g",,,,,,,2025-06-23T23:09:35.546Z,2025-06-23T23:09:35.546Z
4477,,"Fall of Ur III","https://www.youtube.com/watch?v=cG_AB9Tfxh8",,,,,,,2025-06-23T23:09:35.555Z,2025-06-23T23:09:35.555Z
4478,,"Shamshi-Adad and the Kingdom of Upper Mesopotamia","https://www.youtube.com/watch?v=Oj3qcJGSwDg&pp=0gcJCYQJAYcqIYzv",,,,,,,2025-06-23T23:09:35.560Z,2025-06-23T23:09:35.560Z
4479,,"The Kingdoms of Isin and Larsa","https://www.youtube.com/watch?v=aSM_MoZgGao",,,,,,,2025-06-23T23:09:35.566Z,2025-06-23T23:09:35.566Z
4480,,"Babylon and King Hammurabi","https://www.youtube.com/watch?v=zhy3tGkQsU4",,,,,,,2025-06-23T23:09:35.571Z,2025-06-23T23:09:35.571Z
4481,,"The Code of Hammurabi","https://www.youtube.com/watch?v=cqPP6JOnmPo",,,,,,,2025-06-23T23:09:35.577Z,2025-06-23T23:09:35.577Z
4482,,"The Great Sphinx","https://www.youtube.com/watch?v=vDgDjVO9H5M",,,,,,,2025-06-23T23:09:35.583Z,2025-06-23T23:09:35.583Z
4483,,"Pharaoh Teti","https://www.youtube.com/watch?v=CmqnyhjFVIs",,,,,,,2025-06-23T23:09:35.588Z,2025-06-23T23:09:35.588Z
4484,,"Pharaoh Pepi I","https://www.youtube.com/watch?v=THNV0BcXRf4",,,,,,,2025-06-23T23:09:35.594Z,2025-06-23T23:09:35.594Z
4485,,"Pharaohs Merenre & Pepi II","https://www.youtube.com/watch?v=vGaqSw4mK_Y&pp=0gcJCYQJAYcqIYzv",,,,,,,2025-06-23T23:09:35.600Z,2025-06-23T23:09:35.600Z
4486,,"The First Intermediate Period","https://www.youtube.com/watch?v=I01mN4tn00k",,,,,,,2025-06-23T23:09:35.606Z,2025-06-23T23:09:35.606Z
4487,,"The Early 11th Dynasty","https://www.youtube.com/watch?v=1tyjavesuVk",,,,,,,2025-06-23T23:09:35.612Z,2025-06-23T23:09:35.612Z
4488,,"Pharaoh Mentuhotep II","https://www.youtube.com/watch?v=6NRYzmLfwxE&pp=0gcJCYQJAYcqIYzv",,,,,,,2025-06-23T23:09:35.617Z,2025-06-23T23:09:35.617Z
4489,,"Pharaohs Mentuhotep III & IV","https://www.youtube.com/watch?v=2joAdeTp8no&pp=0gcJCYQJAYcqIYzv",,,,,,,2025-06-23T23:09:35.623Z,2025-06-23T23:09:35.623Z
4490,,"DW | Ancient Egypt - 07 ΓÇô Pharaoh Khufu","https://www.youtube.com/watch?v=0z3IWbx5Owg",,,,,,,2025-06-23T23:09:35.629Z,2025-06-23T23:09:35.629Z
4491,,"Nobody Knows What These Artefacts Are","https://www.youtube.com/watch?v=IOKszK3i3ec",,,,,,,2025-06-23T23:09:35.634Z,2025-06-23T23:09:35.634Z
4492,,"DW | Ancient Egypt - 08 ΓÇô Pharaohs Khafre & Menkaure","https://www.youtube.com/watch?v=nyIvPEtIEpY",,,,,,,2025-06-23T23:09:35.640Z,2025-06-23T23:09:35.640Z
4502,,"Walmu of Wilusa - Historical King of Troy (13th Century BC)","https://www.youtube.com/watch?v=JSOHby59NB0",,,,,,,2025-06-23T23:09:35.645Z,2025-06-23T23:09:35.645Z
4503,,"Papyrus, Parchment & Paper","https://www.youtube.com/watch?v=d-8tOKR9EOI&pp=ygUUaGlzdG9yeSBvZiBwYXJjaG1lbnQ%3D",,,,,,,2025-06-23T23:09:35.656Z,2025-06-23T23:09:35.656Z
4504,,"History of paper and parchment taught by Elena Wyth","https://www.youtube.com/watch?v=4jNOHszAnnk&pp=ygUUaGlzdG9yeSBvZiBwYXJjaG1lbnTSBwkJhAkBhyohjO8%3D",,,,,,,2025-06-23T23:09:35.666Z,2025-06-23T23:09:35.666Z
4505,,"DW | Ancient Egypt - 09 ΓÇô The 5th Dynasty Sun Kings","https://www.youtube.com/watch?v=sh2DaDnSxWs",,,,,,,2025-06-23T23:09:35.671Z,2025-06-23T23:09:35.671Z
4506,,"Wari Culture: The Highland Renaissance","https://www.youtube.com/watch?v=pJVOMxEigQk",,,,,,,2025-06-23T23:09:35.681Z,2025-06-23T23:09:35.681Z
4507,,"Nazca, Moche, Tiwanaku, and Wari Cultures: Civilizations of South America Part 2","https://www.youtube.com/watch?v=eL9QUUFuGiE",,,,,,,2025-06-23T23:09:35.691Z,2025-06-23T23:09:35.691Z
4508,,"The Rise Of The Persian Empire Through The Reign Of Cambyses","https://www.youtube.com/watch?v=UdJwFWZ_Zxw",,,,,,,2025-06-23T23:09:35.696Z,2025-06-23T23:09:35.696Z
4509,,"The Akkadian Empire And The Ur III Dynast","https://www.youtube.com/watch?v=2VvtvUMeTXs",,,,,,,2025-06-23T23:09:35.702Z,2025-06-23T23:09:35.702Z
4510,,"The Old Babylonian Empire Through The Late Bronze Age Collapse","https://www.youtube.com/watch?v=PbX58EWMv2s&pp=0gcJCYQJAYcqIYzv",,,,,,,2025-06-23T23:09:35.707Z,2025-06-23T23:09:35.707Z
4511,,"The History Of The Neo-Assyrian Empire","https://www.youtube.com/watch?v=ZvH1lDipMDU",,,,,,,2025-06-23T23:09:35.714Z,2025-06-23T23:09:35.714Z
4512,,"The Rise and Fall of the Neo-Babylonian Empire: From Nabopolassar to Nabonidus","https://www.youtube.com/watch?v=v-Lld5WXqHM",,,,,,,2025-06-23T23:09:35.719Z,2025-06-23T23:09:35.719Z
4513,,"Egypt Reunited: Egypt's First Intermediate Period and Middle Kingdom","https://www.youtube.com/watch?v=ztYg-nWP1Po&pp=0gcJCYQJAYcqIYzv",,,,,,,2025-06-23T23:09:35.725Z,2025-06-23T23:09:35.725Z
4514,,"Chaos, Consolidate, Cumulate: Egypt's New Kingdom Arises Out Of The 2nd Intermediate","https://www.youtube.com/watch?v=lEZWIAi349M&pp=0gcJCYQJAYcqIYzv",,,,,,,2025-06-23T23:09:35.731Z,2025-06-23T23:09:35.731Z
4515,,"Darius The Great: Ascent, Accomplishments, Athens","https://www.youtube.com/watch?v=UIQ0A7KXO5w",,,,,,,2025-06-23T23:09:35.737Z,2025-06-23T23:09:35.737Z
4516,,"History Of The Persian Empire 486-400 BC","https://www.youtube.com/watch?v=s90OdsUCnD4",,,,,,,2025-06-23T23:09:35.743Z,2025-06-23T23:09:35.743Z
4517,,"Kings of Bronze Age Europe","https://www.youtube.com/watch?v=5fcEHA2ABeo&pp=ygUPdW5ldGljZSBjdWx0dXJl",,,,,,,2025-06-23T23:09:35.749Z,2025-06-23T23:09:35.749Z
4518,,"Mysteries of History","https://www.youtube.com/watch?v=tUXBKWZReKY&pp=ygUPdW5ldGljZSBjdWx0dXJl",,,,,,,2025-06-23T23:09:35.755Z,2025-06-23T23:09:35.755Z
5,,"The Origins of States and Civilizations","https://www.thegreatcoursesplus.com/human-prehistory-and-the-first-civilizations/?lecplay=19",,,,,,,2025-06-23T23:23:38.179Z,2025-06-23T23:23:38.179Z
6,,"Egypt - The Gift of the Nile","https://www.thegreatcoursesplus.com/the-foundations-of-western-civilization/?lecplay=3",,,,,,,2025-06-23T23:23:38.191Z,2025-06-23T23:23:38.191Z
7,,"Exploring the Gift of the Nile","https://www.thegreatcoursesplus.com/the-great-tours-a-guided-tour-of-ancient-egypt/?lecplay=1",,,,,,,2025-06-23T23:23:38.196Z,2025-06-23T23:23:38.196Z
8,,"The Major Museums of Ciaro","https://www.thegreatcoursesplus.com/the-great-tours-a-guided-tour-of-ancient-egypt/?lecplay=2",,,,,,,2025-06-23T23:23:38.200Z,2025-06-23T23:23:38.200Z
9,,"Egypt in the Pyramid Age","https://www.thegreatcoursesplus.com/origins-of-great-ancient-civilizations/?lecplay=5",,,,,,,2025-06-23T23:23:38.224Z,2025-06-23T23:23:38.224Z
10,,"Early Mediterranean Civilizations","https://www.thegreatcoursesplus.com/the-big-history-of-civilizations/?lecplay=11",,,,,,,2025-06-23T23:23:38.228Z,2025-06-23T23:23:38.228Z
11,,"Late Archaic Innovations","https://www.thegreatcoursesplus.com/ancient-civilizations-of-north-america/?lecplay=5",,,,,,,2025-06-23T23:23:38.232Z,2025-06-23T23:23:38.232Z
12,,"MesopotamiaΓÇÖs First Kings and the Military","https://www.thegreatcoursesplus.com/ancient-mesopotamia-life-in-the-cradle-of-civilization/?lecplay=6",,,,,,,2025-06-23T23:23:38.237Z,2025-06-23T23:23:38.237Z
13,,"Early Dynastic Workers and Worshipers","https://www.thegreatcoursesplus.com/ancient-mesopotamia-life-in-the-cradle-of-civilization/?lecplay=7",,,,,,,2025-06-23T23:23:38.241Z,2025-06-23T23:23:38.241Z
14,,"Living in Mesopotamia","https://www.thegreatcoursesplus.com/the-other-side-of-history-daily-life-in-the-ancient-world/?lecplay=3",,,,,,,2025-06-23T23:23:38.245Z,2025-06-23T23:23:38.245Z
15,,"Mesopotamian Kings and Scribes","https://www.thegreatcoursesplus.com/origins-of-great-ancient-civilizations/?lecplay=3",,,,,,,2025-06-23T23:23:38.249Z,2025-06-23T23:23:38.249Z
16,,"07:The Rise of the Old Kingdom","https://www.thegreatcoursesplus.com/history-of-ancient-egypt/?lecplay=07",,,,,,,2025-06-23T23:23:38.253Z,2025-06-23T23:23:38.253Z
17,,"08:Sneferu, the Pyramid Builder","https://www.thegreatcoursesplus.com/history-of-ancient-egypt/?lecplay=08",,,,,,,2025-06-23T23:23:38.256Z,2025-06-23T23:23:38.256Z
18,,"09:The Great Pyramid of Giza","https://www.thegreatcoursesplus.com/history-of-ancient-egypt/?lecplay=09",,,,,,,2025-06-23T23:23:38.260Z,2025-06-23T23:23:38.260Z
19,,"11:The First Intermediate Period","https://www.thegreatcoursesplus.com/history-of-ancient-egypt/?lecplay=11",,,,,,,2025-06-23T23:23:38.268Z,2025-06-23T23:23:38.268Z
20,,"12:The Middle Kingdom-Dynasty XI","https://www.thegreatcoursesplus.com/history-of-ancient-egypt/?lecplay=12",,,,,,,2025-06-23T23:23:38.272Z,2025-06-23T23:23:38.272Z
21,,"13:The Middle Kingdom-Dynasty XII","https://www.thegreatcoursesplus.com/history-of-ancient-egypt/?lecplay=13",,,,,,,2025-06-23T23:23:38.276Z,2025-06-23T23:23:38.276Z
22,,"14:The Second Intermediate Period","https://www.thegreatcoursesplus.com/history-of-ancient-egypt/?lecplay=14",,,,,,,2025-06-23T23:23:38.280Z,2025-06-23T23:23:38.280Z
23,,"15:Joseph in Egypt","https://www.thegreatcoursesplus.com/history-of-ancient-egypt/?lecplay=15",,,,,,,2025-06-23T23:23:38.284Z,2025-06-23T23:23:38.284Z
24,,"16:The Beginning of the New Kingdom-The Fabulous XVIIIth Dynasty","https://www.thegreatcoursesplus.com/history-of-ancient-egypt/?lecplay=16",,,,,,,2025-06-23T23:23:38.287Z,2025-06-23T23:23:38.287Z
138,,"17:Queen Hatshepsut","https://www.thegreatcoursesplus.com/history-of-ancient-egypt/?lecplay=17",,,,,,,2025-06-23T23:23:38.292Z,2025-06-23T23:23:38.292Z
139,,"18:Obelisks","https://www.thegreatcoursesplus.com/history-of-ancient-egypt/?lecplay=18",,,,,,,2025-06-23T23:23:38.296Z,2025-06-23T23:23:38.296Z
140,,"19:Tuthmosis III-King At Last","https://www.thegreatcoursesplus.com/history-of-ancient-egypt/?lecplay=19",,,,,,,2025-06-23T23:23:38.300Z,2025-06-23T23:23:38.300Z
141,,"20:The Fabulous XVIIIth Dynasty Rolls On","https://www.thegreatcoursesplus.com/history-of-ancient-egypt/?lecplay=20",,,,,,,2025-06-23T23:23:38.304Z,2025-06-23T23:23:38.304Z
142,,"21:Akhenaten the Heretic Pharaoh","https://www.thegreatcoursesplus.com/history-of-ancient-egypt/?lecplay=21",,,,,,,2025-06-23T23:23:38.308Z,2025-06-23T23:23:38.308Z
143,,"22:The Discovery of Tutankhamen's Tomb","https://www.thegreatcoursesplus.com/history-of-ancient-egypt/?lecplay=22",,,,,,,2025-06-23T23:23:38.312Z,2025-06-23T23:23:38.312Z
144,,"23:The Murder of Tutankhamen-A Theory","https://www.thegreatcoursesplus.com/history-of-ancient-egypt/?lecplay=23",,,,,,,2025-06-23T23:23:38.316Z,2025-06-23T23:23:38.316Z
145,,"24:Medicine-The Necessary Art","https://www.thegreatcoursesplus.com/history-of-ancient-egypt/?lecplay=24",,,,,,,2025-06-23T23:23:38.320Z,2025-06-23T23:23:38.320Z
146,,"25:The End of Dynasty XVIII","https://www.thegreatcoursesplus.com/history-of-ancient-egypt/?lecplay=25",,,,,,,2025-06-23T23:23:38.325Z,2025-06-23T23:23:38.325Z
147,,"26:Mummification-How We Know What We Know","https://www.thegreatcoursesplus.com/history-of-ancient-egypt/?lecplay=26",,,,,,,2025-06-23T23:23:38.329Z,2025-06-23T23:23:38.329Z
148,,"27:What Mummies Tell Us","https://www.thegreatcoursesplus.com/history-of-ancient-egypt/?lecplay=27",,,,,,,2025-06-23T23:23:38.332Z,2025-06-23T23:23:38.332Z
149,,"28:Making a Modern Mummy","https://www.thegreatcoursesplus.com/history-of-ancient-egypt/?lecplay=28",,,,,,,2025-06-23T23:23:38.336Z,2025-06-23T23:23:38.336Z
150,,"29 min","https://www.thegreatcoursesplus.com/history-of-ancient-egypt/?lecplay=29",,,,,,,2025-06-23T23:23:38.340Z,2025-06-23T23:23:38.340Z
151,,"30:Ramses the Great-The Early Years","https://www.thegreatcoursesplus.com/history-of-ancient-egypt/?lecplay=30",,,,,,,2025-06-23T23:23:38.344Z,2025-06-23T23:23:38.344Z
152,,"31:Ramses the Great-The Later Years","https://www.thegreatcoursesplus.com/history-of-ancient-egypt/?lecplay=31",,,,,,,2025-06-23T23:23:38.348Z,2025-06-23T23:23:38.348Z
153,,"32:The Exodus-Did It Happen?","https://www.thegreatcoursesplus.com/history-of-ancient-egypt/?lecplay=32",,,,,,,2025-06-23T23:23:38.352Z,2025-06-23T23:23:38.352Z
154,,"33:The Decline of Dynasty XIX","https://www.thegreatcoursesplus.com/history-of-ancient-egypt/?lecplay=33",,,,,,,2025-06-23T23:23:38.356Z,2025-06-23T23:23:38.356Z
155,,"34:Dynasty XX-The Decline Continues","https://www.thegreatcoursesplus.com/history-of-ancient-egypt/?lecplay=34",,,,,,,2025-06-23T23:23:38.361Z,2025-06-23T23:23:38.361Z
109,,"35:Ancient Egyptian Magic","https://www.thegreatcoursesplus.com/history-of-ancient-egypt/?lecplay=35",,,,,,,2025-06-23T23:23:38.365Z,2025-06-23T23:23:38.365Z
156,,"36:Dynasty XXI-Egypt Divided","https://www.thegreatcoursesplus.com/history-of-ancient-egypt/?lecplay=36",,,,,,,2025-06-23T23:23:38.372Z,2025-06-23T23:23:38.372Z
110,,"37:Dynasty XXII-Egypt United","https://www.thegreatcoursesplus.com/history-of-ancient-egypt/?lecplay=37",,,,,,,2025-06-23T23:23:38.376Z,2025-06-23T23:23:38.376Z
157,,"38:Dynasty XXV-The Nubians Have Their Day","https://www.thegreatcoursesplus.com/history-of-ancient-egypt/?lecplay=38",,,,,,,2025-06-23T23:23:38.381Z,2025-06-23T23:23:38.381Z
158,,"39:Dynasty XXVI-The Saite Period","https://www.thegreatcoursesplus.com/history-of-ancient-egypt/?lecplay=39",,,,,,,2025-06-23T23:23:38.385Z,2025-06-23T23:23:38.385Z
159,,"40:Dynasty XXVII-The Persians","https://www.thegreatcoursesplus.com/history-of-ancient-egypt/?lecplay=40",,,,,,,2025-06-23T23:23:38.389Z,2025-06-23T23:23:38.389Z
160,,"41:Dynasties XXVIII to XXXI-The Beginning of the End","https://www.thegreatcoursesplus.com/history-of-ancient-egypt/?lecplay=41",,,,,,,2025-06-23T23:23:38.393Z,2025-06-23T23:23:38.393Z
161,,"42:Alexander the Great","https://www.thegreatcoursesplus.com/history-of-ancient-egypt/?lecplay=42",,,,,,,2025-06-23T23:23:38.397Z,2025-06-23T23:23:38.397Z
162,,"43:The First Ptolemies","https://www.thegreatcoursesplus.com/history-of-ancient-egypt/?lecplay=43",,,,,,,2025-06-23T23:23:38.401Z,2025-06-23T23:23:38.401Z
163,,"44:The Middle Ptolemies-The Decline","https://www.thegreatcoursesplus.com/history-of-ancient-egypt/?lecplay=44",,,,,,,2025-06-23T23:23:38.407Z,2025-06-23T23:23:38.407Z
164,,"45:Animal Mummies","https://www.thegreatcoursesplus.com/history-of-ancient-egypt/?lecplay=45",,,,,,,2025-06-23T23:23:38.411Z,2025-06-23T23:23:38.411Z
165,,"46:Cleopatra's Family","https://www.thegreatcoursesplus.com/history-of-ancient-egypt/?lecplay=46",,,,,,,2025-06-23T23:23:38.414Z,2025-06-23T23:23:38.414Z
166,,"47:Cleopatra-The Last Ptolemy","https://www.thegreatcoursesplus.com/history-of-ancient-egypt/?lecplay=47",,,,,,,2025-06-23T23:23:38.419Z,2025-06-23T23:23:38.419Z
167,,"48:The Grand Finale","https://www.thegreatcoursesplus.com/history-of-ancient-egypt/?lecplay=48",,,,,,,2025-06-23T23:23:38.422Z,2025-06-23T23:23:38.422Z
25,,"01:King NarmerΓÇöThe Unification of Egypt","https://www.thegreatcoursesplus.com/great-pharaohs-of-ancient-egypt/?lecplay=01",,,,,,,2025-06-23T23:23:38.426Z,2025-06-23T23:23:38.426Z
26,,"02:SneferuΓÇöThe Pyramid Builder","https://www.thegreatcoursesplus.com/great-pharaohs-of-ancient-egypt/?lecplay=02",,,,,,,2025-06-23T23:23:38.431Z,2025-06-23T23:23:38.431Z
27,,"03:HatshepsutΓÇöFemale Pharaoh","https://www.thegreatcoursesplus.com/great-pharaohs-of-ancient-egypt/?lecplay=03",,,,,,,2025-06-23T23:23:38.436Z,2025-06-23T23:23:38.436Z
28,,"04:AkhenatenΓÇöHeretic Pharaoh","https://www.thegreatcoursesplus.com/great-pharaohs-of-ancient-egypt/?lecplay=04",,,,,,,2025-06-23T23:23:38.440Z,2025-06-23T23:23:38.440Z
29,,"05:TutankhamenΓÇöThe Lost Pharaoh","https://www.thegreatcoursesplus.com/great-pharaohs-of-ancient-egypt/?lecplay=05",,,,,,,2025-06-23T23:23:38.444Z,2025-06-23T23:23:38.444Z
2,,"06:TutankhamenΓÇöA Murder Theory","https://www.thegreatcoursesplus.com/great-pharaohs-of-ancient-egypt/?lecplay=06",,,,,,,2025-06-23T23:23:38.448Z,2025-06-23T23:23:38.448Z
173,,"07:Ramses the GreatΓÇöThe Early Years","https://www.thegreatcoursesplus.com/great-pharaohs-of-ancient-egypt/?lecplay=07",,,,,,,2025-06-23T23:23:38.452Z,2025-06-23T23:23:38.452Z
174,,"08:Ramses the GreatΓÇöThe Twilight Years","https://www.thegreatcoursesplus.com/great-pharaohs-of-ancient-egypt/?lecplay=08",,,,,,,2025-06-23T23:23:38.456Z,2025-06-23T23:23:38.456Z
175,,"09:The Great NubiansΓÇöEgypt Restored","https://www.thegreatcoursesplus.com/great-pharaohs-of-ancient-egypt/?lecplay=09",,,,,,,2025-06-23T23:23:38.460Z,2025-06-23T23:23:38.460Z
176,,"10:Alexander the GreatΓÇöAnatomy of a Legend","https://www.thegreatcoursesplus.com/great-pharaohs-of-ancient-egypt/?lecplay=10",,,,,,,2025-06-23T23:23:38.464Z,2025-06-23T23:23:38.464Z
177,,"11:The First PtolemiesΓÇöGreek Greatness","https://www.thegreatcoursesplus.com/great-pharaohs-of-ancient-egypt/?lecplay=11",,,,,,,2025-06-23T23:23:38.468Z,2025-06-23T23:23:38.468Z
178,,"12:CleopatraΓÇöThe Last Pharaoh","https://www.thegreatcoursesplus.com/great-pharaohs-of-ancient-egypt/?lecplay=12",,,,,,,2025-06-23T23:23:38.472Z,2025-06-23T23:23:38.472Z
30,,"The Real Ancient Egypt (full course)","https://www.thegreatcoursesplus.com/the-real-ancient-egypt",,,,,,,2025-06-23T23:23:38.476Z,2025-06-23T23:23:38.476Z
31,,"Decoding the Secrets of Egyptian Hieroglyphs (full course)","https://www.thegreatcoursesplus.com/decoding-the-secrets-of-egyptian-hieroglyphs",,,,,,,2025-06-23T23:23:38.480Z,2025-06-23T23:23:38.480Z
32,,"04:HammurabiΓÇÖs Babylon","https://www.thegreatcoursesplus.com/origins-of-great-ancient-civilizations/?lecplay=4",,,,,,,2025-06-23T23:23:38.483Z,2025-06-23T23:23:38.483Z
33,,"08:New Peoples of the Bronze Age","https://www.thegreatcoursesplus.com/origins-of-great-ancient-civilizations/?lecplay=8",,,,,,,2025-06-23T23:23:38.487Z,2025-06-23T23:23:38.487Z
34,,"06:The Middle Kingdom","https://www.thegreatcoursesplus.com/origins-of-great-ancient-civilizations/?lecplay=6",,,,,,,2025-06-23T23:23:38.491Z,2025-06-23T23:23:38.491Z
184,,"10:From Hebrews to Jews","https://www.thegreatcoursesplus.com/origins-of-great-ancient-civilizations/?lecplay=10",,,,,,,2025-06-23T23:23:38.495Z,2025-06-23T23:23:38.495Z
35,,"09:The Collapse of the Bronze Age","https://www.thegreatcoursesplus.com/origins-of-great-ancient-civilizations/?lecplay=9",,,,,,,2025-06-23T23:23:38.498Z,2025-06-23T23:23:38.498Z
186,,"11:Imperial Assyria","https://www.thegreatcoursesplus.com/origins-of-great-ancient-civilizations/?lecplay=11",,,,,,,2025-06-23T23:23:38.502Z,2025-06-23T23:23:38.502Z
187,,"12:The Persian Empire","https://www.thegreatcoursesplus.com/origins-of-great-ancient-civilizations/?lecplay=12",,,,,,,2025-06-23T23:23:38.506Z,2025-06-23T23:23:38.506Z
36,,"07:Imperial Egypt","https://www.thegreatcoursesplus.com/origins-of-great-ancient-civilizations/?lecplay=7",,,,,,,2025-06-23T23:23:38.510Z,2025-06-23T23:23:38.510Z
37,,"22:Ancient EgyptΓÇöMiddle and New Kingdoms","https://www.thegreatcoursesplus.com/human-prehistory-and-the-first-civilizations/?lecplay=22",,,,,,,2025-06-23T23:23:38.514Z,2025-06-23T23:23:38.514Z
38,,"24:The Eastern Mediterranean World","https://www.thegreatcoursesplus.com/human-prehistory-and-the-first-civilizations/?lecplay=24",,,,,,,2025-06-23T23:23:38.518Z,2025-06-23T23:23:38.518Z
3,,"25:The Harappan Civilization of South Asia","https://www.thegreatcoursesplus.com/human-prehistory-and-the-first-civilizations/?lecplay=25",,,,,,,2025-06-23T23:23:38.522Z,2025-06-23T23:23:38.522Z
39,,"26:South and Southeast Asia","https://www.thegreatcoursesplus.com/human-prehistory-and-the-first-civilizations/?lecplay=26",,,,,,,2025-06-23T23:23:38.526Z,2025-06-23T23:23:38.526Z
40,,"27:AfricaΓÇöA World of Interconnectedness","https://www.thegreatcoursesplus.com/human-prehistory-and-the-first-civilizations/?lecplay=27",,,,,,,2025-06-23T23:23:38.529Z,2025-06-23T23:23:38.529Z
41,,"28:The Origins of Chinese Civilization","https://www.thegreatcoursesplus.com/human-prehistory-and-the-first-civilizations/?lecplay=28",,,,,,,2025-06-23T23:23:38.533Z,2025-06-23T23:23:38.533Z
42,,"29:ChinaΓÇöZhou to the Han","https://www.thegreatcoursesplus.com/human-prehistory-and-the-first-civilizations/?lecplay=29",,,,,,,2025-06-23T23:23:38.537Z,2025-06-23T23:23:38.537Z
4,,"30:Southeast Asian Civilizations","https://www.thegreatcoursesplus.com/human-prehistory-and-the-first-civilizations/?lecplay=30",,,,,,,2025-06-23T23:23:38.540Z,2025-06-23T23:23:38.540Z
196,,"31:Pueblos and Moundbuilders in North America","https://www.thegreatcoursesplus.com/human-prehistory-and-the-first-civilizations/?lecplay=31",,,,,,,2025-06-23T23:23:38.544Z,2025-06-23T23:23:38.544Z
197,,"32:Ancient Maya Civilization","https://www.thegreatcoursesplus.com/human-prehistory-and-the-first-civilizations/?lecplay=32",,,,,,,2025-06-23T23:23:38.548Z,2025-06-23T23:23:38.548Z
114,,"33:Highland Mesoamerican Civilization","https://www.thegreatcoursesplus.com/human-prehistory-and-the-first-civilizations/?lecplay=33",,,,,,,2025-06-23T23:23:38.552Z,2025-06-23T23:23:38.552Z
198,,"34:The Origins of Andean Civilization","https://www.thegreatcoursesplus.com/human-prehistory-and-the-first-civilizations/?lecplay=34",,,,,,,2025-06-23T23:23:38.556Z,2025-06-23T23:23:38.556Z
199,,"35:The Inka and Their Predecessors","https://www.thegreatcoursesplus.com/human-prehistory-and-the-first-civilizations/?lecplay=35",,,,,,,2025-06-23T23:23:38.560Z,2025-06-23T23:23:38.560Z
200,,"36:Epilogue","https://www.thegreatcoursesplus.com/human-prehistory-and-the-first-civilizations/?lecplay=36",,,,,,,2025-06-23T23:23:38.564Z,2025-06-23T23:23:38.564Z
43,,"12:Mysteries of the Indus Valley","https://www.thegreatcoursesplus.com/the-big-history-of-civilizations/?lecplay=12",,,,,,,2025-06-23T23:23:38.568Z,2025-06-23T23:23:38.568Z
202,,"15:China's Dynasties and Influence","https://www.thegreatcoursesplus.com/the-big-history-of-civilizations/?lecplay=15",,,,,,,2025-06-23T23:23:38.580Z,2025-06-23T23:23:38.580Z
203,,"16:The Importance of the Nomads","https://www.thegreatcoursesplus.com/the-big-history-of-civilizations/?lecplay=16",,,,,,,2025-06-23T23:23:38.585Z,2025-06-23T23:23:38.585Z
204,,"18:Greece in Its Golden Age","https://www.thegreatcoursesplus.com/the-big-history-of-civilizations/?lecplay=18",,,,,,,2025-06-23T23:23:38.592Z,2025-06-23T23:23:38.592Z
205,,"19:Greek Gods, Philosophy, and Science","https://www.thegreatcoursesplus.com/the-big-history-of-civilizations/?lecplay=19",,,,,,,2025-06-23T23:23:38.596Z,2025-06-23T23:23:38.596Z
206,,"20:Alexander's Conquests and Hellenism","https://www.thegreatcoursesplus.com/the-big-history-of-civilizations/?lecplay=20",,,,,,,2025-06-23T23:23:38.600Z,2025-06-23T23:23:38.600Z
207,,"21:Building the Roman Republic","https://www.thegreatcoursesplus.com/the-big-history-of-civilizations/?lecplay=21",,,,,,,2025-06-23T23:23:38.603Z,2025-06-23T23:23:38.603Z
208,,"22:Triumphs and Flaws of Imperial Rome","https://www.thegreatcoursesplus.com/the-big-history-of-civilizations/?lecplay=22",,,,,,,2025-06-23T23:23:38.607Z,2025-06-23T23:23:38.607Z
209,,"23:New Ideas along the Silk Road","https://www.thegreatcoursesplus.com/the-big-history-of-civilizations/?lecplay=23",,,,,,,2025-06-23T23:23:38.610Z,2025-06-23T23:23:38.610Z
210,,"24:Chaos and Consolidation in Eurasia","https://www.thegreatcoursesplus.com/the-big-history-of-civilizations/?lecplay=24",,,,,,,2025-06-23T23:23:38.614Z,2025-06-23T23:23:38.614Z
211,,"25:Islamic Expansion and Rule","https://www.thegreatcoursesplus.com/the-big-history-of-civilizations/?lecplay=25",,,,,,,2025-06-23T23:23:38.618Z,2025-06-23T23:23:38.618Z
212,,"26:Legacy of the Mongols","https://www.thegreatcoursesplus.com/the-big-history-of-civilizations/?lecplay=26",,,,,,,2025-06-23T23:23:38.621Z,2025-06-23T23:23:38.621Z
213,,"27:North American Peoples and Tribes","https://www.thegreatcoursesplus.com/the-big-history-of-civilizations/?lecplay=27",,,,,,,2025-06-23T23:23:38.625Z,2025-06-23T23:23:38.625Z
115,,"28:Agrarian Civilizations of Mesoamerica","https://www.thegreatcoursesplus.com/the-big-history-of-civilizations/?lecplay=28",,,,,,,2025-06-23T23:23:38.629Z,2025-06-23T23:23:38.629Z
214,,"29:Culture and Empire in South America","https://www.thegreatcoursesplus.com/the-big-history-of-civilizations/?lecplay=29",,,,,,,2025-06-23T23:23:38.632Z,2025-06-23T23:23:38.632Z
215,,"30:African Kingdoms and Trade","https://www.thegreatcoursesplus.com/the-big-history-of-civilizations/?lecplay=30",,,,,,,2025-06-23T23:23:38.636Z,2025-06-23T23:23:38.636Z
216,,"31:Lifeways of Australia and the Pacific","https://www.thegreatcoursesplus.com/the-big-history-of-civilizations/?lecplay=31",,,,,,,2025-06-23T23:23:38.641Z,2025-06-23T23:23:38.641Z
217,,"32:The Advent of Global Commerce","https://www.thegreatcoursesplus.com/the-big-history-of-civilizations/?lecplay=32",,,,,,,2025-06-23T23:23:38.645Z,2025-06-23T23:23:38.645Z
218,,"33:The Industrial Revolution and Modernity","https://www.thegreatcoursesplus.com/the-big-history-of-civilizations/?lecplay=33",,,,,,,2025-06-23T23:23:38.648Z,2025-06-23T23:23:38.648Z
219,,"34:The Transformative 20th and 21st Centuries","https://www.thegreatcoursesplus.com/the-big-history-of-civilizations/?lecplay=34",,,,,,,2025-06-23T23:23:38.652Z,2025-06-23T23:23:38.652Z
220,,"35:Civilization, the Biosphere, and Tomorrow","https://www.thegreatcoursesplus.com/the-big-history-of-civilizations/?lecplay=35",,,,,,,2025-06-23T23:23:38.656Z,2025-06-23T23:23:38.656Z
221,,"36:Civilizations of the Distant Future","https://www.thegreatcoursesplus.com/the-big-history-of-civilizations/?lecplay=36",,,,,,,2025-06-23T23:23:38.659Z,2025-06-23T23:23:38.659Z
44,,"08:Lugalzagesi of Umma and Sargon of Akkad","https://www.thegreatcoursesplus.com/ancient-mesopotamia-life-in-the-cradle-of-civilization/?lecplay=8",,,,,,,2025-06-23T23:23:38.663Z,2025-06-23T23:23:38.663Z
45,,"09:Akkadian Empire Arts and Gods","https://www.thegreatcoursesplus.com/ancient-mesopotamia-life-in-the-cradle-of-civilization/?lecplay=9",,,,,,,2025-06-23T23:23:38.667Z,2025-06-23T23:23:38.667Z
46,,"10:The Fall of Akkad and Gudea of Lagash","https://www.thegreatcoursesplus.com/ancient-mesopotamia-life-in-the-cradle-of-civilization/?lecplay=10",,,,,,,2025-06-23T23:23:38.671Z,2025-06-23T23:23:38.671Z
47,,"11:Ur III Households, Accounts, and Ziggurats","https://www.thegreatcoursesplus.com/ancient-mesopotamia-life-in-the-cradle-of-civilization/?lecplay=11",,,,,,,2025-06-23T23:23:38.676Z,2025-06-23T23:23:38.676Z
226,,"12:Migrants and Old Assyrian Merchants","https://www.thegreatcoursesplus.com/ancient-mesopotamia-life-in-the-cradle-of-civilization/?lecplay=12",,,,,,,2025-06-23T23:23:38.681Z,2025-06-23T23:23:38.681Z
227,,"13:Royalty and Palace Intrigue at Mari","https://www.thegreatcoursesplus.com/ancient-mesopotamia-life-in-the-cradle-of-civilization/?lecplay=13",,,,,,,2025-06-23T23:23:38.684Z,2025-06-23T23:23:38.684Z
229,,"14:War and Society in HammurabiΓÇÖs Time","https://www.thegreatcoursesplus.com/ancient-mesopotamia-life-in-the-cradle-of-civilization/?lecplay=14",,,,,,,2025-06-23T23:23:38.688Z,2025-06-23T23:23:38.688Z
230,,"15:Justice in the Old Babylonian Period","https://www.thegreatcoursesplus.com/ancient-mesopotamia-life-in-the-cradle-of-civilization/?lecplay=15",,,,,,,2025-06-23T23:23:38.693Z,2025-06-23T23:23:38.693Z
116,,"16:The Hana Kingdom and Clues to a Dark Age","https://www.thegreatcoursesplus.com/ancient-mesopotamia-life-in-the-cradle-of-civilization/?lecplay=16",,,,,,,2025-06-23T23:23:38.696Z,2025-06-23T23:23:38.696Z
270,,"17:Princess Tadu-Hepa, Diplomacy, and Marriage","https://www.thegreatcoursesplus.com/ancient-mesopotamia-life-in-the-cradle-of-civilization/?lecplay=17",,,,,,,2025-06-23T23:23:38.700Z,2025-06-23T23:23:38.700Z
271,,"18:Land Grants and Royal Favor in Mittani","https://www.thegreatcoursesplus.com/ancient-mesopotamia-life-in-the-cradle-of-civilization/?lecplay=18",,,,,,,2025-06-23T23:23:38.704Z,2025-06-23T23:23:38.704Z
272,,"19:The Late Bronze Age and the End of Peace","https://www.thegreatcoursesplus.com/ancient-mesopotamia-life-in-the-cradle-of-civilization/?lecplay=19",,,,,,,2025-06-23T23:23:38.708Z,2025-06-23T23:23:38.708Z
273,,"20:Assyria Ascending","https://www.thegreatcoursesplus.com/ancient-mesopotamia-life-in-the-cradle-of-civilization/?lecplay=20",,,,,,,2025-06-23T23:23:38.711Z,2025-06-23T23:23:38.711Z
274,,"21:AshurbanipalΓÇÖs Library and Gilgamesh","https://www.thegreatcoursesplus.com/ancient-mesopotamia-life-in-the-cradle-of-civilization/?lecplay=21",,,,,,,2025-06-23T23:23:38.715Z,2025-06-23T23:23:38.715Z
117,,"22:Neo-Assyrian Empire, Warfare, and Collapse","https://www.thegreatcoursesplus.com/ancient-mesopotamia-life-in-the-cradle-of-civilization/?lecplay=22",,,,,,,2025-06-23T23:23:38.719Z,2025-06-23T23:23:38.719Z
275,,"23:Babylon and the New Year's Festival","https://www.thegreatcoursesplus.com/ancient-mesopotamia-life-in-the-cradle-of-civilization/?lecplay=23",,,,,,,2025-06-23T23:23:38.723Z,2025-06-23T23:23:38.723Z
276,,"24:End of the Neo-Babylonian Empire","https://www.thegreatcoursesplus.com/ancient-mesopotamia-life-in-the-cradle-of-civilization/?lecplay=24",,,,,,,2025-06-23T23:23:38.726Z,2025-06-23T23:23:38.726Z
49,,"Being Egyptian","https://www.thegreatcoursesplus.com/the-other-side-of-history-daily-life-in-the-ancient-world/?lecplay=4",,,,,,,2025-06-23T23:23:38.730Z,2025-06-23T23:23:38.730Z
50,,"The Mysterious Mohenjo-Daro","https://www.thegreatcoursesplus.com/cities-of-the-ancient-world/?lecplay=5",,,,,,,2025-06-23T23:23:38.733Z,2025-06-23T23:23:38.733Z
51,,"Indus Valley Civilization","https://www.thegreatcoursesplus.com/a-history-of-india/?lecplay=3",,,,,,,2025-06-23T23:23:38.737Z,2025-06-23T23:23:38.737Z
53,,"10:The End of the Old Kingdom","https://www.thegreatcoursesplus.com/history-of-ancient-egypt/?lecplay=10",,,,,,,2025-06-24T01:05:31.598Z,2025-06-24T01:05:31.598Z
4520,,"Egyptian Literature","https://www.youtube.com/watch?v=m95itjzet54",,,,,,,2025-06-24T01:06:02.604Z,2025-06-24T01:06:02.604Z
4521,,"Ancient Egyptian Pyramid Texts/Spells - An Introduction, and a Reading","https://www.youtube.com/watch?v=8VUYd7CkooY",,,,,,,2025-06-24T01:06:15.895Z,2025-06-24T01:06:15.895Z
4522,,"History of Cats 2: Creatures from Hell | World History | Extra History","https://www.youtube.com/watch?v=3ofDW6vaZ4M",,,,,,,2025-06-24T01:10:44.862Z,2025-06-24T01:10:44.862Z
4493,,"476 AD - A Tour Of Europe // Post-Roman Early Medieval History Documentary","https://www.youtube.com/watch?v=VS8ZWLAGDK8",,,,,,,2025-06-24T01:10:51.374Z,2025-06-24T01:10:51.374Z
4494,,"Ukraine Lost Kursk - Russian Invasion Continues","https://www.youtube.com/watch?v=CO04C0TsuCQ",,,,,,,2025-06-24T01:10:54.988Z,2025-06-24T01:10:54.988Z
4495,,"Rise of the Red Army - Eastern Front Week-by-Week Prelude #2","https://www.youtube.com/watch?v=GqGNRZHW2gg",,,,,,,2025-06-24T01:10:59.602Z,2025-06-24T01:10:59.602Z
4496,,"The First Cat Memes: History of Cats 3 | World History | Extra History","https://www.youtube.com/watch?v=0JV9oyb8Uo4",,,,,,,2025-06-24T01:11:05.893Z,2025-06-24T01:11:05.893Z
4497,,"Why the Border States Stayed (and Fought) in the Union - Rise of Grant","https://www.youtube.com/watch?v=eB21WzUCgWI",,,,,,,2025-06-24T01:11:09.284Z,2025-06-24T01:11:09.284Z
4498,,"Suicide Run to Russia: WW2's Arctic Convoys","https://www.youtube.com/watch?v=_F9fxDWl6GQ",,,,,,,2025-06-24T01:11:12.160Z,2025-06-24T01:11:12.160Z
4499,,"Weimar Secretly Rebuilds the German Army - Eastern Front Week-by-Week Prelude #3","https://www.youtube.com/watch?v=iFEJsXts2dg",,,,,,,2025-06-24T01:11:14.213Z,2025-06-24T01:11:14.213Z
4500,,"Rise of the East India Company - History of Colonialism DOCUMENTARY","https://www.youtube.com/watch?v=_SHhiEISRrE",,,,,,,2025-06-24T01:11:15.887Z,2025-06-24T01:11:15.887Z
54,,"Pyramid Texts","https://www.youtube.com/watch?v=8VUYd7CkooY&t=18s&pp=ygUWZWd5cHRpYW4gcHlyYW1pZCB0ZXh0cw%3D%3D",,,,,,,2025-06-24T01:12:07.828Z,2025-06-24T01:12:07.828Z
4449,,"The First Christian Hospital for the Poor (""Lepers no longer Hated, but Pitied"")","https://www.youtube.com/watch?v=qVZdYUSTs1o",,,,,,,2025-06-24T01:12:25.798Z,2025-06-24T01:12:25.798Z
4450,,"The Bonfire of the Vanities | Italian History | Extra History","https://www.youtube.com/watch?v=eEiKk-us_lA",,,,,,,2025-06-24T01:12:28.592Z,2025-06-24T01:12:28.592Z
4451,,"Colombus's Calculation of the Size of the Atlantic Ocean","https://www.youtube.com/watch?v=qyxNUDffIvo",,,,,,,2025-06-24T01:12:31.217Z,2025-06-24T01:12:31.217Z
4452,,"Columbus first voyage to America (including his encounter with the Taino)","https://www.youtube.com/watch?v=As3wJejYphI",,,,,,,2025-06-24T01:12:33.862Z,2025-06-24T01:12:33.862Z
4453,,"Discovering the ""NEW WORLD."" Columbus VERSUS Amerigo Vespucci.","https://www.youtube.com/watch?v=qOzMFWGCyuY",,,,,,,2025-06-24T01:12:35.595Z,2025-06-24T01:12:35.595Z
4524,,"The Unholy Roman Emperor Frederick II 1: The Pope's Pet | European History | Extra History","https://www.youtube.com/watch?v=IkWE_BNkMLY",,,,,,,2025-06-24T01:12:37.509Z,2025-06-24T01:12:37.509Z
4380,,"The Key to Spain: The (Bloodiest) Siege of the Napoleonic Wars: Badajoz 1812","https://www.youtube.com/watch?v=hSMM7TrEEX4",,,,,,,2025-06-24T01:12:39.698Z,2025-06-24T01:12:39.698Z
4381,,"Origins and Set-up of World War 0 - Spanish Succession DOCUMENTARY","https://www.youtube.com/watch?v=EMt65cnau1M",,,,,,,2025-06-24T01:12:45.115Z,2025-06-24T01:12:45.115Z
4382,,"Indo-Pakistani war of 1947ΓÇô1948 - First Kashmir War DOCUMENTARY","https://www.youtube.com/watch?v=xcBOncz8HTY",,,,,,,2025-06-24T01:12:47.006Z,2025-06-24T01:12:47.006Z
4383,,"Fredericksburg 1862 - American Civil War DOCUMENTARY","https://www.youtube.com/watch?v=2FWziwTQOFA",,,,,,,2025-06-24T01:12:48.316Z,2025-06-24T01:12:48.316Z
4384,,"The War in Ukraine: Breaking Point Approaching? - Russian Invasion","https://www.youtube.com/watch?v=2zLuZQ6TsDQ",,,,,,,2025-06-24T01:12:49.418Z,2025-06-24T01:12:49.418Z
4385,,"Why Was Germany so Fragmented in the Middle Ages - Medieval DOCUMENTARY","https://www.youtube.com/watch?v=EiB8sMHxGqM",,,,,,,2025-06-24T01:13:01.186Z,2025-06-24T01:13:01.186Z
4386,,"Rise of the Habsburgs - Origins of the Dynasty DOCUMENTARY","https://www.youtube.com/watch?v=op4sAomApBE",,,,,,,2025-06-24T01:13:04.514Z,2025-06-24T01:13:04.514Z
4387,,"What happened after the Fall of Constantinople 1453? Ottoman History","https://www.youtube.com/watch?v=vsCdpJiPm6Q",,,,,,,2025-06-24T01:13:08.587Z,2025-06-24T01:13:08.587Z
4388,,"The Pazzi Conspiracy 1: The PopeΓÇÖs Plot | Italian History | Extra History","https://www.youtube.com/watch?v=3a80aHHIqZ0",,,,,,,2025-06-24T01:13:13.232Z,2025-06-24T01:13:13.232Z
4389,,"The Pazzi Conspiracy 2: Blood in the Cathedral | Italian History | Extra History","https://www.youtube.com/watch?v=iZ7ZwxcfMmM",,,,,,,2025-06-24T01:13:14.607Z,2025-06-24T01:13:14.607Z
4390,,"Rise of the Ottoman Empire - From Kosovo to Constantinople DOCUMENTARY","https://www.youtube.com/watch?v=TDLmsiqhgns",,,,,,,2025-06-24T01:13:15.657Z,2025-06-24T01:13:15.657Z
4391,,"How the Teutonic Order Conquered Prussia - Military Orders DOCUMENTARY","https://www.youtube.com/watch?v=HBYC7IGutIo",,,,,,,2025-06-24T01:13:19.094Z,2025-06-24T01:13:19.094Z
4392,,"How Did the Slavs Come to the Balkans? Early States and Roman Response","https://www.youtube.com/watch?v=kh8lcoFSPnM",,,,,,,2025-06-24T01:13:24.395Z,2025-06-24T01:13:24.395Z
4525,,"The Pazzi Conspiracy 3: Street Justice | Italian History | Extra History","https://www.youtube.com/watch?v=EGmv70-WQyo",,,,,,,2025-06-24T01:13:26.393Z,2025-06-24T01:13:26.393Z
4393,,"The Pazzi Conspiracy 4: Well Executed | Italian History | Extra History","https://www.youtube.com/watch?v=-dDwWxU8BiA",,,,,,,2025-06-24T01:13:36.467Z,2025-06-24T01:13:36.467Z
4501,,"Final Years of Augustus: Betrayals, Revolts, and the Last Heirs","https://www.youtube.com/watch?v=QKN6zSZugcE",,,,,,,2025-06-24T01:17:34.705Z,2025-06-24T01:17:34.705Z
4454,,"The FORBIDDEN PYRAMIDS of CHINA","https://www.youtube.com/watch?v=7Ip8IBRkmds",,,,,,,2025-06-24T01:27:21.695Z,2025-06-24T01:27:21.695Z
4455,,"The Greco-Persian Wars - PART III: Eve of the Great Invasion (490-480 BC)","https://www.youtube.com/watch?v=IbCC77X_5Go",,,,,,,2025-06-24T01:32:31.299Z,2025-06-24T01:32:31.299Z
4394,,"Ptolemy's Almagest - the most accurate ancient model of the solar system","https://www.youtube.com/watch?v=abhe43H54lk",,,,,,,2025-06-24T01:33:40.816Z,2025-06-24T01:33:40.816Z
4395,,"ANIMATION - Ptolemy's Geocentric Model of the Solar System Explained","https://www.youtube.com/watch?v=_dLj7bD6lFg",,,,,,,2025-06-24T01:33:44.321Z,2025-06-24T01:33:44.321Z
4396,,"Exploring China's Hanging Buddhist Caves","https://www.youtube.com/watch?v=VpbJ_u5q4j8",,,,,,,2025-06-24T01:36:02.828Z,2025-06-24T01:36:02.828Z
4397,,"One of Ancient History's Biggest Mysteries- Where is the Tomb of Cleopatra & Marc Antony?","https://www.youtube.com/watch?v=5dqgUGMspDk",,,,,,,2025-06-24T01:36:21.299Z,2025-06-24T01:36:21.299Z
4398,,"The Real History Behind Medusa | Greek Mythology","https://www.youtube.com/watch?v=egNJXvg811g",,,,,,,2025-06-24T01:38:35.130Z,2025-06-24T01:38:35.130Z
4399,,"Sogdiana - Silk Road's Forgotten Civilization - Ancient History DOCUMENTARY","https://www.youtube.com/watch?v=hmbuCSx5peU",,,,,,,2025-06-24T01:39:48.326Z,2025-06-24T01:39:48.326Z
4400,,"Exploring the ANCIENT TOMBS of Luoyang","https://www.youtube.com/watch?v=VhHDPx5Q5tY",,,,,,,2025-07-09T02:36:31.141Z,2025-07-09T02:36:31.141Z
4401,,"Augustus Fights in Spain, Thrace, Yemen, Africa - Roman Empire DOCUMENTARY","https://www.youtube.com/watch?v=rk8vNYEasu8",,,,,,,2025-07-09T02:36:45.484Z,2025-07-09T02:36:45.484Z
4402,,"Hideyoshi vs Ieyasu - Sengoku Jidai Documentary","https://www.youtube.com/watch?v=cKmcnH49sUE",,,,,,,2025-07-09T02:36:47.682Z,2025-07-09T02:36:47.682Z
4403,,"Rise of Sulla - Ancient Roman History DOCUMENTARY","https://www.youtube.com/watch?v=VbKMf3I0Vec",,,,,,,2025-07-09T02:36:56.407Z,2025-07-09T02:36:56.407Z
4404,,"The Fall of the Roman Empire","https://www.youtube.com/watch?v=TwJFs0R3oE8",,,,,,,2025-07-09T02:37:09.358Z,2025-07-09T02:37:09.358Z
4405,,"The Rise and Fall of the Roman Republic","https://www.youtube.com/watch?v=3A5H5PaYVC8",,,,,,,2025-07-09T02:37:28.566Z,2025-07-09T02:37:28.566Z
4406,,"Early Alchemy","https://www.youtube.com/watch?v=bPSlnIVHpzo",,,,,,,2025-07-09T02:37:39.472Z,2025-07-09T02:37:39.472Z
4526,,"Aristotle's Metaphysics (Part 1)","https://www.youtube.com/watch?v=SxzjxzujIPY",,,,,,,2025-07-09T02:39:34.391Z,2025-07-09T02:39:34.391Z
4407,,"Aristotle's God (Metaphysics, part 2)","https://www.youtube.com/watch?v=H6O8QNPDVAk",,,,,,,2025-07-09T02:39:43.468Z,2025-07-09T02:39:43.468Z
4408,,"Ptolemy's Geocentric Model of the Solar System Explained","https://www.youtube.com/watch?v=GYZzx98iMx0",,,,,,,2025-07-09T02:39:48.673Z,2025-07-09T02:39:48.673Z
4409,,"Ptolemy's Almagest","https://www.youtube.com/watch?v=sq734diq-6o",,,,,,,2025-07-09T02:39:51.062Z,2025-07-09T02:39:51.062Z
4410,,"The Life of Ibn Sina","https://www.youtube.com/watch?v=7uUmC11Tz5o",,,,,,,2025-07-09T02:39:52.823Z,2025-07-09T02:39:52.823Z
4411,,"John Locke's Essay Concerning Human Understanding","https://www.youtube.com/watch?v=ZV-6XDq9S1A",,,,,,,2025-07-09T02:39:54.827Z,2025-07-09T02:39:54.827Z
4412,,"Saint Augustine's Confessions","https://www.youtube.com/watch?v=eQHyzVvq6o4",,,,,,,2025-07-09T02:39:56.475Z,2025-07-09T02:39:56.475Z
4413,,"Nietzsche and the Death of God","https://www.youtube.com/watch?v=HMAcnEzVMxc",,,,,,,2025-07-09T02:39:57.905Z,2025-07-09T02:39:57.905Z
4414,,"The Life of Saint Francis","https://www.youtube.com/watch?v=hLlOoz_Lbwg",,,,,,,2025-07-09T02:40:00.264Z,2025-07-09T02:40:00.264Z
4527,,"Aristotle & Ptolemy, the FIRST scientists","https://www.youtube.com/watch?v=lVugMqZPB7g",,,,,,,2025-07-09T02:40:10.529Z,2025-07-09T02:40:10.529Z
4528,,"Ibn al-Haytham's, the First Scientist - The Book of Optics","https://www.youtube.com/watch?v=UuCUbtchJNQ",,,,,,,2025-07-09T02:40:12.644Z,2025-07-09T02:40:12.644Z
4347,,"Francis Bacon's Novum Organum (the Scientific Method)","https://www.youtube.com/watch?v=Gtmjouu1aHU",,,,,,,2025-07-09T02:40:14.140Z,2025-07-09T02:40:14.140Z
4348,,"La G├⌐om├⌐trie - Descartes's invention of the Cartesian Coordinate System","https://www.youtube.com/watch?v=DTwzCoiiRAs",,,,,,,2025-07-09T02:40:15.260Z,2025-07-09T02:40:15.260Z
4349,,"History of Alchemy: The Philosophers' Stone","https://www.youtube.com/watch?v=_saaTlpDKe0",,,,,,,2025-07-09T02:40:16.658Z,2025-07-09T02:40:16.658Z
4350,,"Anselm of Canterbury: How the Middle Ages rediscovered Reason","https://www.youtube.com/watch?v=R1IagEKjJic",,,,,,,2025-07-09T02:40:34.211Z,2025-07-09T02:40:34.211Z
4351,,"Pierre Abelard's ""Yes and No."" Finding contradictions in the Bible.","https://www.youtube.com/watch?v=fvr3ewUrnpI",,,,,,,2025-07-09T02:40:36.543Z,2025-07-09T02:40:36.543Z
4352,,"Thomas Aquinas: The return of Reason at University of Paris","https://www.youtube.com/watch?v=BxO4YqpGTQ8",,,,,,,2025-07-09T02:40:38.146Z,2025-07-09T02:40:38.146Z
4353,,"The Mysterious Maya Calendar explained","https://www.youtube.com/watch?v=b7xe_3FGTTw",,,,,,,2025-07-09T02:40:39.490Z,2025-07-09T02:40:39.490Z
4354,,"The Dresden Codex: The BEST Maya Astronomy!","https://www.youtube.com/watch?v=MXD5uyvoSGo",,,,,,,2025-07-09T02:40:42.432Z,2025-07-09T02:40:42.432Z
4355,,"Baudhayana, The Indian Pythagoras","https://www.youtube.com/watch?v=BLCViyuLWBQ",,,,,,,2025-07-09T02:41:20.438Z,2025-07-09T02:41:20.438Z
4356,,"The Life of the Buddha (the ""Buddhacarita"" by Ashvagosha)","https://www.youtube.com/watch?v=alpyz3pVC6g",,,,,,,2025-07-09T02:44:01.994Z,2025-07-09T02:44:01.994Z
4357,,"The Paradoxical Principles from Zen History","https://www.youtube.com/watch?v=aJlTVG06lYs",,,,,,,2025-07-09T02:44:24.999Z,2025-07-09T02:44:24.999Z
4358,,"The Church's Most Famous Forgery: The Donation of Constantine","https://www.youtube.com/watch?v=QV7rtg9ACpQ",,,,,,,2025-07-09T02:44:29.236Z,2025-07-09T02:44:29.236Z
4359,,"Bodhidharma, the Eccentric Founder of Zen","https://www.youtube.com/watch?v=CxWdRcZNFUY",,,,,,,2025-07-09T02:44:30.455Z,2025-07-09T02:44:30.455Z
4529,,"The Medieval Travel Logs of the Viking's Voyage to America","https://www.youtube.com/watch?v=6tlmatFKpRs",,,,,,,2025-07-09T02:44:33.972Z,2025-07-09T02:44:33.972Z
4360,,"Petrarca, the man who coined the ""Middle Ages"" and started the Renaissance.","https://www.youtube.com/watch?v=wu-YV3Bh2VM",,,,,,,2025-07-09T02:44:36.756Z,2025-07-09T02:44:36.756Z
4361,,"The Destruction of China's Han Dynasty","https://www.youtube.com/watch?v=OsTQwnjKSAw",,,,,,,2025-07-09T02:47:34.793Z,2025-07-09T02:47:34.793Z
4362,,"The Organon. Aristotle's groundbreaking discovery of logic.","https://www.youtube.com/watch?v=yB5Zej-vco0",,,,,,,2025-07-09T02:47:47.466Z,2025-07-09T02:47:47.466Z
4363,,"All Slaves are Free on French Soil - The medieval French  Abolition movement","https://www.youtube.com/watch?v=Lxuxsxsjzqs",,,,,,,2025-07-09T02:47:54.311Z,2025-07-09T02:47:54.311Z
4364,,"The Extreme Lives of the FIRST CHIRSTIAN HERMITS","https://www.youtube.com/watch?v=0hRC271BQF0",,,,,,,2025-07-09T02:47:59.755Z,2025-07-09T02:47:59.755Z
4365,,"The Ancient Greek Atheists (""Are there gods above? No, there are not?"")","https://www.youtube.com/watch?v=Iu3grjum0mk",,,,,,,2025-07-09T02:48:20.697Z,2025-07-09T02:48:20.697Z
4366,,"The original gods of Israel (El, Baal, Yahweh, Asherah)","https://www.youtube.com/watch?v=n9q_b9UvfBY&t=7s",,,,,,,2025-07-09T02:49:30.001Z,2025-07-09T02:49:30.001Z
4367,,"The authors of Genesis (J, E, and P wrote contradicting versions of the same story)","https://www.youtube.com/watch?v=f1lqfMyA290",,,,,,,2025-07-09T02:49:41.599Z,2025-07-09T02:49:41.599Z
4368,,"The Bible contains TWO CONTRADICTING VERSIONS of Creation and Noah's Flood!","https://www.youtube.com/watch?v=LuF0tim9FeY",,,,,,,2025-07-09T02:49:55.867Z,2025-07-09T02:49:55.867Z
4530,,"The Astronomical Secrets of the  Maya (including the observatory El Caracol)","https://www.youtube.com/watch?v=KBt3_xHbgRk",,,,,,,2025-07-09T02:49:59.355Z,2025-07-09T02:49:59.355Z
4369,,"The MAYA found the year with an error of only 1 SECOND!","https://www.youtube.com/watch?v=wdGzoiVHYck",,,,,,,2025-07-09T02:50:00.953Z,2025-07-09T02:50:00.953Z
4370,,"The Cursed Ring from Norse Mythology: The V├╢lsung Saga (1200 AD)","https://www.youtube.com/watch?v=TZuApV9KBYs",,,,,,,2025-07-09T02:50:02.913Z,2025-07-09T02:50:02.913Z
4371,,"Legendary Foundation of Athens","https://www.youtube.com/watch?v=ZqpM20vU_30",,,,,,,2025-07-09T02:53:32.658Z,2025-07-09T02:53:32.658Z
4531,,"The Greco-Persian Wars - PART II: The Aegean Campaigns and the Battle of Marathon (492-490 BC)","https://www.youtube.com/watch?v=KtzpUPJkNpE",,,,,,,2025-07-09T02:53:45.924Z,2025-07-09T02:53:45.924Z
4297,,"Greek Sculpture - Ancient History Encyclopedia","https://www.youtube.com/watch?v=eZUD-XPAORQ",,,,,,,2025-07-09T02:55:26.514Z,2025-07-09T02:55:26.514Z
4298,,"The Alexander Mosaic - The Battle of Issus 333 BCE","https://www.youtube.com/watch?v=JUEV5Y6jyJE",,,,,,,2025-07-09T02:56:08.044Z,2025-07-09T02:56:08.044Z
4299,,"Oldest Song from Ancient Greece: The Seikilos Song","https://www.youtube.com/watch?v=d31jgilfzgQ",,,,,,,2025-07-09T02:57:50.786Z,2025-07-09T02:57:50.786Z
4300,,"Romulus and Remus: A History of the Roman Empire in Coins","https://www.youtube.com/watch?v=CZtNAW-rffc",,,,,,,2025-07-09T02:59:10.473Z,2025-07-09T02:59:10.473Z
4301,,"Virtual Rome: an Interview with Dr. Matthew Nicholls","https://www.youtube.com/watch?v=dVBG4axOJDI",,,,,,,2025-07-09T02:59:13.834Z,2025-07-09T02:59:13.834Z
4302,,"Foreign Connections: Egypt and the Outside World before the New Kingdom","https://www.youtube.com/watch?v=X-7SM1D4Ua4",,,,,,,2025-07-09T02:59:28.401Z,2025-07-09T02:59:28.401Z
4303,,"Greek Sculpture: Painted Marble, not White!","https://www.youtube.com/watch?v=qNf-0a6TvSw",,,,,,,2025-07-09T02:59:44.180Z,2025-07-09T02:59:44.180Z
4304,,"Myrmidons: Achilles and the Ant-Men of Antiquity","https://www.youtube.com/watch?v=fw4Wl8h7SQk",,,,,,,2025-07-09T03:01:51.611Z,2025-07-09T03:01:51.611Z
4305,,"Zeus the Biggest Womanizer in Greek Mythology","https://www.youtube.com/watch?v=uayC29RyRKA",,,,,,,2025-07-09T03:02:03.416Z,2025-07-09T03:02:03.416Z
4532,,"The Ocarina - Ancient Wind Instrument Played & Explained","https://www.youtube.com/watch?v=dRtBHzlnzeo",,,,,,,2025-07-09T03:02:11.110Z,2025-07-09T03:02:11.110Z
4306,,"The Seven Wonders of the Ancient World: an Overview","https://www.youtube.com/watch?v=1YWPMZ6pHm8",,,,,,,2025-07-09T03:03:42.548Z,2025-07-09T03:03:42.548Z
4533,,"Archaeology: An Introduction to the World's Greatest Sites - Trailer","https://www.thegreatcoursesplus.com/archaeology-an-introduction-to-the-worlds-greatest-sites/?lecplay=trailer",,"Unknown",,,,,2025-07-10T01:36:09.299Z,2025-07-10T01:36:09.299Z
4534,,"01: The Origins of Modern Archaeology","https://www.thegreatcoursesplus.com/archaeology-an-introduction-to-the-worlds-greatest-sites/?lecplay=01",,"Unknown",,,,,2025-07-10T01:36:09.304Z,2025-07-10T01:36:09.304Z
4535,,"02: Excavating Pompeii and Herculaneum","https://www.thegreatcoursesplus.com/archaeology-an-introduction-to-the-worlds-greatest-sites/?lecplay=02",,"Unknown",,,,,2025-07-10T01:36:09.336Z,2025-07-10T01:36:09.336Z
4537,,"03: Schliemann and His Successors at Troy","https://www.thegreatcoursesplus.com/archaeology-an-introduction-to-the-worlds-greatest-sites/?lecplay=03",,"Unknown",,,,,2025-07-10T01:36:09.341Z,2025-07-10T01:36:09.341Z
4538,,"04: Early Archaeology in Mesopotamia","https://www.thegreatcoursesplus.com/archaeology-an-introduction-to-the-worlds-greatest-sites/?lecplay=04",,"Unknown",,,,,2025-07-10T01:36:09.345Z,2025-07-10T01:36:09.345Z
4539,,"05: How Do Archaeologists Know Where to Dig?","https://www.thegreatcoursesplus.com/archaeology-an-introduction-to-the-worlds-greatest-sites/?lecplay=05",,"Unknown",,,,,2025-07-10T01:36:09.396Z,2025-07-10T01:36:09.396Z
4540,,"06: Prehistoric Archaeology","https://www.thegreatcoursesplus.com/archaeology-an-introduction-to-the-worlds-greatest-sites/?lecplay=06",,"Unknown",,,,,2025-07-10T01:36:09.400Z,2025-07-10T01:36:09.400Z
4541,,"07: Gobekli Tepe, Catalhoyuk, and Jericho","https://www.thegreatcoursesplus.com/archaeology-an-introduction-to-the-worlds-greatest-sites/?lecplay=07",,"Unknown",,,,,2025-07-10T01:36:09.404Z,2025-07-10T01:36:09.404Z
4542,,"08: Pyramids, Mummies, and Hieroglyphics","https://www.thegreatcoursesplus.com/archaeology-an-introduction-to-the-worlds-greatest-sites/?lecplay=08",,"Unknown",,,,,2025-07-10T01:36:09.409Z,2025-07-10T01:36:09.409Z
4543,,"09: King Tut's Tomb","https://www.thegreatcoursesplus.com/archaeology-an-introduction-to-the-worlds-greatest-sites/?lecplay=09",,"Unknown",,,,,2025-07-10T01:36:09.413Z,2025-07-10T01:36:09.413Z
4544,,"10: How Do You Excavate at a Site?","https://www.thegreatcoursesplus.com/archaeology-an-introduction-to-the-worlds-greatest-sites/?lecplay=10",,"Unknown",,,,,2025-07-10T01:36:09.416Z,2025-07-10T01:36:09.416Z
4545,,"11: Discovering Mycenae and Knossos","https://www.thegreatcoursesplus.com/archaeology-an-introduction-to-the-worlds-greatest-sites/?lecplay=11",,"Unknown",,,,,2025-07-10T01:36:09.420Z,2025-07-10T01:36:09.420Z
4546,,"12: Santorini, Akrotiri, and the Atlantis Myth","https://www.thegreatcoursesplus.com/archaeology-an-introduction-to-the-worlds-greatest-sites/?lecplay=12",,"Unknown",,,,,2025-07-10T01:36:09.425Z,2025-07-10T01:36:09.425Z
4547,,"13: The Uluburun Shipwreck","https://www.thegreatcoursesplus.com/archaeology-an-introduction-to-the-worlds-greatest-sites/?lecplay=13",,"Unknown",,,,,2025-07-10T01:36:09.431Z,2025-07-10T01:36:09.431Z
4548,,"14: The Dead Sea Scrolls","https://www.thegreatcoursesplus.com/archaeology-an-introduction-to-the-worlds-greatest-sites/?lecplay=14",,"Unknown",,,,,2025-07-10T01:36:09.437Z,2025-07-10T01:36:09.437Z
4549,,"15: The Myth of Masada?","https://www.thegreatcoursesplus.com/archaeology-an-introduction-to-the-worlds-greatest-sites/?lecplay=15",,"Unknown",,,,,2025-07-10T01:36:09.441Z,2025-07-10T01:36:09.441Z
4550,,"16: Megiddo: Excavating Armageddon","https://www.thegreatcoursesplus.com/archaeology-an-introduction-to-the-worlds-greatest-sites/?lecplay=16",,"Unknown",,,,,2025-07-10T01:36:09.496Z,2025-07-10T01:36:09.496Z
4551,,"17: The Canaanite Palace at Tel Kabri","https://www.thegreatcoursesplus.com/archaeology-an-introduction-to-the-worlds-greatest-sites/?lecplay=17",,"Unknown",,,,,2025-07-10T01:36:09.500Z,2025-07-10T01:36:09.500Z
4552,,"18: Petra, Palmyra, and Ebla","https://www.thegreatcoursesplus.com/archaeology-an-introduction-to-the-worlds-greatest-sites/?lecplay=18",,"Unknown",,,,,2025-07-10T01:36:09.505Z,2025-07-10T01:36:09.505Z
4553,,"19: How Are Artifacts Dated and Preserved?","https://www.thegreatcoursesplus.com/archaeology-an-introduction-to-the-worlds-greatest-sites/?lecplay=19",,"Unknown",,,,,2025-07-10T01:36:09.509Z,2025-07-10T01:36:09.509Z
4554,,"20: The Terra-cotta Army, Sutton Hoo, and Otzi","https://www.thegreatcoursesplus.com/archaeology-an-introduction-to-the-worlds-greatest-sites/?lecplay=20",,"Unknown",,,,,2025-07-10T01:36:09.512Z,2025-07-10T01:36:09.512Z
4555,,"21: Discovering the Maya","https://www.thegreatcoursesplus.com/archaeology-an-introduction-to-the-worlds-greatest-sites/?lecplay=21",,"Unknown",,,,,2025-07-10T01:36:09.516Z,2025-07-10T01:36:09.516Z
4556,,"22: The Nazca Lines, Sipan, and Machu Picchu","https://www.thegreatcoursesplus.com/archaeology-an-introduction-to-the-worlds-greatest-sites/?lecplay=22",,"Unknown",,,,,2025-07-10T01:36:09.520Z,2025-07-10T01:36:09.520Z
4557,,"23: Archaeology in North America","https://www.thegreatcoursesplus.com/archaeology-an-introduction-to-the-worlds-greatest-sites/?lecplay=23",,"Unknown",,,,,2025-07-10T01:36:09.525Z,2025-07-10T01:36:09.525Z
4558,,"24: From the Aztecs to Future Archaeology","https://www.thegreatcoursesplus.com/archaeology-an-introduction-to-the-worlds-greatest-sites/?lecplay=24",,"Unknown",,,,,2025-07-10T01:36:09.528Z,2025-07-10T01:36:09.528Z
4559,,"01: Cities, Civilizations, and Sources","https://www.thegreatcoursesplus.com/history-of-the-ancient-world-a-global-perspective/?lecplay=01",,"Unknown",,,,,2025-07-10T01:36:18.977Z,2025-07-10T01:36:18.977Z
4560,,"02: From Out of the Mesopotamian Mud","https://www.thegreatcoursesplus.com/history-of-the-ancient-world-a-global-perspective/?lecplay=02",,"Unknown",,,,,2025-07-10T01:36:18.981Z,2025-07-10T01:36:18.981Z
4561,,"03: Cultures of the Ancient Near East","https://www.thegreatcoursesplus.com/history-of-the-ancient-world-a-global-perspective/?lecplay=03",,"Unknown",,,,,2025-07-10T01:36:18.986Z,2025-07-10T01:36:18.986Z
4562,,"04: Ancient EgyptΓÇöThe Gift of the Nile","https://www.thegreatcoursesplus.com/history-of-the-ancient-world-a-global-perspective/?lecplay=04",,"Unknown",,,,,2025-07-10T01:36:18.990Z,2025-07-10T01:36:18.990Z
4563,,"06: The Lost Civilization of the Indus Valley","https://www.thegreatcoursesplus.com/history-of-the-ancient-world-a-global-perspective/?lecplay=06",,"Unknown",,,,,2025-07-10T01:36:18.998Z,2025-07-10T01:36:18.998Z
4564,,"09: Homer and Indian Poetry","https://www.thegreatcoursesplus.com/history-of-the-ancient-world-a-global-perspective/?lecplay=09",,"Unknown",,,,,2025-07-10T01:36:19.010Z,2025-07-10T01:36:19.010Z
4565,,"10: Athens and Experiments in Democracy","https://www.thegreatcoursesplus.com/history-of-the-ancient-world-a-global-perspective/?lecplay=10",,"Unknown",,,,,2025-07-10T01:36:19.014Z,2025-07-10T01:36:19.014Z
4566,,"11: Hoplite Warfare and Sparta","https://www.thegreatcoursesplus.com/history-of-the-ancient-world-a-global-perspective/?lecplay=11",,"Unknown",,,,,2025-07-10T01:36:19.018Z,2025-07-10T01:36:19.018Z
4567,,"12: Civilization Dawns in ChinaΓÇöShang and Zhou","https://www.thegreatcoursesplus.com/history-of-the-ancient-world-a-global-perspective/?lecplay=12",,"Unknown",,,,,2025-07-10T01:36:19.022Z,2025-07-10T01:36:19.022Z
4568,,"13: Confucius and the Greek Philosophers","https://www.thegreatcoursesplus.com/history-of-the-ancient-world-a-global-perspective/?lecplay=13",,"Unknown",,,,,2025-07-10T01:36:19.026Z,2025-07-10T01:36:19.026Z
4569,,"14: Mystics, Buddhists, and Zoroastrians","https://www.thegreatcoursesplus.com/history-of-the-ancient-world-a-global-perspective/?lecplay=14",,"Unknown",,,,,2025-07-10T01:36:19.030Z,2025-07-10T01:36:19.030Z
4570,,"15: Persians and Greeks","https://www.thegreatcoursesplus.com/history-of-the-ancient-world-a-global-perspective/?lecplay=15",,"Unknown",,,,,2025-07-10T01:36:19.034Z,2025-07-10T01:36:19.034Z
4571,,"16: Greek Art and Architecture","https://www.thegreatcoursesplus.com/history-of-the-ancient-world-a-global-perspective/?lecplay=16",,"Unknown",,,,,2025-07-10T01:36:19.038Z,2025-07-10T01:36:19.038Z
4574,,"17: Greek Tragedy and the Sophists","https://www.thegreatcoursesplus.com/history-of-the-ancient-world-a-global-perspective/?lecplay=17",,"Unknown",,,,,2025-07-10T01:36:19.095Z,2025-07-10T01:36:19.095Z
4575,,"18: The Peloponnesian War and the Trial of Socrates","https://www.thegreatcoursesplus.com/history-of-the-ancient-world-a-global-perspective/?lecplay=18",,"Unknown",,,,,2025-07-10T01:36:19.099Z,2025-07-10T01:36:19.099Z
4576,,"19: Philip of Macedon-Architect of Empire","https://www.thegreatcoursesplus.com/history-of-the-ancient-world-a-global-perspective/?lecplay=19",,"Unknown",,,,,2025-07-10T01:36:19.103Z,2025-07-10T01:36:19.103Z
4577,,"20: Alexander the Great Goes East","https://www.thegreatcoursesplus.com/history-of-the-ancient-world-a-global-perspective/?lecplay=20",,"Unknown",,,,,2025-07-10T01:36:19.107Z,2025-07-10T01:36:19.107Z
4578,,"21: Unifiers of IndiaΓÇöChandragupta and Asoka","https://www.thegreatcoursesplus.com/history-of-the-ancient-world-a-global-perspective/?lecplay=21",,"Unknown",,,,,2025-07-10T01:36:19.112Z,2025-07-10T01:36:19.112Z
4579,,"22: Shi HuangdiΓÇöFirst Emperor of China","https://www.thegreatcoursesplus.com/history-of-the-ancient-world-a-global-perspective/?lecplay=22",,"Unknown",,,,,2025-07-10T01:36:19.119Z,2025-07-10T01:36:19.119Z
4580,,"23: Earliest Historians of Greece and China","https://www.thegreatcoursesplus.com/history-of-the-ancient-world-a-global-perspective/?lecplay=23",,"Unknown",,,,,2025-07-10T01:36:19.126Z,2025-07-10T01:36:19.126Z
4581,,"24: The Hellenistic World","https://www.thegreatcoursesplus.com/history-of-the-ancient-world-a-global-perspective/?lecplay=24",,"Unknown",,,,,2025-07-10T01:36:19.132Z,2025-07-10T01:36:19.132Z
4582,,"25: The Great Empire of the Han Dynasty","https://www.thegreatcoursesplus.com/history-of-the-ancient-world-a-global-perspective/?lecplay=25",,"Unknown",,,,,2025-07-10T01:36:19.136Z,2025-07-10T01:36:19.136Z
4583,,"26: People of the TogaΓÇöEtruscans, Early Rome","https://www.thegreatcoursesplus.com/history-of-the-ancient-world-a-global-perspective/?lecplay=26",,"Unknown",,,,,2025-07-10T01:36:19.142Z,2025-07-10T01:36:19.142Z
4584,,"27: The Crucible-Punic Wars, Roman Imperialism","https://www.thegreatcoursesplus.com/history-of-the-ancient-world-a-global-perspective/?lecplay=27",,"Unknown",,,,,2025-07-10T01:36:19.146Z,2025-07-10T01:36:19.146Z
4585,,"28: The Death of the Roman Republic","https://www.thegreatcoursesplus.com/history-of-the-ancient-world-a-global-perspective/?lecplay=28",,"Unknown",,,,,2025-07-10T01:36:19.197Z,2025-07-10T01:36:19.197Z
4586,,"29: Augustus-Creator of the Roman Empire","https://www.thegreatcoursesplus.com/history-of-the-ancient-world-a-global-perspective/?lecplay=29",,"Unknown",,,,,2025-07-10T01:36:19.202Z,2025-07-10T01:36:19.202Z
4587,,"30: Roman Emperors-Good, Bad, and Crazy","https://www.thegreatcoursesplus.com/history-of-the-ancient-world-a-global-perspective/?lecplay=30",,"Unknown",,,,,2025-07-10T01:36:19.206Z,2025-07-10T01:36:19.206Z
4588,,"31: Han and Roman Empires Compared-Geography","https://www.thegreatcoursesplus.com/history-of-the-ancient-world-a-global-perspective/?lecplay=31",,"Unknown",,,,,2025-07-10T01:36:19.211Z,2025-07-10T01:36:19.211Z
4589,,"32: Han and Roman Empires Compared-Government","https://www.thegreatcoursesplus.com/history-of-the-ancient-world-a-global-perspective/?lecplay=32",,"Unknown",,,,,2025-07-10T01:36:19.216Z,2025-07-10T01:36:19.216Z
4590,,"33: Han and Roman Empires Compared-Problems","https://www.thegreatcoursesplus.com/history-of-the-ancient-world-a-global-perspective/?lecplay=33",,"Unknown",,,,,2025-07-10T01:36:19.220Z,2025-07-10T01:36:19.220Z
4591,,"34: Early Americas-Resources and Olmecs","https://www.thegreatcoursesplus.com/history-of-the-ancient-world-a-global-perspective/?lecplay=34",,"Unknown",,,,,2025-07-10T01:36:19.227Z,2025-07-10T01:36:19.227Z
4592,,"35: Pots and Pyramids-Moche and Teotihuacan","https://www.thegreatcoursesplus.com/history-of-the-ancient-world-a-global-perspective/?lecplay=35",,"Unknown",,,,,2025-07-10T01:36:19.232Z,2025-07-10T01:36:19.232Z
4593,,"36: Blood and Corn-Mayan Civilization","https://www.thegreatcoursesplus.com/history-of-the-ancient-world-a-global-perspective/?lecplay=36",,"Unknown",,,,,2025-07-10T01:36:19.237Z,2025-07-10T01:36:19.237Z
4594,,"37: Hunter-Gatherers and Polynesians","https://www.thegreatcoursesplus.com/history-of-the-ancient-world-a-global-perspective/?lecplay=37",,"Unknown",,,,,2025-07-10T01:36:19.294Z,2025-07-10T01:36:19.294Z
4600,,"01: Between the Greeks and Romans","https://www.thegreatcoursesplus.com/the-mysterious-etruscans/?lecplay=01",,"Unknown",,,,,2025-07-10T01:36:25.684Z,2025-07-10T01:36:25.684Z
4601,,"02: Lost Cities of Tuscany","https://www.thegreatcoursesplus.com/the-mysterious-etruscans/?lecplay=02",,"Unknown",,,,,2025-07-10T01:36:25.711Z,2025-07-10T01:36:25.711Z
4602,,"03: Who Founded Rome?","https://www.thegreatcoursesplus.com/the-mysterious-etruscans/?lecplay=03",,"Unknown",,,,,2025-07-10T01:36:25.728Z,2025-07-10T01:36:25.728Z
4603,,"04: Etruscan Cities of the Dead","https://www.thegreatcoursesplus.com/the-mysterious-etruscans/?lecplay=04",,"Unknown",,,,,2025-07-10T01:36:25.749Z,2025-07-10T01:36:25.749Z
4604,,"05: Etruscan Burial and Mourning","https://www.thegreatcoursesplus.com/the-mysterious-etruscans/?lecplay=05",,"Unknown",,,,,2025-07-10T01:36:25.773Z,2025-07-10T01:36:25.773Z
4605,,"06: Etruscan Afterlife","https://www.thegreatcoursesplus.com/the-mysterious-etruscans/?lecplay=06",,"Unknown",,,,,2025-07-10T01:36:25.786Z,2025-07-10T01:36:25.786Z
4606,,"07: Etruscan Gods and Goddesses","https://www.thegreatcoursesplus.com/the-mysterious-etruscans/?lecplay=07",,"Unknown",,,,,2025-07-10T01:36:25.804Z,2025-07-10T01:36:25.804Z
4607,,"08: Divination: The Will of the Gods","https://www.thegreatcoursesplus.com/the-mysterious-etruscans/?lecplay=08",,"Unknown",,,,,2025-07-10T01:36:25.810Z,2025-07-10T01:36:25.810Z
4608,,"09: Sanctuaries and Sacred Places","https://www.thegreatcoursesplus.com/the-mysterious-etruscans/?lecplay=09",,"Unknown",,,,,2025-07-10T01:36:25.824Z,2025-07-10T01:36:25.824Z
4609,,"10: Etruscan Myths, Legends, and Heroes","https://www.thegreatcoursesplus.com/the-mysterious-etruscans/?lecplay=10",,"Unknown",,,,,2025-07-10T01:36:25.830Z,2025-07-10T01:36:25.830Z
4613,,"11: Greek Myth: Etruscan Tombs and Temples","https://www.thegreatcoursesplus.com/the-mysterious-etruscans/?lecplay=11",,"Unknown",,,,,2025-07-10T01:36:25.835Z,2025-07-10T01:36:25.835Z
4614,,"12: Greek Myth: Etruscan Homes","https://www.thegreatcoursesplus.com/the-mysterious-etruscans/?lecplay=12",,"Unknown",,,,,2025-07-10T01:36:25.841Z,2025-07-10T01:36:25.841Z
4615,,"13: Etruscan Language and Literature","https://www.thegreatcoursesplus.com/the-mysterious-etruscans/?lecplay=13",,"Unknown",,,,,2025-07-10T01:36:25.847Z,2025-07-10T01:36:25.847Z
4616,,"14: Etruscan Government","https://www.thegreatcoursesplus.com/the-mysterious-etruscans/?lecplay=14",,"Unknown",,,,,2025-07-10T01:36:25.853Z,2025-07-10T01:36:25.853Z
4617,,"15: Etruscan Warriors and Warfare","https://www.thegreatcoursesplus.com/the-mysterious-etruscans/?lecplay=15",,"Unknown",,,,,2025-07-10T01:36:25.860Z,2025-07-10T01:36:25.860Z
4618,,"16: Mediterranean Artisans and Merchants","https://www.thegreatcoursesplus.com/the-mysterious-etruscans/?lecplay=16",,"Unknown",,,,,2025-07-10T01:36:25.864Z,2025-07-10T01:36:25.864Z
4619,,"17: Bronze, Terra-Cotta, and Portraiture","https://www.thegreatcoursesplus.com/the-mysterious-etruscans/?lecplay=17",,"Unknown",,,,,2025-07-10T01:36:25.873Z,2025-07-10T01:36:25.873Z
4620,,"18: Etruscan Sports and Spectacles","https://www.thegreatcoursesplus.com/the-mysterious-etruscans/?lecplay=18",,"Unknown",,,,,2025-07-10T01:36:25.911Z,2025-07-10T01:36:25.911Z
4621,,"19: The Etruscan Banquet","https://www.thegreatcoursesplus.com/the-mysterious-etruscans/?lecplay=19",,"Unknown",,,,,2025-07-10T01:36:25.920Z,2025-07-10T01:36:25.920Z
4622,,"20: Etruscan Women","https://www.thegreatcoursesplus.com/the-mysterious-etruscans/?lecplay=20",,"Unknown",,,,,2025-07-10T01:36:25.932Z,2025-07-10T01:36:25.932Z
4623,,"21: Etruscan Families","https://www.thegreatcoursesplus.com/the-mysterious-etruscans/?lecplay=21",,"Unknown",,,,,2025-07-10T01:36:25.952Z,2025-07-10T01:36:25.952Z
4624,,"22: The Etruscan World Falls Apart","https://www.thegreatcoursesplus.com/the-mysterious-etruscans/?lecplay=22",,"Unknown",,,,,2025-07-10T01:36:25.970Z,2025-07-10T01:36:25.970Z
4625,,"23: Etruscan Legacy in the Roman World","https://www.thegreatcoursesplus.com/the-mysterious-etruscans/?lecplay=23",,"Unknown",,,,,2025-07-10T01:36:25.984Z,2025-07-10T01:36:25.984Z
4626,,"24: Where Have the Etruscans Gone?","https://www.thegreatcoursesplus.com/the-mysterious-etruscans/?lecplay=24",,"Unknown",,,,,2025-07-10T01:36:25.993Z,2025-07-10T01:36:25.993Z
57,,"17:Oxus Civilization and Powerful Persia","https://www.thegreatcoursesplus.com/the-big-history-of-civilizations/?lecplay=17",,,,,,,2025-07-10T01:38:45.871Z,2025-07-10T01:38:45.871Z
4628,,"01: Ramesses II: Heartbeat of History","https://www.thegreatcoursesplus.com/living-history-experiencing-great-events-of-the-ancient-and-medieval-worlds/?lecplay=01",,"Unknown",,,,,2025-07-10T01:40:04.875Z,2025-07-10T01:40:04.875Z
4629,,"02: Marathon: The Persians Have Landed!","https://www.thegreatcoursesplus.com/living-history-experiencing-great-events-of-the-ancient-and-medieval-worlds/?lecplay=02",,"Unknown",,,,,2025-07-10T01:40:04.879Z,2025-07-10T01:40:04.879Z
4630,,"03: Oresteia: Judgment at the Dionysia","https://www.thegreatcoursesplus.com/living-history-experiencing-great-events-of-the-ancient-and-medieval-worlds/?lecplay=03",,"Unknown",,,,,2025-07-10T01:40:04.883Z,2025-07-10T01:40:04.883Z
4631,,"04: Attack on Attica: Pericles's Gamble","https://www.thegreatcoursesplus.com/living-history-experiencing-great-events-of-the-ancient-and-medieval-worlds/?lecplay=04",,"Unknown",,,,,2025-07-10T01:40:04.889Z,2025-07-10T01:40:04.889Z
4632,,"05: Socrates on Trial: For the Defense","https://www.thegreatcoursesplus.com/living-history-experiencing-great-events-of-the-ancient-and-medieval-worlds/?lecplay=05",,"Unknown",,,,,2025-07-10T01:40:04.894Z,2025-07-10T01:40:04.894Z
4633,,"06: Conspiracy! Murder of Philip II","https://www.thegreatcoursesplus.com/living-history-experiencing-great-events-of-the-ancient-and-medieval-worlds/?lecplay=06",,"Unknown",,,,,2025-07-10T01:40:04.898Z,2025-07-10T01:40:04.898Z
4634,,"07: Alexander the Great: Punjab Revolt","https://www.thegreatcoursesplus.com/living-history-experiencing-great-events-of-the-ancient-and-medieval-worlds/?lecplay=07",,"Unknown",,,,,2025-07-10T01:40:04.903Z,2025-07-10T01:40:04.903Z
4635,,"10: Hannibal: Rome Holds Its Breath","https://www.thegreatcoursesplus.com/living-history-experiencing-great-events-of-the-ancient-and-medieval-worlds/?lecplay=10",,"Unknown",,,,,2025-07-10T01:40:04.936Z,2025-07-10T01:40:04.936Z
4648,,"01: Why Egypt Needed Hieroglyphs","https://www.thegreatcoursesplus.com/decoding-the-secrets-of-egyptian-hieroglyphs/?lecplay=01",,"Unknown",,,,,2025-07-10T01:40:18.089Z,2025-07-10T01:40:18.089Z
4649,,"02: The Ancient Egyptian Alphabet","https://www.thegreatcoursesplus.com/decoding-the-secrets-of-egyptian-hieroglyphs/?lecplay=02",,"Unknown",,,,,2025-07-10T01:40:18.099Z,2025-07-10T01:40:18.099Z
4650,,"03: How a Language Becomes Lost","https://www.thegreatcoursesplus.com/decoding-the-secrets-of-egyptian-hieroglyphs/?lecplay=03",,"Unknown",,,,,2025-07-10T01:40:18.105Z,2025-07-10T01:40:18.105Z
4651,,"04: Napoleon in Egypt","https://www.thegreatcoursesplus.com/decoding-the-secrets-of-egyptian-hieroglyphs/?lecplay=04",,"Unknown",,,,,2025-07-10T01:40:18.113Z,2025-07-10T01:40:18.113Z
4652,,"05: Early Attempts to Decipher the Rosetta Stone","https://www.thegreatcoursesplus.com/decoding-the-secrets-of-egyptian-hieroglyphs/?lecplay=05",,"Unknown",,,,,2025-07-10T01:40:18.124Z,2025-07-10T01:40:18.124Z
4653,,"06: William Bankes and the Keys to Decipherment","https://www.thegreatcoursesplus.com/decoding-the-secrets-of-egyptian-hieroglyphs/?lecplay=06",,"Unknown",,,,,2025-07-10T01:40:18.133Z,2025-07-10T01:40:18.133Z
4654,,"07: Jean-Fran├ºois Champollion Cracks the Code","https://www.thegreatcoursesplus.com/decoding-the-secrets-of-egyptian-hieroglyphs/?lecplay=07",,"Unknown",,,,,2025-07-10T01:40:18.148Z,2025-07-10T01:40:18.148Z
4655,,"08: Suffix Pronouns and the Hieroglyphs of Ptah","https://www.thegreatcoursesplus.com/decoding-the-secrets-of-egyptian-hieroglyphs/?lecplay=08",,"Unknown",,,,,2025-07-10T01:40:18.158Z,2025-07-10T01:40:18.158Z
4656,,"09: The Immortal Scribe","https://www.thegreatcoursesplus.com/decoding-the-secrets-of-egyptian-hieroglyphs/?lecplay=09",,"Unknown",,,,,2025-07-10T01:40:18.166Z,2025-07-10T01:40:18.166Z
4657,,"10: Hieroglyphs and the Bible","https://www.thegreatcoursesplus.com/decoding-the-secrets-of-egyptian-hieroglyphs/?lecplay=10",,"Unknown",,,,,2025-07-10T01:40:18.195Z,2025-07-10T01:40:18.195Z
4658,,"11: Dependent Pronouns and the Passive Voice","https://www.thegreatcoursesplus.com/decoding-the-secrets-of-egyptian-hieroglyphs/?lecplay=11",,"Unknown",,,,,2025-07-10T01:40:18.201Z,2025-07-10T01:40:18.201Z
4638,,"12: Past Tense and Adjectives","https://www.thegreatcoursesplus.com/decoding-the-secrets-of-egyptian-hieroglyphs/?lecplay=12",,"Unknown",,,,,2025-07-10T01:40:18.207Z,2025-07-10T01:40:18.207Z
4660,,"13: New Ideograms Related to the Gods","https://www.thegreatcoursesplus.com/decoding-the-secrets-of-egyptian-hieroglyphs/?lecplay=13",,"Unknown",,,,,2025-07-10T01:40:18.212Z,2025-07-10T01:40:18.212Z
4661,,"14: Names of the Pharaohs","https://www.thegreatcoursesplus.com/decoding-the-secrets-of-egyptian-hieroglyphs/?lecplay=14",,"Unknown",,,,,2025-07-10T01:40:18.218Z,2025-07-10T01:40:18.218Z
4662,,"15: Ancient Egyptian Numbers","https://www.thegreatcoursesplus.com/decoding-the-secrets-of-egyptian-hieroglyphs/?lecplay=15",,"Unknown",,,,,2025-07-10T01:40:18.222Z,2025-07-10T01:40:18.222Z
4663,,"16: The Egyptian Calendar","https://www.thegreatcoursesplus.com/decoding-the-secrets-of-egyptian-hieroglyphs/?lecplay=16",,"Unknown",,,,,2025-07-10T01:40:18.227Z,2025-07-10T01:40:18.227Z
4664,,"17: Names of the Gods","https://www.thegreatcoursesplus.com/decoding-the-secrets-of-egyptian-hieroglyphs/?lecplay=17",,"Unknown",,,,,2025-07-10T01:40:18.232Z,2025-07-10T01:40:18.232Z
4665,,"18: Negation in Ancient Egyptian Sentences","https://www.thegreatcoursesplus.com/decoding-the-secrets-of-egyptian-hieroglyphs/?lecplay=18",,"Unknown",,,,,2025-07-10T01:40:18.298Z,2025-07-10T01:40:18.298Z
4666,,"19: Reading Hieroglyphic Jewelry","https://www.thegreatcoursesplus.com/decoding-the-secrets-of-egyptian-hieroglyphs/?lecplay=19",,"Unknown",,,,,2025-07-10T01:40:18.303Z,2025-07-10T01:40:18.303Z
4667,,"20: Palimpsests: When Scribes Make Mistakes","https://www.thegreatcoursesplus.com/decoding-the-secrets-of-egyptian-hieroglyphs/?lecplay=20",,"Unknown",,,,,2025-07-10T01:40:18.308Z,2025-07-10T01:40:18.308Z
4668,,"21: An Ancient Egyptian Prayer for the Dead","https://www.thegreatcoursesplus.com/decoding-the-secrets-of-egyptian-hieroglyphs/?lecplay=21",,"Unknown",,,,,2025-07-10T01:40:18.313Z,2025-07-10T01:40:18.313Z
4669,,"22: Translating the Tomb of Perneb","https://www.thegreatcoursesplus.com/decoding-the-secrets-of-egyptian-hieroglyphs/?lecplay=22",,"Unknown",,,,,2025-07-10T01:40:18.318Z,2025-07-10T01:40:18.318Z
4670,,"23: Translating Tutankhamen's Tomb","https://www.thegreatcoursesplus.com/decoding-the-secrets-of-egyptian-hieroglyphs/?lecplay=23",,"Unknown",,,,,2025-07-10T01:40:18.323Z,2025-07-10T01:40:18.323Z
4671,,"24: King Tut's Magic Mirror and Sarcophagus","https://www.thegreatcoursesplus.com/decoding-the-secrets-of-egyptian-hieroglyphs/?lecplay=24",,"Unknown",,,,,2025-07-10T01:40:18.327Z,2025-07-10T01:40:18.327Z
4672,,"01: Earliest History of the Indian Subcontinent","https://www.thegreatcoursesplus.com/a-history-of-india/?lecplay=01",,"Unknown",,,,,2025-07-10T01:40:26.364Z,2025-07-10T01:40:26.364Z
4673,,"02: Migration and the Adivasi","https://www.thegreatcoursesplus.com/a-history-of-india/?lecplay=02",,"Unknown",,,,,2025-07-10T01:40:26.370Z,2025-07-10T01:40:26.370Z
4674,,"03: Indus Valley Civilization","https://www.thegreatcoursesplus.com/a-history-of-india/?lecplay=03",,"Unknown",,,,,2025-07-10T01:40:26.376Z,2025-07-10T01:40:26.376Z
4706,,"01: What Is Big History?","https://www.thegreatcoursesplus.com/big-history-the-big-bang-life-on-earth-and-the-rise-of-humanity/?lecplay=01",,"Unknown",,,,,2025-07-10T01:40:44.276Z,2025-07-10T01:40:44.276Z
4707,,"02: Moving across Multiple Scales","https://www.thegreatcoursesplus.com/big-history-the-big-bang-life-on-earth-and-the-rise-of-humanity/?lecplay=02",,"Unknown",,,,,2025-07-10T01:40:44.281Z,2025-07-10T01:40:44.281Z
4708,,"03: Simplicity and Complexity","https://www.thegreatcoursesplus.com/big-history-the-big-bang-life-on-earth-and-the-rise-of-humanity/?lecplay=03",,"Unknown",,,,,2025-07-10T01:40:44.285Z,2025-07-10T01:40:44.285Z
4709,,"04: Evidence and the Nature of Science","https://www.thegreatcoursesplus.com/big-history-the-big-bang-life-on-earth-and-the-rise-of-humanity/?lecplay=04",,"Unknown",,,,,2025-07-10T01:40:44.290Z,2025-07-10T01:40:44.290Z
4710,,"05: Threshold 1: Origins of Big Bang Cosmology","https://www.thegreatcoursesplus.com/big-history-the-big-bang-life-on-earth-and-the-rise-of-humanity/?lecplay=05",,"Unknown",,,,,2025-07-10T01:40:44.294Z,2025-07-10T01:40:44.294Z
4711,,"06: How Did Everything Begin?","https://www.thegreatcoursesplus.com/big-history-the-big-bang-life-on-earth-and-the-rise-of-humanity/?lecplay=06",,"Unknown",,,,,2025-07-10T01:40:44.299Z,2025-07-10T01:40:44.299Z
4712,,"07: Threshold 2: The First Stars and Galaxies","https://www.thegreatcoursesplus.com/big-history-the-big-bang-life-on-earth-and-the-rise-of-humanity/?lecplay=07",,"Unknown",,,,,2025-07-10T01:40:44.304Z,2025-07-10T01:40:44.304Z
4713,,"08: Threshold 3: Making Chemical Elements","https://www.thegreatcoursesplus.com/big-history-the-big-bang-life-on-earth-and-the-rise-of-humanity/?lecplay=08",,"Unknown",,,,,2025-07-10T01:40:44.308Z,2025-07-10T01:40:44.308Z
4722,,"09: Threshold 4: The Earth and the Solar System","https://www.thegreatcoursesplus.com/big-history-the-big-bang-life-on-earth-and-the-rise-of-humanity/?lecplay=09",,"Unknown",,,,,2025-07-10T01:40:44.349Z,2025-07-10T01:40:44.349Z
4723,,"10: The Early Earth: A Short History","https://www.thegreatcoursesplus.com/big-history-the-big-bang-life-on-earth-and-the-rise-of-humanity/?lecplay=10",,"Unknown",,,,,2025-07-10T01:40:44.355Z,2025-07-10T01:40:44.355Z
4724,,"11: Plate Tectonics and the EarthΓÇÖs Geography","https://www.thegreatcoursesplus.com/big-history-the-big-bang-life-on-earth-and-the-rise-of-humanity/?lecplay=11",,"Unknown",,,,,2025-07-10T01:40:44.359Z,2025-07-10T01:40:44.359Z
4725,,"12: Threshold 5: Life","https://www.thegreatcoursesplus.com/big-history-the-big-bang-life-on-earth-and-the-rise-of-humanity/?lecplay=12",,"Unknown",,,,,2025-07-10T01:40:44.364Z,2025-07-10T01:40:44.364Z
4726,,"13: Darwin and Natural Selection","https://www.thegreatcoursesplus.com/big-history-the-big-bang-life-on-earth-and-the-rise-of-humanity/?lecplay=13",,"Unknown",,,,,2025-07-10T01:40:44.397Z,2025-07-10T01:40:44.397Z
4727,,"14: The Evidence for Natural Selection","https://www.thegreatcoursesplus.com/big-history-the-big-bang-life-on-earth-and-the-rise-of-humanity/?lecplay=14",,"Unknown",,,,,2025-07-10T01:40:44.405Z,2025-07-10T01:40:44.405Z
4728,,"15: The Origins of Life","https://www.thegreatcoursesplus.com/big-history-the-big-bang-life-on-earth-and-the-rise-of-humanity/?lecplay=15",,"Unknown",,,,,2025-07-10T01:40:44.411Z,2025-07-10T01:40:44.411Z
4729,,"16: Life on Earth: Single-Celled Organisms","https://www.thegreatcoursesplus.com/big-history-the-big-bang-life-on-earth-and-the-rise-of-humanity/?lecplay=16",,"Unknown",,,,,2025-07-10T01:40:44.417Z,2025-07-10T01:40:44.417Z
4730,,"17: Life on Earth: Multi-Celled Organisms","https://www.thegreatcoursesplus.com/big-history-the-big-bang-life-on-earth-and-the-rise-of-humanity/?lecplay=17",,"Unknown",,,,,2025-07-10T01:40:44.423Z,2025-07-10T01:40:44.423Z
4731,,"18: Hominines","https://www.thegreatcoursesplus.com/big-history-the-big-bang-life-on-earth-and-the-rise-of-humanity/?lecplay=18",,"Unknown",,,,,2025-07-10T01:40:44.432Z,2025-07-10T01:40:44.432Z
4732,,"19: Evidence on Hominine Evolution","https://www.thegreatcoursesplus.com/big-history-the-big-bang-life-on-earth-and-the-rise-of-humanity/?lecplay=19",,"Unknown",,,,,2025-07-10T01:40:44.436Z,2025-07-10T01:40:44.436Z
4733,,"20: Threshold 6: What Makes Humans Different?","https://www.thegreatcoursesplus.com/big-history-the-big-bang-life-on-earth-and-the-rise-of-humanity/?lecplay=20",,"Unknown",,,,,2025-07-10T01:40:44.441Z,2025-07-10T01:40:44.441Z
4734,,"21: Homo sapiens: The First Humans","https://www.thegreatcoursesplus.com/big-history-the-big-bang-life-on-earth-and-the-rise-of-humanity/?lecplay=21",,"Unknown",,,,,2025-07-10T01:40:44.494Z,2025-07-10T01:40:44.494Z
4735,,"22: Paleolithic Lifeways","https://www.thegreatcoursesplus.com/big-history-the-big-bang-life-on-earth-and-the-rise-of-humanity/?lecplay=22",,"Unknown",,,,,2025-07-10T01:40:44.499Z,2025-07-10T01:40:44.499Z
4737,,"23: Change in the Paleolithic Era","https://www.thegreatcoursesplus.com/big-history-the-big-bang-life-on-earth-and-the-rise-of-humanity/?lecplay=23",,"Unknown",,,,,2025-07-10T01:40:44.503Z,2025-07-10T01:40:44.503Z
4738,,"24: Threshold 7: Agriculture","https://www.thegreatcoursesplus.com/big-history-the-big-bang-life-on-earth-and-the-rise-of-humanity/?lecplay=24",,"Unknown",,,,,2025-07-10T01:40:44.507Z,2025-07-10T01:40:44.507Z
4739,,"25: The Origins of Agriculture","https://www.thegreatcoursesplus.com/big-history-the-big-bang-life-on-earth-and-the-rise-of-humanity/?lecplay=25",,"Unknown",,,,,2025-07-10T01:40:44.511Z,2025-07-10T01:40:44.511Z
4740,,"26: The First Agrarian Societies","https://www.thegreatcoursesplus.com/big-history-the-big-bang-life-on-earth-and-the-rise-of-humanity/?lecplay=26",,"Unknown",,,,,2025-07-10T01:40:44.515Z,2025-07-10T01:40:44.515Z
4741,,"27: Power and Its Origins","https://www.thegreatcoursesplus.com/big-history-the-big-bang-life-on-earth-and-the-rise-of-humanity/?lecplay=27",,"Unknown",,,,,2025-07-10T01:40:44.519Z,2025-07-10T01:40:44.519Z
4742,,"28: Early Power Structures","https://www.thegreatcoursesplus.com/big-history-the-big-bang-life-on-earth-and-the-rise-of-humanity/?lecplay=28",,"Unknown",,,,,2025-07-10T01:40:44.523Z,2025-07-10T01:40:44.523Z
4743,,"29: From Villages to Cities","https://www.thegreatcoursesplus.com/big-history-the-big-bang-life-on-earth-and-the-rise-of-humanity/?lecplay=29",,"Unknown",,,,,2025-07-10T01:40:44.528Z,2025-07-10T01:40:44.528Z
4744,,"30: Sumer: The First Agrarian Civilization","https://www.thegreatcoursesplus.com/big-history-the-big-bang-life-on-earth-and-the-rise-of-humanity/?lecplay=30",,"Unknown",,,,,2025-07-10T01:40:44.595Z,2025-07-10T01:40:44.595Z
4745,,"31: Agrarian Civilizations in Other Regions","https://www.thegreatcoursesplus.com/big-history-the-big-bang-life-on-earth-and-the-rise-of-humanity/?lecplay=31",,"Unknown",,,,,2025-07-10T01:40:44.599Z,2025-07-10T01:40:44.599Z
4746,,"32: The World That Agrarian Civilizations Made","https://www.thegreatcoursesplus.com/big-history-the-big-bang-life-on-earth-and-the-rise-of-humanity/?lecplay=32",,"Unknown",,,,,2025-07-10T01:40:44.603Z,2025-07-10T01:40:44.603Z
4747,,"33: Long Trends: Expansion and State Power","https://www.thegreatcoursesplus.com/big-history-the-big-bang-life-on-earth-and-the-rise-of-humanity/?lecplay=33",,"Unknown",,,,,2025-07-10T01:40:44.607Z,2025-07-10T01:40:44.607Z
4748,,"34: Long Trends: Rates of Innovation","https://www.thegreatcoursesplus.com/big-history-the-big-bang-life-on-earth-and-the-rise-of-humanity/?lecplay=34",,"Unknown",,,,,2025-07-10T01:40:44.611Z,2025-07-10T01:40:44.611Z
4749,,"35: Long Trends: Disease and Malthusian Cycles","https://www.thegreatcoursesplus.com/big-history-the-big-bang-life-on-earth-and-the-rise-of-humanity/?lecplay=35",,"Unknown",,,,,2025-07-10T01:40:44.617Z,2025-07-10T01:40:44.617Z
4752,,"36: Comparing the World Zones","https://www.thegreatcoursesplus.com/big-history-the-big-bang-life-on-earth-and-the-rise-of-humanity/?lecplay=36",,"Unknown",,,,,2025-07-10T01:40:44.621Z,2025-07-10T01:40:44.621Z
4753,,"37: The Americas in the Later Agrarian Era","https://www.thegreatcoursesplus.com/big-history-the-big-bang-life-on-earth-and-the-rise-of-humanity/?lecplay=37",,"Unknown",,,,,2025-07-10T01:40:44.625Z,2025-07-10T01:40:44.625Z
4754,,"38: Threshold 8: The Modern Revolution","https://www.thegreatcoursesplus.com/big-history-the-big-bang-life-on-earth-and-the-rise-of-humanity/?lecplay=38",,"Unknown",,,,,2025-07-10T01:40:44.629Z,2025-07-10T01:40:44.629Z
4768,,"01: Taking on the Other Side of History","https://www.thegreatcoursesplus.com/the-other-side-of-history-daily-life-in-the-ancient-world/?lecplay=01",,"Unknown",,,,,2025-07-10T01:41:00.751Z,2025-07-10T01:41:00.751Z
4769,,"02: Being Paleolithic","https://www.thegreatcoursesplus.com/the-other-side-of-history-daily-life-in-the-ancient-world/?lecplay=02",,"Unknown",,,,,2025-07-10T01:41:00.759Z,2025-07-10T01:41:00.759Z
4770,,"03: Living in Mesopotamia","https://www.thegreatcoursesplus.com/the-other-side-of-history-daily-life-in-the-ancient-world/?lecplay=03",,"Unknown",,,,,2025-07-10T01:41:00.764Z,2025-07-10T01:41:00.764Z
4307,,"Six English, Scottish, Welsh and Irish Castles Reconstructed","https://www.youtube.com/watch?v=h6s0vy2C3Gc",,,,,,,2025-07-10T01:42:01.079Z,2025-07-10T01:42:01.079Z
4308,,"The Seven Wonders of the Ancient World: Reconstructed in 3D","https://www.youtube.com/watch?v=MIjmvjDOySA",,,,,,,2025-07-10T01:42:26.631Z,2025-07-10T01:42:26.631Z
4309,,"How To Download Our Teaching Materials From Our Website","https://www.youtube.com/watch?v=97xK0y24TqQ",,,,,,,2025-07-10T01:42:43.904Z,2025-07-10T01:42:43.904Z
4310,,"Plagues and Pandemics in the Ancient and Medieval World","https://www.youtube.com/watch?v=_5g1P0WggQ4",,,,,,,2025-07-10T01:42:48.676Z,2025-07-10T01:42:48.676Z
4311,,"Athens vs Sparta: Deep Thinkers vs Military Might?","https://www.youtube.com/watch?v=zLL2RgFYuZ0",,,,,,,2025-07-10T01:43:07.385Z,2025-07-10T01:43:07.385Z
4312,,"How the Roman Republic became the Roman Empire","https://www.youtube.com/watch?v=XQmpLnIjYOo",,,,,,,2025-07-10T01:46:21.993Z,2025-07-10T01:46:21.993Z
4809,,"How did the Roman Republic Begin and What Was it Like Before the Roman Empire?","https://www.youtube.com/watch?v=dEMW0CMyv8Q",,,,,,,2025-07-10T01:46:33.825Z,2025-07-10T01:46:33.825Z
4313,,"Global Timeline: The World at the time of Ancient Greece","https://www.youtube.com/watch?v=3XSMhlNh2ps",,,,,,,2025-07-10T01:49:17.599Z,2025-07-10T01:49:17.599Z
4314,,"Ancient Egypt and other Empires // Why did Ancient Egypt never conquer other empires?","https://www.youtube.com/watch?v=UgnTklGP_g0",,,,,,,2025-07-10T01:50:14.403Z,2025-07-10T01:50:14.403Z
4315,,"Alexander the Great and Hellenization in the 4th Century BCE","https://www.youtube.com/watch?v=4tL_UTH0SLs",,,,,,,2025-07-10T01:50:24.236Z,2025-07-10T01:50:24.236Z
4316,,"Friendships in History: Achilles and Patroclus // Antony and Cleopatra","https://www.youtube.com/watch?v=h95enDXwLO0",,,,,,,2025-07-10T01:51:11.155Z,2025-07-10T01:51:11.155Z
4317,,"Friendships in History: Alexander and Hephaestion // David and Jonathan // Enkidu and Gilgamesh","https://www.youtube.com/watch?v=x3WiF1Sw2XQ",,,,,,,2025-07-10T01:51:23.190Z,2025-07-10T01:51:23.190Z
4318,,"The Minoans: A Civilization of Bronze Age Crete","https://www.youtube.com/watch?v=VxnfIe4zgO0",,,,,,,2025-07-10T01:52:21.846Z,2025-07-10T01:52:21.846Z
4319,,"The Mycenaeans: A Civilization of Bronze Age Greece","https://www.youtube.com/watch?v=RZioHxDVCGE",,,,,,,2025-07-10T01:52:32.176Z,2025-07-10T01:52:32.176Z
4320,,"What Caused the Fall of the Western Roman Empire?","https://www.youtube.com/watch?v=RkPjf01oOdk",,,,,,,2025-07-10T01:52:39.250Z,2025-07-10T01:52:39.250Z
4321,,"Pyramids Around The Globe: The Pyramids of Egypt and Beyond","https://www.youtube.com/watch?v=Y3pkenUblcc",,,,,,,2025-07-10T01:52:52.314Z,2025-07-10T01:52:52.314Z
4810,,"The Minoans and Mycenaeans: Civilizations of the Bronze Age Aegean","https://www.youtube.com/watch?v=criZ8DDhu6g",,,,,,,2025-07-10T01:53:10.270Z,2025-07-10T01:53:10.270Z
4322,,"What is the Legacy of Ancient Rome?","https://www.youtube.com/watch?v=NMf6s-X2tF0",,,,,,,2025-07-10T01:53:18.841Z,2025-07-10T01:53:18.841Z
4323,,"Ancient Egyptian Religion: How were the Ancient Egyptian Gods and Goddesses Worshipped?","https://www.youtube.com/watch?v=QvZxqD4e4iU",,,,,,,2025-07-10T01:54:34.629Z,2025-07-10T01:54:34.629Z
4324,,"An Introduction to the Ancient Egyptian Civilization","https://www.youtube.com/watch?v=SVA_bdmthrs",,,,,,,2025-07-10T01:54:49.706Z,2025-07-10T01:54:49.706Z
4325,,"Introduction to the Indus Valley Civilization","https://www.youtube.com/watch?v=lYQ9P0k7MoA",,,,,,,2025-07-10T01:55:20.642Z,2025-07-10T01:55:20.642Z
4326,,"Famous Female Pharaohs and Queens of Ancient Egypt","https://www.youtube.com/watch?v=ZgTCRNaJtqo",,,,,,,2025-07-10T01:56:08.558Z,2025-07-10T01:56:08.558Z
4327,,"The Life and Death of Ancient Cities: Interview with Greg Woolf","https://www.youtube.com/watch?v=elCJtSQsvg4",,,,,,,2025-07-10T01:56:28.395Z,2025-07-10T01:56:28.395Z
4328,,"Reconstruction of the Roman Emperors: Interview with Daniel Voshart","https://www.youtube.com/watch?v=5mr6-JbuLrQ",,,,,,,2025-07-10T01:56:33.298Z,2025-07-10T01:56:33.298Z
4329,,"Swallow's Dance // An Interview with Author Wendy Orr","https://www.youtube.com/watch?v=oQUAcow7n1A",,,,,,,2025-07-10T01:56:35.779Z,2025-07-10T01:56:35.779Z
4330,,"The Ankh, the Djed and other Ancient Egyptian Symbols and their Meanings","https://www.youtube.com/watch?v=AM_iDdqKQUY",,,,,,,2025-07-10T01:56:49.587Z,2025-07-10T01:56:49.587Z
4811,,"Dragonfly Song // An Interview with Author Wendy Orr","https://www.youtube.com/watch?v=OdM7lvPksOc",,,,,,,2025-07-10T01:56:56.827Z,2025-07-10T01:56:56.827Z
4252,,"Interview with the Creators of Old World, an Ancient History Strategy Game","https://www.youtube.com/watch?v=gzeaPxpUNms",,,,,,,2025-07-10T01:56:57.876Z,2025-07-10T01:56:57.876Z
4253,,"Interview with Simon from Lithodomos: Ancient World VR","https://www.youtube.com/watch?v=k7pM3ib9Pf8",,,,,,,2025-07-10T01:56:59.096Z,2025-07-10T01:56:59.096Z
4254,,"The World's Oldest Love Poem: The Love Song of Shu-Sin","https://www.youtube.com/watch?v=i8_lsvLAb60",,,,,,,2025-07-10T01:57:49.938Z,2025-07-10T01:57:49.938Z
4255,,"The History of Valentines Day: From the Lupercalia to Cupid","https://www.youtube.com/watch?v=ZHMQslQ5pYk",,,,,,,2025-07-10T01:57:55.432Z,2025-07-10T01:57:55.432Z
4256,,"Sappho of Lesbos: The Female Poet of Ancient Greece","https://www.youtube.com/watch?v=95SDtZdT8sA",,,,,,,2025-07-10T01:58:05.195Z,2025-07-10T01:58:05.195Z
4812,,"A Short History of Sumer and the Sumerian Civilization from Mesopotamia","https://www.youtube.com/watch?v=JS4dc1lEhZk",,,,,,,2025-07-10T01:58:33.937Z,2025-07-10T01:58:33.937Z
4257,,"New Name: World History Encyclopedia!","https://www.youtube.com/watch?v=rfMG-ovRKzg",,,,,,,2025-07-10T01:58:44.008Z,2025-07-10T01:58:44.008Z
4258,,"The Ides of March: the Assassination of Julius Caesar","https://www.youtube.com/watch?v=qIe1OzqfXLY",,,,,,,2025-07-10T01:58:56.518Z,2025-07-10T01:58:56.518Z
4259,,"A Brief History of Saint Patrick's Day: From Snakes to Shamrocks","https://www.youtube.com/watch?v=iVIay2znC94",,,,,,,2025-07-10T01:59:00.183Z,2025-07-10T01:59:00.183Z
4260,,"Interview with Author Daniel Ogden: The History of the Werewolf in the Ancient World","https://www.youtube.com/watch?v=ctduC5_5GlA",,,,,,,2025-07-10T01:59:08.090Z,2025-07-10T01:59:08.090Z
4261,,"World Poetry Day: The Female Ancient Poets Sappho, Enheduanna and Zhuo Wenjun","https://www.youtube.com/watch?v=7hRrBcWyb98",,,,,,,2025-07-10T01:59:15.607Z,2025-07-10T01:59:15.607Z
4262,,"The Silk Road: Trade Route of the Ancient World","https://www.youtube.com/watch?v=PAu5SLSLXxU",,,,,,,2025-07-10T01:59:35.964Z,2025-07-10T01:59:35.964Z
4263,,"The Qingming Festival: Chinese Tomb Sweeping Day","https://www.youtube.com/watch?v=eijOqYVCl6Q",,,,,,,2025-07-10T01:59:45.907Z,2025-07-10T01:59:45.907Z
4264,,"The 12 Olympians: The Gods and Goddesses of Ancient Greek Mythology","https://www.youtube.com/watch?v=3k4w_yNlE1g",,,,,,,2025-07-10T02:01:11.803Z,2025-07-10T02:01:11.803Z
4265,,"Hermes: Greek God, Trickster and Messenger to the Gods","https://www.youtube.com/watch?v=TlcqiJu6S9o",,,,,,,2025-07-10T02:01:24.705Z,2025-07-10T02:01:24.705Z
4813,,"Anubis: The Egyptian Jackal-Headed God of Mummification and the Afterlife","https://www.youtube.com/watch?v=4aEMptLKwoc",,,,,,,2025-07-10T02:01:34.142Z,2025-07-10T02:01:34.142Z
4266,,"Osiris: Egyptian God of the Underworld and Judge of the Dead","https://www.youtube.com/watch?v=vDdD1k7JQWQ",,,,,,,2025-07-10T02:01:45.530Z,2025-07-10T02:01:45.530Z
4267,,"The Persian Wars: Ancient Greece vs. the Achaemenid Persian Empire","https://www.youtube.com/watch?v=QBd2TnswJBM",,,,,,,2025-07-10T02:02:22.747Z,2025-07-10T02:02:22.747Z
4268,,"The Founding of Rome: The Story of Romulus and Remus in Roman Mythology","https://www.youtube.com/watch?v=HyxPwsrbaT4",,,,,,,2025-07-10T02:02:32.991Z,2025-07-10T02:02:32.991Z
4269,,"Ancient Greek Tragedy: History, Playwrights and Performances","https://www.youtube.com/watch?v=ZwReRPVih-Q",,,,,,,2025-07-10T02:07:57.765Z,2025-07-10T02:07:57.765Z
4270,,"Greek Goddess Artemis: Goddess of the Hunt and the Moon in Greek Mythology","https://www.youtube.com/watch?v=blZwd9Wx9bI",,,,,,,2025-07-10T02:08:07.741Z,2025-07-10T02:08:07.741Z
4271,,"How Babylon Created an Empire","https://www.youtube.com/watch?v=q-ZGsqwXsNM",,,,,,,2025-07-10T02:08:24.919Z,2025-07-10T02:08:24.919Z
4272,,"Welcome to World History Encyclopedia!","https://www.youtube.com/watch?v=duFw4qhl5M0",,,,,,,2025-07-10T02:08:26.851Z,2025-07-10T02:08:26.851Z
4273,,"Telesilla of Argos, the Greek Lyric Poetess who defeated Sparta","https://www.youtube.com/watch?v=X2rotrkPhyA",,,,,,,2025-07-10T02:09:57.250Z,2025-07-10T02:09:57.250Z
4274,,"Ancient Greek Comedy: History, Structure, Aristophanes and Menander","https://www.youtube.com/watch?v=63HsPN6FJwE",,,,,,,2025-07-10T02:11:08.465Z,2025-07-10T02:11:08.465Z
4814,,"Comparing Two Ancient Civilisations: Ancient Egypt vs. Mesopotamia","https://www.youtube.com/watch?v=EwY-ziBL1Jw",,,,,,,2025-07-10T02:26:27.908Z,2025-07-10T02:26:27.908Z
4275,,"The Battle of Kadesh: Ancient Egypt vs. The Hittites","https://www.youtube.com/watch?v=A4G9tFzl85o",,,,,,,2025-07-10T02:26:49.540Z,2025-07-10T02:26:49.540Z
4276,,"Interview with Jennifer Saint: Author of Debut Novel Ariadne","https://www.youtube.com/watch?v=og1d4_Uv3WY",,,,,,,2025-07-10T02:26:58.011Z,2025-07-10T02:26:58.011Z
4277,,"What were the Crusades all about?","https://www.youtube.com/watch?v=E33qpetUCVQ",,,,,,,2025-07-10T02:27:05.320Z,2025-07-10T02:27:05.320Z
4278,,"Interview with Elodie Harper, Author of The Wolf Den","https://www.youtube.com/watch?v=FXy4TnViQJM",,,,,,,2025-07-10T02:27:17.652Z,2025-07-10T02:27:17.652Z
4279,,"Queen Kubaba of Mesopotamia: the Only Queen on the Sumerian King List","https://www.youtube.com/watch?v=KFT5faAzUQA",,,,,,,2025-07-10T03:45:15.985Z,2025-07-10T03:45:15.985Z
4280,,"A Brief History of Fairies and Fae Folk from Around the World: in Honor of International Fairy Day","https://www.youtube.com/watch?v=sBL1hIqow80",,,,,,,2025-07-10T05:24:28.624Z,2025-07-10T05:24:28.624Z
4281,,"History of the Etruscan Culture: the First Great Italian Civilization","https://www.youtube.com/watch?v=4-WwDmNywZQ",,,,,,,2025-07-10T05:24:44.677Z,2025-07-10T05:24:44.677Z
4282,,"The History of New Zealand's Matariki: M─üori New Year and Star Cluster","https://www.youtube.com/watch?v=shnhVT1GaGo",,,,,,,2025-07-10T05:24:47.993Z,2025-07-10T05:24:47.993Z
4283,,"History of the Vikings: Norse Culture, Religion, Seafaring and Famous Warriors","https://www.youtube.com/watch?v=er3psA0QzDA",,,,,,,2025-07-10T05:24:51.812Z,2025-07-10T05:24:51.812Z
4284,,"History of Ancient Sea Travel: Trade, Burials and Maritime Cultures","https://www.youtube.com/watch?v=H18oKuzln6A",,,,,,,2025-07-10T05:25:09.321Z,2025-07-10T05:25:09.321Z
4285,,"Eleanor of Aquitaine: the Medieval Queen of England and France in the High Middle Ages","https://www.youtube.com/watch?v=qAP7OHmBcZY",,,,,,,2025-07-10T05:25:12.547Z,2025-07-10T05:25:12.547Z
4286,,"Ancient Flood Legends and Stories from Around the World","https://www.youtube.com/watch?v=Bd6I1T9efNo",,,,,,,2025-07-10T05:25:24.867Z,2025-07-10T05:25:24.867Z
4675,,"The Rosetta Stone: What is it and Why is it so Important?","https://www.youtube.com/watch?v=4hlh6d_-AP0",,,,,,,2025-07-10T05:25:28.525Z,2025-07-10T05:25:28.525Z
4213,,"Introduction to Geoffrey Chaucer, his Life and his Minor Works","https://www.youtube.com/watch?v=aRSCmA2KUu0",,,,,,,2025-07-10T05:25:29.992Z,2025-07-10T05:25:29.992Z
4214,,"The Rise and Fall of the Inca Empire: A Short History","https://www.youtube.com/watch?v=mRUlGUVxARo",,,,,,,2025-07-10T05:25:31.612Z,2025-07-10T05:25:31.612Z
4215,,"Zenobia the Warrior Queen of the Palmyrene Empire","https://www.youtube.com/watch?v=mzBbpCG7gvM",,,,,,,2025-07-10T05:25:56.956Z,2025-07-10T05:25:56.956Z
4690,,"The Greek God Apollo: The Myths of the Olympian God of Music, Medicine, the Sun and Archery","https://www.youtube.com/watch?v=nntvIYtSY78",,,,,,,2025-07-10T05:26:10.744Z,2025-07-10T05:26:10.744Z
4216,,"King Arthur: The History and Story of King Arthur and His Knights of the Round Table","https://www.youtube.com/watch?v=P4USmGPfK2M",,,,,,,2025-07-10T05:26:15.377Z,2025-07-10T05:26:15.377Z
4217,,"Isabella d'Este the Marchioness of Mantua during Early Renaissance Italy","https://www.youtube.com/watch?v=xmA6r9eQTj8",,,,,,,2025-07-10T05:26:16.670Z,2025-07-10T05:26:16.670Z
4218,,"History of the Aztec Civilization, a Mesoamerican Empire","https://www.youtube.com/watch?v=RH_8Q5rs8c0",,,,,,,2025-07-10T05:26:18.313Z,2025-07-10T05:26:18.313Z
4219,,"History of the Chinese Hungry Ghost Festival","https://www.youtube.com/watch?v=HOCqOqaZIp0",,,,,,,2025-07-10T05:26:22.790Z,2025-07-10T05:26:22.790Z
4220,,"Mahabharata: the Ancient Indian Epic","https://www.youtube.com/watch?v=yh4OxzEFFzA",,,,,,,2025-07-10T05:26:32.676Z,2025-07-10T05:26:32.676Z
4221,,"Genghis Khan: the Legendary Conqueror of the Mongolian Empire","https://www.youtube.com/watch?v=4mM9SdXgRck",,,,,,,2025-07-10T05:26:47.851Z,2025-07-10T05:26:47.851Z
4222,,"Hypatia of Alexandria: The Female Mathematician, Astronomer and Philosopher","https://www.youtube.com/watch?v=gQ5_ohn3fP0",,,,,,,2025-07-10T05:26:53.653Z,2025-07-10T05:26:53.653Z
4223,,"Introduction to the Vedas: the Religious Texts from Ancient India","https://www.youtube.com/watch?v=h-b-OpzXwcU",,,,,,,2025-07-10T05:27:03.006Z,2025-07-10T05:27:03.006Z
4224,,"Wu Zetian: the First and Only Empress of Imperial China","https://www.youtube.com/watch?v=_FZjaKO9YLs",,,,,,,2025-07-10T05:27:20.299Z,2025-07-10T05:27:20.299Z
4225,,"Women and Valkyrie in the Viking Age, Interview with Nancy Marie Brown","https://www.youtube.com/watch?v=KtyJppF-P5w",,,,,,,2025-07-10T05:27:23.703Z,2025-07-10T05:27:23.703Z
4226,,"Ancient Democracy: What is Democracy and Where Did it Start?","https://www.youtube.com/watch?v=dd8Kb1jee0Q",,,,,,,2025-07-10T05:27:39.099Z,2025-07-10T05:27:39.099Z
4227,,"History of the Scythians: an Ancient Nomadic Culture","https://www.youtube.com/watch?v=Kbu7Q3FMJ5Q",,,,,,,2025-07-10T05:28:03.327Z,2025-07-10T05:28:03.327Z
4228,,"Hecate the Goddess of Witchcraft and Magic in Greek Mythology","https://www.youtube.com/watch?v=5FH-DKJ0WCM",,,,,,,2025-07-10T05:28:13.157Z,2025-07-10T05:28:13.157Z
4229,,"King Henry VIII and His Six Wives","https://www.youtube.com/watch?v=iRJhEgD6S1M",,,,,,,2025-07-10T05:28:17.701Z,2025-07-10T05:28:17.701Z
4230,,"Ancient Celtic History, Origin and Culture","https://www.youtube.com/watch?v=O3PsiRtaJec",,,,,,,2025-07-10T05:32:51.305Z,2025-07-10T05:32:51.305Z
4231,,"The Destruction of Ancient Pompeii","https://www.youtube.com/watch?v=PNPNBarRhQc",,,,,,,2025-07-10T05:33:04.454Z,2025-07-10T05:33:04.454Z
4714,,"Christopher Columbus: Life and Voyages in the Age of Exploration","https://www.youtube.com/watch?v=kodTlQrLFnM",,,,,,,2025-07-10T05:33:28.269Z,2025-07-10T05:33:28.269Z
4232,,"Elizabethan Theatre, Queen Elizabeth I and William Shakespeare","https://www.youtube.com/watch?v=K66AFyeSoYE",,,,,,,2025-07-10T05:33:30.215Z,2025-07-10T05:33:30.215Z
4233,,"Flaroh Illustration, Creator of Ancient Art","https://www.youtube.com/watch?v=1dFhIQtmCdo",,,,,,,2025-07-10T05:33:34.639Z,2025-07-10T05:33:34.639Z
4234,,"Joan of Arc: Martyr and a Patron Saint of France","https://www.youtube.com/watch?v=I5mVr2R5D-Y",,,,,,,2025-07-10T05:33:36.064Z,2025-07-10T05:33:36.064Z
4235,,"Terrifying Monsters from Mythology and Folklore Around the World","https://www.youtube.com/watch?v=oYVkyp_7xQM",,,,,,,2025-07-10T05:33:41.121Z,2025-07-10T05:33:41.121Z
4236,,"The History of Samhain and Halloween!","https://www.youtube.com/watch?v=HkSZ6P4jEDA",,,,,,,2025-07-10T05:33:41.858Z,2025-07-10T05:33:41.858Z
4237,,"Interview with Garry Shaw - Egyptian Mythology Travel Guide","https://www.youtube.com/watch?v=unqbgsDukoU",,,,,,,2025-07-10T05:33:47.108Z,2025-07-10T05:33:47.108Z
4238,,"Ghost Stories from the Ancient World","https://www.youtube.com/watch?v=E5zd6u8xmUg",,,,,,,2025-07-10T05:33:52.294Z,2025-07-10T05:33:52.294Z
4239,,"Bjorn Ironside: the Legendary Viking Warrior From the Historical Sagas","https://www.youtube.com/watch?v=tX3cjgyc_BE",,,,,,,2025-07-10T05:33:55.381Z,2025-07-10T05:33:55.381Z
4240,,"7 Surprising Stories from Herodotus' Histories","https://www.youtube.com/watch?v=QRf1jUgXRqQ",,,,,,,2025-07-10T05:34:07.155Z,2025-07-10T05:34:07.155Z
4241,,"Ancient Medicine, Healing and Physicians in Antiquity","https://www.youtube.com/watch?v=N-_ekcDfdDs",,,,,,,2025-07-10T05:34:24.432Z,2025-07-10T05:34:24.432Z
4242,,"History of the Phoenicians: The Maritime Superpowers of the Mediterranean","https://www.youtube.com/watch?v=mU4aU5yoyp4",,,,,,,2025-07-10T05:34:34.013Z,2025-07-10T05:34:34.013Z
4736,,"The History of Philosophy: Origins of Ancient Philosophy Around the Globe","https://www.youtube.com/watch?v=IsdgFJBXb2w",,,,,,,2025-07-10T05:34:47.525Z,2025-07-10T05:34:47.525Z
4243,,"Female Viking Warriors in History: Legendary Valkyries Shield Maidens","https://www.youtube.com/watch?v=l_uNhjx3jas",,,,,,,2025-07-10T05:34:52.804Z,2025-07-10T05:34:52.804Z
4244,,"Fundraiser for Nick Barksdale, Host of The Study of Antiquity and the Middle Ages","https://www.youtube.com/watch?v=OvUZbQ0y1nI",,,,,,,2025-07-10T05:34:55.759Z,2025-07-10T05:34:55.759Z
4245,,"Norse America: The Story of a Founding Myth","https://www.youtube.com/watch?v=ldOtYQOqCw8",,,,,,,2025-07-10T05:34:56.542Z,2025-07-10T05:34:56.542Z
4246,,"Cleopatra VII Philopator: the Last Queen of Ancient Egypt","https://www.youtube.com/watch?v=J6bM6ElVO5k",,,,,,,2025-07-10T05:35:06.221Z,2025-07-10T05:35:06.221Z
4247,,"Olympias: Mother to Alexander the Great and Second Wife of Phillip II of Macedon","https://www.youtube.com/watch?v=8FSPSxTqLFo",,,,,,,2025-07-10T05:35:18.515Z,2025-07-10T05:35:18.515Z
4248,,"The Egyptian Book of the Dead - A Guide to the Underworld","https://www.youtube.com/watch?v=TpsjDFCbcek",,,,,,,2025-07-10T05:35:29.532Z,2025-07-10T05:35:29.532Z
4249,,"Rome: An Empire's Story with Greg Woolf","https://www.youtube.com/watch?v=PTQSrskjPRs",,,,,,,2025-07-10T05:35:33.743Z,2025-07-10T05:35:33.743Z
4250,,"Shabti Dolls of Ancient Egypt - Helpers in the Afterlife","https://www.youtube.com/watch?v=Ef2K3BRwU0M",,,,,,,2025-07-10T05:35:46.484Z,2025-07-10T05:35:46.484Z
4750,,"The Ancient Lyre and Kithara with Michael Levy","https://www.youtube.com/watch?v=MbzvK7LAiYc",,,,,,,2025-07-10T05:35:57.767Z,2025-07-10T05:35:57.767Z
4176,,"The Norse Origins of Christmas Traditions","https://www.youtube.com/watch?v=_429DBg6ihA",,,,,,,2025-07-10T05:35:59.908Z,2025-07-10T05:35:59.908Z
4177,,"A Short History of the Medieval Illuminated Manuscripts","https://www.youtube.com/watch?v=pewasA24hPs",,,,,,,2025-07-10T05:36:01.044Z,2025-07-10T05:36:01.044Z
4178,,"Origin and History of the Ancient Olympic Games","https://www.youtube.com/watch?v=_v2Oh84rGIQ",,,,,,,2025-07-10T05:36:09.393Z,2025-07-10T05:36:09.393Z
4179,,"Ancient Greek Pottery: History, Development and Designs","https://www.youtube.com/watch?v=7lWyqbYITQw",,,,,,,2025-07-10T05:36:20.271Z,2025-07-10T05:36:20.271Z
4180,,"Thor the God of Thunder in Norse Mythology","https://www.youtube.com/watch?v=of6EBFRczkk",,,,,,,2025-07-10T05:36:31.450Z,2025-07-10T05:36:31.450Z
4181,,"The Roles, Rights and Lives of Women in Ancient Greece","https://www.youtube.com/watch?v=5-ASzrpGZ-k",,,,,,,2025-07-10T05:36:39.587Z,2025-07-10T05:36:39.587Z
4755,,"Akhenaten, the Sun Disk and the Amarna Period of Egypt","https://www.youtube.com/watch?v=rb9pHlwj-p4",,,,,,,2025-07-10T05:36:54.214Z,2025-07-10T05:36:54.214Z
4182,,"Akrotiri and the Eruption of Thera: The Pompeii of the Aegean","https://www.youtube.com/watch?v=MDMNQHAhPOU",,,,,,,2025-07-10T05:37:54.100Z,2025-07-10T05:37:54.100Z
4183,,"The Life and Reign of Roman Empress Julia Domna","https://www.youtube.com/watch?v=uwSuNnWM-RE",,,,,,,2025-07-10T05:37:56.323Z,2025-07-10T05:37:56.323Z
4184,,"Courtly Love in the High Middle Ages","https://www.youtube.com/watch?v=HxfEMc6Z2aY",,,,,,,2025-07-10T05:37:58.048Z,2025-07-10T05:37:58.048Z
4185,,"Ares the God of War in Greek Mythology","https://www.youtube.com/watch?v=RaGHa0G41VA",,,,,,,2025-07-10T05:38:09.904Z,2025-07-10T05:38:09.904Z
4186,,"History of the Iliad and the Trojan War","https://www.youtube.com/watch?v=38xMffvYdAo",,,,,,,2025-07-10T05:38:18.723Z,2025-07-10T05:38:18.723Z
4187,,"The Ptolemaic Dynasty of Ancient Egypt: From Ptolemy I to Cleopatra VII","https://www.youtube.com/watch?v=0Qi_yw5-qCg",,,,,,,2025-07-10T05:46:20.001Z,2025-07-10T05:46:20.001Z
4188,,"The First Black Archaeologist: A Life of John Wesley Gilbert with John Lee","https://www.youtube.com/watch?v=-ZSZHzpaXog",,,,,,,2025-07-10T05:46:24.171Z,2025-07-10T05:46:24.171Z
4189,,"Favourite History, Mythology and Historical Fiction Books of 2021","https://www.youtube.com/watch?v=fJ1nTJQbMTM",,,,,,,2025-07-10T05:46:26.799Z,2025-07-10T05:46:26.799Z
4771,,"When Money Talks: A History of Coins and Numismatics with Frank Holt","https://www.youtube.com/watch?v=ZRAx7lZBLQs",,,,,,,2025-07-10T05:46:30.007Z,2025-07-10T05:46:30.007Z
4190,,"A Short History of Assyria and the Neo-Assyrian Empire","https://www.youtube.com/watch?v=wkcNhFEZj4E",,,,,,,2025-07-10T05:46:44.767Z,2025-07-10T05:46:44.767Z
4191,,"An Introduction to the Ancient Roman Religion and Mythology","https://www.youtube.com/watch?v=kkNRUBZ9GjI",,,,,,,2025-07-10T05:46:55.931Z,2025-07-10T05:46:55.931Z
4192,,"The Role and Lives of Women in Ancient Egypt","https://www.youtube.com/watch?v=l7y7glgLbhU",,,,,,,2025-07-10T05:47:06.774Z,2025-07-10T05:47:06.774Z
4193,,"Queens of Jerusalem with Katherine Pangonis","https://www.youtube.com/watch?v=UhJ4WZuixa8",,,,,,,2025-07-10T05:47:12.580Z,2025-07-10T05:47:12.580Z
4194,,"An Introduction to Archaeology: What is Archaeology and Why is it Important?","https://www.youtube.com/watch?v=3tkTxALrVvg",,,,,,,2025-07-10T05:47:15.097Z,2025-07-10T05:47:15.097Z
4195,,"Exploring Ancient Greece with Dr. Rita Roussos","https://www.youtube.com/watch?v=J15KRKWXiG0",,,,,,,2025-07-10T05:47:16.363Z,2025-07-10T05:47:16.363Z
4196,,"The Epic of Gilgamesh - An Ancient Tale of a King Searching for Immortality","https://www.youtube.com/watch?v=INSlgL0WVFA",,,,,,,2025-07-10T05:47:26.710Z,2025-07-10T05:47:26.710Z
4824,,"48: Daily Life Matters","https://www.thegreatcoursesplus.com/the-other-side-of-history-daily-life-in-the-ancient-world/?lecplay=48",,"Unknown",,,,,2025-07-23T23:34:08.496Z,2025-07-23T23:34:08.496Z
4815,,"47: Relaxing Medieval Style","https://www.thegreatcoursesplus.com/the-other-side-of-history-daily-life-in-the-ancient-world/?lecplay=47",,"Unknown",,,,,2025-07-23T23:34:09.520Z,2025-07-23T23:34:09.520Z
4816,,"46: Being a Pilgrim","https://www.thegreatcoursesplus.com/the-other-side-of-history-daily-life-in-the-ancient-world/?lecplay=46",,"Unknown",,,,,2025-07-23T23:34:10.496Z,2025-07-23T23:34:10.496Z
4817,,"45: Being a Crusader","https://www.thegreatcoursesplus.com/the-other-side-of-history-daily-life-in-the-ancient-world/?lecplay=45",,"Unknown",,,,,2025-07-23T23:34:11.525Z,2025-07-23T23:34:11.525Z
4818,,"44: Being a Medieval Knight","https://www.thegreatcoursesplus.com/the-other-side-of-history-daily-life-in-the-ancient-world/?lecplay=44",,"Unknown",,,,,2025-07-23T23:34:12.574Z,2025-07-23T23:34:12.574Z
4819,,"43: Being a Medieval Christian or Heretic","https://www.thegreatcoursesplus.com/the-other-side-of-history-daily-life-in-the-ancient-world/?lecplay=43",,"Unknown",,,,,2025-07-23T23:34:13.855Z,2025-07-23T23:34:13.855Z
4820,,"42: Being a Medieval Woman","https://www.thegreatcoursesplus.com/the-other-side-of-history-daily-life-in-the-ancient-world/?lecplay=42",,"Unknown",,,,,2025-07-23T23:34:14.629Z,2025-07-23T23:34:14.629Z
4825,,"41: Being Poor in the Middle Ages","https://www.thegreatcoursesplus.com/the-other-side-of-history-daily-life-in-the-ancient-world/?lecplay=41",,"Unknown",,,,,2025-07-23T23:34:15.767Z,2025-07-23T23:34:15.767Z
4821,,"40: Being Medieval","https://www.thegreatcoursesplus.com/the-other-side-of-history-daily-life-in-the-ancient-world/?lecplay=40",,"Unknown",,,,,2025-07-23T23:34:16.831Z,2025-07-23T23:34:16.831Z
4822,,"39: Living under Norman Rule","https://www.thegreatcoursesplus.com/the-other-side-of-history-daily-life-in-the-ancient-world/?lecplay=39",,"Unknown",,,,,2025-07-23T23:34:18.112Z,2025-07-23T23:34:18.112Z
4823,,"38: Being a Viking Raider","https://www.thegreatcoursesplus.com/the-other-side-of-history-daily-life-in-the-ancient-world/?lecplay=38",,"Unknown",,,,,2025-07-23T23:34:20.236Z,2025-07-23T23:34:20.236Z
4826,,"37: Being Anglo-Saxon","https://www.thegreatcoursesplus.com/the-other-side-of-history-daily-life-in-the-ancient-world/?lecplay=37",,"Unknown",,,,,2025-07-23T23:34:22.311Z,2025-07-23T23:34:22.311Z
4796,,"36: Being a Roman Briton","https://www.thegreatcoursesplus.com/the-other-side-of-history-daily-life-in-the-ancient-world/?lecplay=36",,"Unknown",,,,,2025-07-23T23:34:24.839Z,2025-07-23T23:34:24.839Z
4797,,"35: Being a Celt in Ancient Britain","https://www.thegreatcoursesplus.com/the-other-side-of-history-daily-life-in-the-ancient-world/?lecplay=35",,"Unknown",,,,,2025-07-23T23:34:27.595Z,2025-07-23T23:34:27.595Z
4798,,"34: Being Christian under Roman Rule","https://www.thegreatcoursesplus.com/the-other-side-of-history-daily-life-in-the-ancient-world/?lecplay=34",,"Unknown",,,,,2025-07-23T23:34:35.944Z,2025-07-23T23:34:35.944Z
4799,,"33: Being Jewish under Roman Rule","https://www.thegreatcoursesplus.com/the-other-side-of-history-daily-life-in-the-ancient-world/?lecplay=33",,"Unknown",,,,,2025-07-23T23:34:36.589Z,2025-07-23T23:34:36.589Z
93,,"32: Practicing Roman Religion","https://www.thegreatcoursesplus.com/the-other-side-of-history-daily-life-in-the-ancient-world/?lecplay=32",,"Unknown",,,,,2025-07-23T23:41:40.769Z,2025-07-23T23:41:40.769Z
100,,"23: Being Roman","https://www.thegreatcoursesplus.com/the-other-side-of-history-daily-life-in-the-ancient-world/?lecplay=23",,"Unknown",,,,,2025-07-23T23:43:34.902Z,2025-07-23T23:43:34.902Z
82,,"24: Being a Roman Slave","https://www.thegreatcoursesplus.com/the-other-side-of-history-daily-life-in-the-ancient-world/?lecplay=24",,"Unknown",,,,,2025-07-23T23:43:47.433Z,2025-07-23T23:43:47.433Z
83,,"25: Being a Roman Soldier","https://www.thegreatcoursesplus.com/the-other-side-of-history-daily-life-in-the-ancient-world/?lecplay=25",,"Unknown",,,,,2025-07-23T23:44:06.206Z,2025-07-23T23:44:06.206Z
94,,"26: Being a Roman Woman","https://www.thegreatcoursesplus.com/the-other-side-of-history-daily-life-in-the-ancient-world/?lecplay=26",,"Unknown",,,,,2025-07-23T23:44:21.127Z,2025-07-23T23:44:21.127Z
95,,"27: Being a Poor Roman","https://www.thegreatcoursesplus.com/the-other-side-of-history-daily-life-in-the-ancient-world/?lecplay=27",,"Unknown",,,,,2025-07-23T23:44:33.004Z,2025-07-23T23:44:33.004Z
96,,"28: Being a Rich Roman","https://www.thegreatcoursesplus.com/the-other-side-of-history-daily-life-in-the-ancient-world/?lecplay=28",,"Unknown",,,,,2025-07-23T23:44:46.556Z,2025-07-23T23:44:46.556Z
97,,"29: Being a Roman Celebrity","https://www.thegreatcoursesplus.com/the-other-side-of-history-daily-life-in-the-ancient-world/?lecplay=29",,"Unknown",,,,,2025-07-23T23:45:08.899Z,2025-07-23T23:45:08.899Z
98,,"30: Being a Roman Criminal","https://www.thegreatcoursesplus.com/the-other-side-of-history-daily-life-in-the-ancient-world/?lecplay=30",,"Unknown",,,,,2025-07-23T23:45:18.014Z,2025-07-23T23:45:18.014Z
99,,"31: Relaxing Roman Style","https://www.thegreatcoursesplus.com/the-other-side-of-history-daily-life-in-the-ancient-world/?lecplay=31",,"Unknown",,,,,2025-07-23T23:45:26.337Z,2025-07-23T23:45:26.337Z
84,,"22: Living in Hellenistic Egypt","https://www.thegreatcoursesplus.com/the-other-side-of-history-daily-life-in-the-ancient-world/?lecplay=22",,"Unknown",,,,,2025-07-23T23:48:34.513Z,2025-07-23T23:48:34.513Z
85,,"21: Being Persian","https://www.thegreatcoursesplus.com/the-other-side-of-history-daily-life-in-the-ancient-world/?lecplay=21",,"Unknown",,,,,2025-07-23T23:48:51.271Z,2025-07-23T23:48:51.271Z
101,,"10: Being Greek","https://www.thegreatcoursesplus.com/the-other-side-of-history-daily-life-in-the-ancient-world/?lecplay=10",,"Unknown",,,,,2025-07-24T00:08:10.174Z,2025-07-24T00:08:10.174Z
73,,"11: Growing Up Greek","https://www.thegreatcoursesplus.com/the-other-side-of-history-daily-life-in-the-ancient-world/?lecplay=11",,"Unknown",,,,,2025-07-24T00:08:21.009Z,2025-07-24T00:08:21.009Z
74,,"12: Being a Greek Slave","https://www.thegreatcoursesplus.com/the-other-side-of-history-daily-life-in-the-ancient-world/?lecplay=12",,"Unknown",,,,,2025-07-24T00:08:30.620Z,2025-07-24T00:08:30.620Z
75,,"13: Being a Greek Soldier or Sailor","https://www.thegreatcoursesplus.com/the-other-side-of-history-daily-life-in-the-ancient-world/?lecplay=13",,"Unknown",,,,,2025-07-24T00:08:40.153Z,2025-07-24T00:08:40.153Z
86,,"14: Being a Greek Woman","https://www.thegreatcoursesplus.com/the-other-side-of-history-daily-life-in-the-ancient-world/?lecplay=14",,"Unknown",,,,,2025-07-24T00:08:53.263Z,2025-07-24T00:08:53.263Z
87,,"15: Relaxing Greek Style","https://www.thegreatcoursesplus.com/the-other-side-of-history-daily-life-in-the-ancient-world/?lecplay=15",,"Unknown",,,,,2025-07-24T00:09:07.328Z,2025-07-24T00:09:07.328Z
88,,"16: Being a Greek Refugee","https://www.thegreatcoursesplus.com/the-other-side-of-history-daily-life-in-the-ancient-world/?lecplay=16",,"Unknown",,,,,2025-07-24T00:09:19.468Z,2025-07-24T00:09:19.468Z
89,,"17: Being a Sick or Disabled Greek","https://www.thegreatcoursesplus.com/the-other-side-of-history-daily-life-in-the-ancient-world/?lecplay=17",,"Unknown",,,,,2025-07-24T00:09:27.998Z,2025-07-24T00:09:27.998Z
90,,"18: Practicing Greek Religion","https://www.thegreatcoursesplus.com/the-other-side-of-history-daily-life-in-the-ancient-world/?lecplay=18",,"Unknown",,,,,2025-07-24T00:09:39.456Z,2025-07-24T00:09:39.456Z
91,,"19: Being an Old Greek","https://www.thegreatcoursesplus.com/the-other-side-of-history-daily-life-in-the-ancient-world/?lecplay=19",,"Unknown",,,,,2025-07-24T00:09:49.075Z,2025-07-24T00:09:49.075Z
92,,"20: Being a Dead Greek","https://www.thegreatcoursesplus.com/the-other-side-of-history-daily-life-in-the-ancient-world/?lecplay=20",,"Unknown",,,,,2025-07-24T00:09:56.625Z,2025-07-24T00:09:56.625Z
76,,"09: Being Minoan and Mycenaean","https://www.thegreatcoursesplus.com/the-other-side-of-history-daily-life-in-the-ancient-world/?lecplay=09",,"Unknown",,,,,2025-07-24T00:11:48.295Z,2025-07-24T00:11:48.295Z
77,,"04: Being Egyptian","https://www.thegreatcoursesplus.com/the-other-side-of-history-daily-life-in-the-ancient-world/?lecplay=04",,"Unknown",,,,,2025-07-24T00:12:12.578Z,2025-07-24T00:12:12.578Z
78,,"05: Belonging to an Egyptian Family","https://www.thegreatcoursesplus.com/the-other-side-of-history-daily-life-in-the-ancient-world/?lecplay=05",,"Unknown",,,,,2025-07-24T00:12:20.406Z,2025-07-24T00:12:20.406Z
79,,"06: Practicing Egyptian Religion","https://www.thegreatcoursesplus.com/the-other-side-of-history-daily-life-in-the-ancient-world/?lecplay=06",,"Unknown",,,,,2025-07-24T00:12:30.715Z,2025-07-24T00:12:30.715Z
80,,"07: Being a Dead Egyptian","https://www.thegreatcoursesplus.com/the-other-side-of-history-daily-life-in-the-ancient-world/?lecplay=07",,"Unknown",,,,,2025-07-24T00:12:38.646Z,2025-07-24T00:12:38.646Z
81,,"08: Being an Egyptian Worker","https://www.thegreatcoursesplus.com/the-other-side-of-history-daily-life-in-the-ancient-world/?lecplay=08",,"Unknown",,,,,2025-07-24T00:12:49.805Z,2025-07-24T00:12:49.805Z
4829,,"48: Big History: Humans in the Cosmos","https://www.thegreatcoursesplus.com/big-history-the-big-bang-life-on-earth-and-the-rise-of-humanity/?lecplay=48",,"Unknown",,,,,2025-07-24T00:15:01.922Z,2025-07-24T00:15:01.922Z
4756,,"47: The Next Millennium and the Remote Future","https://www.thegreatcoursesplus.com/big-history-the-big-bang-life-on-earth-and-the-rise-of-humanity/?lecplay=47",,"Unknown",,,,,2025-07-24T00:15:04.053Z,2025-07-24T00:15:04.053Z
4757,,"46: The Next 100 Years","https://www.thegreatcoursesplus.com/big-history-the-big-bang-life-on-earth-and-the-rise-of-humanity/?lecplay=46",,"Unknown",,,,,2025-07-24T00:15:05.652Z,2025-07-24T00:15:05.652Z
4758,,"45: Human History and the Biosphere","https://www.thegreatcoursesplus.com/big-history-the-big-bang-life-on-earth-and-the-rise-of-humanity/?lecplay=45",,"Unknown",,,,,2025-07-24T00:15:07.171Z,2025-07-24T00:15:07.171Z
4759,,"44: The World That the Modern Revolution Made","https://www.thegreatcoursesplus.com/big-history-the-big-bang-life-on-earth-and-the-rise-of-humanity/?lecplay=44",,"Unknown",,,,,2025-07-24T00:15:07.742Z,2025-07-24T00:15:07.742Z
4760,,"43: The 20th Century","https://www.thegreatcoursesplus.com/big-history-the-big-bang-life-on-earth-and-the-rise-of-humanity/?lecplay=43",,"Unknown",,,,,2025-07-24T00:15:08.270Z,2025-07-24T00:15:08.270Z
4761,,"42: Spread of the Industrial Revolution to 1900","https://www.thegreatcoursesplus.com/big-history-the-big-bang-life-on-earth-and-the-rise-of-humanity/?lecplay=42",,"Unknown",,,,,2025-07-24T00:15:08.924Z,2025-07-24T00:15:08.924Z
4762,,"41: Breakthrough: The Industrial Revolution","https://www.thegreatcoursesplus.com/big-history-the-big-bang-life-on-earth-and-the-rise-of-humanity/?lecplay=41",,"Unknown",,,,,2025-07-24T00:15:09.607Z,2025-07-24T00:15:09.607Z
4763,,"40: The Early Modern Cycle, 1350ΓÇô1700","https://www.thegreatcoursesplus.com/big-history-the-big-bang-life-on-earth-and-the-rise-of-humanity/?lecplay=40",,"Unknown",,,,,2025-07-24T00:15:10.409Z,2025-07-24T00:15:10.409Z
4764,,"39: The Medieval Malthusian Cycle, 500ΓÇô1350","https://www.thegreatcoursesplus.com/big-history-the-big-bang-life-on-earth-and-the-rise-of-humanity/?lecplay=39",,"Unknown",,,,,2025-07-24T00:15:11.570Z,2025-07-24T00:15:11.570Z
4830,,"36: South Asia into the 21st Century","https://www.thegreatcoursesplus.com/a-history-of-india/?lecplay=36",,"Unknown",,,,,2025-07-24T00:16:14.362Z,2025-07-24T00:16:14.362Z
4715,,"35: Modernizing India","https://www.thegreatcoursesplus.com/a-history-of-india/?lecplay=35",,"Unknown",,,,,2025-07-24T00:16:15.709Z,2025-07-24T00:16:15.709Z
4716,,"34: India under Nehru","https://www.thegreatcoursesplus.com/a-history-of-india/?lecplay=34",,"Unknown",,,,,2025-07-24T00:16:16.480Z,2025-07-24T00:16:16.480Z
4717,,"33: Independent Bangladesh","https://www.thegreatcoursesplus.com/a-history-of-india/?lecplay=33",,"Unknown",,,,,2025-07-24T00:16:17.541Z,2025-07-24T00:16:17.541Z
4718,,"32: The New Pakistan","https://www.thegreatcoursesplus.com/a-history-of-india/?lecplay=32",,"Unknown",,,,,2025-07-24T00:16:18.858Z,2025-07-24T00:16:18.858Z
4719,,"31: West and East Pakistan","https://www.thegreatcoursesplus.com/a-history-of-india/?lecplay=31",,"Unknown",,,,,2025-07-24T00:16:19.893Z,2025-07-24T00:16:19.893Z
4831,,"30: The Partition of 1947","https://www.thegreatcoursesplus.com/a-history-of-india/?lecplay=30",,"Unknown",,,,,2025-07-24T00:16:20.561Z,2025-07-24T00:16:20.561Z
4691,,"29: Nationalists Ambedkar, Bose, and Jinnah","https://www.thegreatcoursesplus.com/a-history-of-india/?lecplay=29",,"Unknown",,,,,2025-07-24T00:16:21.232Z,2025-07-24T00:16:21.232Z
4692,,"28: Mahatma Gandhi","https://www.thegreatcoursesplus.com/a-history-of-india/?lecplay=28",,"Unknown",,,,,2025-07-24T00:16:22.370Z,2025-07-24T00:16:22.370Z
4693,,"27: India and Indians in the World","https://www.thegreatcoursesplus.com/a-history-of-india/?lecplay=27",,"Unknown",,,,,2025-07-24T00:16:23.511Z,2025-07-24T00:16:23.511Z
4694,,"26: The British Raj and Early Nationalism","https://www.thegreatcoursesplus.com/a-history-of-india/?lecplay=26",,"Unknown",,,,,2025-07-24T00:16:24.137Z,2025-07-24T00:16:24.137Z
4695,,"25: The Issues and Events of 1857","https://www.thegreatcoursesplus.com/a-history-of-india/?lecplay=25",,"Unknown",,,,,2025-07-24T00:16:25.102Z,2025-07-24T00:16:25.102Z
4696,,"24: The British East India Company","https://www.thegreatcoursesplus.com/a-history-of-india/?lecplay=24",,"Unknown",,,,,2025-07-24T00:16:26.066Z,2025-07-24T00:16:26.066Z
4697,,"23: Competing European Empires","https://www.thegreatcoursesplus.com/a-history-of-india/?lecplay=23",,"Unknown",,,,,2025-07-24T00:16:26.650Z,2025-07-24T00:16:26.650Z
4698,,"22: The Mughals and the Marathas","https://www.thegreatcoursesplus.com/a-history-of-india/?lecplay=22",,"Unknown",,,,,2025-07-24T00:16:28.104Z,2025-07-24T00:16:28.104Z
4699,,"21: Later Mughal Emperors","https://www.thegreatcoursesplus.com/a-history-of-india/?lecplay=21",,"Unknown",,,,,2025-07-24T00:16:28.668Z,2025-07-24T00:16:28.668Z
4832,,"20: The Reign of Emperor Akbar","https://www.thegreatcoursesplus.com/a-history-of-india/?lecplay=20",,"Unknown",,,,,2025-07-24T00:16:29.363Z,2025-07-24T00:16:29.363Z
4700,,"19: The Early Mughal Empire","https://www.thegreatcoursesplus.com/a-history-of-india/?lecplay=19",,"Unknown",,,,,2025-07-24T00:16:30.789Z,2025-07-24T00:16:30.789Z
4701,,"18: Indian Sultans","https://www.thegreatcoursesplus.com/a-history-of-india/?lecplay=18",,"Unknown",,,,,2025-07-24T00:16:32.128Z,2025-07-24T00:16:32.128Z
4702,,"17: Islam Comes to India","https://www.thegreatcoursesplus.com/a-history-of-india/?lecplay=17",,"Unknown",,,,,2025-07-24T00:16:33.618Z,2025-07-24T00:16:33.618Z
4833,,"16: Indian Parsis, Jews, and Christians","https://www.thegreatcoursesplus.com/a-history-of-india/?lecplay=16",,"Unknown",,,,,2025-07-24T00:16:34.919Z,2025-07-24T00:16:34.919Z
4676,,"15: Brahmanic Synthesis","https://www.thegreatcoursesplus.com/a-history-of-india/?lecplay=15",,"Unknown",,,,,2025-07-24T00:16:43.259Z,2025-07-24T00:16:43.259Z
4677,,"14: Northwest and North India","https://www.thegreatcoursesplus.com/a-history-of-india/?lecplay=14",,"Unknown",,,,,2025-07-24T00:32:14.364Z,2025-07-24T00:32:14.364Z
61,,"04: Indo-European Vedic Culture","https://www.thegreatcoursesplus.com/a-history-of-india/?lecplay=04",,"Unknown",,,,,2025-07-24T00:40:35.405Z,2025-07-24T00:40:35.405Z
62,,"05: Caste: Varna and Jati","https://www.thegreatcoursesplus.com/a-history-of-india/?lecplay=05",,"Unknown",,,,,2025-07-24T00:40:49.745Z,2025-07-24T00:40:49.745Z
63,,"11: The Mauryan Empire","https://www.thegreatcoursesplus.com/a-history-of-india/?lecplay=11",,"Unknown",,,,,2025-07-29T23:17:59.480Z,2025-07-29T23:17:59.480Z
64,,"12: Ashoka's Imperial Buddhism","https://www.thegreatcoursesplus.com/a-history-of-india/?lecplay=12",,"Unknown",,,,,2025-07-29T23:18:15.536Z,2025-07-29T23:18:15.536Z
65,,"13: Deccani and Southern States","https://www.thegreatcoursesplus.com/a-history-of-india/?lecplay=13",,"Unknown",,,,,2025-07-29T23:18:25.441Z,2025-07-29T23:18:25.441Z
66,,"10: The Origins and Rise of Buddhism","https://www.thegreatcoursesplus.com/a-history-of-india/?lecplay=10",,"Unknown",,,,,2025-07-29T23:18:59.931Z,2025-07-29T23:18:59.931Z
67,,"09: The Origins and Rise of Jainism","https://www.thegreatcoursesplus.com/a-history-of-india/?lecplay=09",,"Unknown",,,,,2025-07-29T23:25:13.654Z,2025-07-29T23:25:13.654Z
68,,"08: Dharma in the Bhagavad Gita","https://www.thegreatcoursesplus.com/a-history-of-india/?lecplay=08",,"Unknown",,,,,2025-07-29T23:26:55.467Z,2025-07-29T23:26:55.467Z
69,,"07: Epic History: Mahabharata","https://www.thegreatcoursesplus.com/a-history-of-india/?lecplay=07",,"Unknown",,,,,2025-07-29T23:27:20.665Z,2025-07-29T23:27:20.665Z
70,,"06: Epic Literature: Ramayana","https://www.thegreatcoursesplus.com/a-history-of-india/?lecplay=06",,"Unknown",,,,,2025-07-29T23:28:58.542Z,2025-07-29T23:28:58.542Z
4834,,"24: Urban II Unleashes the First Crusade","https://www.thegreatcoursesplus.com/living-history-experiencing-great-events-of-the-ancient-and-medieval-worlds/?lecplay=24",,"Unknown",,,,,2025-07-29T23:31:09.573Z,2025-07-29T23:31:09.573Z
4659,,"23: Charlemagne Saves Leo III, Rogue Pope","https://www.thegreatcoursesplus.com/living-history-experiencing-great-events-of-the-ancient-and-medieval-worlds/?lecplay=23",,"Unknown",,,,,2025-07-29T23:31:10.967Z,2025-07-29T23:31:10.967Z
4835,,"22: Vladimir Smashes the Idols of the Rus","https://www.thegreatcoursesplus.com/living-history-experiencing-great-events-of-the-ancient-and-medieval-worlds/?lecplay=22",,"Unknown",,,,,2025-07-29T23:31:12.140Z,2025-07-29T23:31:12.140Z
4639,,"21: Culture Shock! Travels of Ibn Fadlan","https://www.thegreatcoursesplus.com/living-history-experiencing-great-events-of-the-ancient-and-medieval-worlds/?lecplay=21",,"Unknown",,,,,2025-07-29T23:31:13.260Z,2025-07-29T23:31:13.260Z
4640,,"20: Charles Martel Defeats the Muslims","https://www.thegreatcoursesplus.com/living-history-experiencing-great-events-of-the-ancient-and-medieval-worlds/?lecplay=20",,"Unknown",,,,,2025-07-29T23:31:14.445Z,2025-07-29T23:31:14.445Z
4641,,"19: Muhammad's Awakening and Escape","https://www.thegreatcoursesplus.com/living-history-experiencing-great-events-of-the-ancient-and-medieval-worlds/?lecplay=19",,"Unknown",,,,,2025-07-29T23:31:16.195Z,2025-07-29T23:31:16.195Z
4642,,"18: The Concubine Empress: Wu Zetian","https://www.thegreatcoursesplus.com/living-history-experiencing-great-events-of-the-ancient-and-medieval-worlds/?lecplay=18",,"Unknown",,,,,2025-07-29T23:31:18.179Z,2025-07-29T23:31:18.179Z
4643,,"17: Nika Riots at the Racetrack: Theodora","https://www.thegreatcoursesplus.com/living-history-experiencing-great-events-of-the-ancient-and-medieval-worlds/?lecplay=17",,"Unknown",,,,,2025-07-29T23:31:19.280Z,2025-07-29T23:31:19.280Z
4644,,"16: Visigoth King Alaric Descends on Rome","https://www.thegreatcoursesplus.com/living-history-experiencing-great-events-of-the-ancient-and-medieval-worlds/?lecplay=16",,"Unknown",,,,,2025-07-29T23:31:21.091Z,2025-07-29T23:31:21.091Z
4836,,"15: Roman Colosseum: Blood in the Arena","https://www.thegreatcoursesplus.com/living-history-experiencing-great-events-of-the-ancient-and-medieval-worlds/?lecplay=15",,"Unknown",,,,,2025-07-29T23:31:26.108Z,2025-07-29T23:31:26.108Z
4645,,"14: Jerusalem Tinderbox: Temple in Flames","https://www.thegreatcoursesplus.com/living-history-experiencing-great-events-of-the-ancient-and-medieval-worlds/?lecplay=14",,"Unknown",,,,,2025-07-29T23:31:28.896Z,2025-07-29T23:31:28.896Z
4646,,"13: Jesus under Surveillance and Arrest","https://www.thegreatcoursesplus.com/living-history-experiencing-great-events-of-the-ancient-and-medieval-worlds/?lecplay=13",,"Unknown",,,,,2025-07-29T23:31:30.754Z,2025-07-29T23:31:30.754Z
60,,"12: Antony and Cleopatra's Death Pact","https://www.thegreatcoursesplus.com/living-history-experiencing-great-events-of-the-ancient-and-medieval-worlds/?lecplay=12",,"Unknown",,,,,2025-07-29T23:31:58.369Z,2025-07-29T23:31:58.369Z
102,,"11: The Final Days of Julius Caesar","https://www.thegreatcoursesplus.com/living-history-experiencing-great-events-of-the-ancient-and-medieval-worlds/?lecplay=11",,"Unknown",,,,,2025-07-29T23:32:26.593Z,2025-07-29T23:32:26.593Z
58,,"09: India's Ashoka the Great Repents","https://www.thegreatcoursesplus.com/living-history-experiencing-great-events-of-the-ancient-and-medieval-worlds/?lecplay=09",,"Unknown",,,,,2025-07-29T23:33:10.817Z,2025-07-29T23:33:10.817Z
59,,"08: Pyrrhus: Deadly Dreams of Empire","https://www.thegreatcoursesplus.com/living-history-experiencing-great-events-of-the-ancient-and-medieval-worlds/?lecplay=08",,"Unknown",,,,,2025-07-29T23:34:14.332Z,2025-07-29T23:34:14.332Z
4838,,"48: Endings, Beginnings, What Does It All Mean?","https://www.thegreatcoursesplus.com/history-of-the-ancient-world-a-global-perspective/?lecplay=48",,"Unknown",,,,,2025-07-29T23:38:00.604Z,2025-07-29T23:38:00.604Z
4610,,"47: CharlemagneΓÇöFather of Europe","https://www.thegreatcoursesplus.com/history-of-the-ancient-world-a-global-perspective/?lecplay=47",,"Unknown",,,,,2025-07-29T23:38:01.632Z,2025-07-29T23:38:01.632Z
4611,,"46: Holy Men and Women-Monasticism and Saints","https://www.thegreatcoursesplus.com/history-of-the-ancient-world-a-global-perspective/?lecplay=46",,"Unknown",,,,,2025-07-29T23:38:02.487Z,2025-07-29T23:38:02.487Z
4612,,"45: The Rise and Flourishing of Islam","https://www.thegreatcoursesplus.com/history-of-the-ancient-world-a-global-perspective/?lecplay=45",,"Unknown",,,,,2025-07-29T23:38:03.330Z,2025-07-29T23:38:03.330Z
4839,,"44: The Golden Age of Tang Culture","https://www.thegreatcoursesplus.com/history-of-the-ancient-world-a-global-perspective/?lecplay=44",,"Unknown",,,,,2025-07-29T23:38:04.380Z,2025-07-29T23:38:04.380Z
4595,,"43: China from Chaos to Order under the Tang","https://www.thegreatcoursesplus.com/history-of-the-ancient-world-a-global-perspective/?lecplay=43",,"Unknown",,,,,2025-07-29T23:38:05.340Z,2025-07-29T23:38:05.340Z
4596,,"42: The Byzantine Empire and the Legacy of Rome","https://www.thegreatcoursesplus.com/history-of-the-ancient-world-a-global-perspective/?lecplay=42",,"Unknown",,,,,2025-07-29T23:38:06.182Z,2025-07-29T23:38:06.182Z
4597,,"41: The Decline and Fall of the Roman Empire?","https://www.thegreatcoursesplus.com/history-of-the-ancient-world-a-global-perspective/?lecplay=41",,"Unknown",,,,,2025-07-29T23:38:07.478Z,2025-07-29T23:38:07.478Z
4840,,"40: Later Roman Empire-Crisis and Christianity","https://www.thegreatcoursesplus.com/history-of-the-ancient-world-a-global-perspective/?lecplay=40",,"Unknown",,,,,2025-07-29T23:38:09.979Z,2025-07-29T23:38:09.979Z
4598,,"39: Comparative Armies-Rome, China, Maya","https://www.thegreatcoursesplus.com/history-of-the-ancient-world-a-global-perspective/?lecplay=39",,"Unknown",,,,,2025-07-29T23:38:16.763Z,2025-07-29T23:38:16.763Z
4599,,"38: The Art and Architecture of Power","https://www.thegreatcoursesplus.com/history-of-the-ancient-world-a-global-perspective/?lecplay=38",,"Unknown",,,,,2025-07-29T23:38:21.605Z,2025-07-29T23:38:21.605Z
103,,"08: Mystery Cultures of Early Greece","https://www.thegreatcoursesplus.com/history-of-the-ancient-world-a-global-perspective/?lecplay=08",,"Unknown",,,,,2025-07-29T23:39:25.024Z,2025-07-29T23:39:25.024Z
55,,"07: The Vedic Age of Ancient India","https://www.thegreatcoursesplus.com/history-of-the-ancient-world-a-global-perspective/?lecplay=07",,"Unknown",,,,,2025-07-29T23:39:59.156Z,2025-07-29T23:39:59.156Z
56,,"05: Pharaohs, Tombs, and Gods","https://www.thegreatcoursesplus.com/history-of-the-ancient-world-a-global-perspective/?lecplay=05",,"Unknown",,,,,2025-07-29T23:40:18.011Z,2025-07-29T23:40:18.011Z
4842,,"The Battle of Pelusium: a Persian Victory Decided by Cats","https://www.youtube.com/watch?v=Gb68xjnTkuw",,,,,,,2025-07-29T23:49:25.828Z,2025-07-29T23:49:25.828Z
4287,,"The History of Tea and the Spread of ""Cha"" and ""Tea"" Around the Globe","https://www.youtube.com/watch?v=8sYSDt4bAQ8",,,,,,,2025-07-29T23:52:11.548Z,2025-07-29T23:52:11.548Z
4288,,"The Maya Civilization, Culture, Calendar and History: an Introduction to a Mesoamerican Civilization","https://www.youtube.com/watch?v=_fL3NgWAhR8",,,,,,,2025-07-29T23:52:37.030Z,2025-07-29T23:52:37.030Z
4289,,"Norse Mythology: an Introduction to the Norse Gods, Goddesses, Myths and Legends","https://www.youtube.com/watch?v=uj6t5AO_650",,,,,,,2025-07-29T23:52:39.433Z,2025-07-29T23:52:39.433Z
4197,,"The History of Astronomy in the Ancient World","https://www.youtube.com/watch?v=2G9zxv5g08c",,,,,,,2025-07-30T00:01:59.758Z,2025-07-30T00:01:59.758Z
4198,,"Ancient Egyptian Dance and Music","https://www.youtube.com/watch?v=WDCMAXBQlXM",,,,,,,2025-07-30T00:04:18.284Z,2025-07-30T00:04:18.284Z
4199,,"The Nine Realms of Norse Cosmology","https://www.youtube.com/watch?v=2yNHGgAbTZ4",,,,,,,2025-07-30T00:04:27.702Z,2025-07-30T00:04:27.702Z
4843,,"The Rise and Fall of the Hittites in Ancient Anatolia","https://www.youtube.com/watch?v=r1YuSTjHXXY",,,,,,,2025-07-30T00:04:58.260Z,2025-07-30T00:04:58.260Z
4164,,"Ancient Persia and the Achaemenid Persian Empire","https://www.youtube.com/watch?v=2nMn4TnbkdA",,,,,,,2025-07-30T00:05:16.989Z,2025-07-30T00:05:16.989Z
4165,,"The History of the Mesopotamian Naru Literature","https://www.youtube.com/watch?v=PsaaclpJEko",,,,,,,2025-07-30T00:07:40.344Z,2025-07-30T00:07:40.344Z
4166,,"Introduction to the History of Ancient Japan","https://www.youtube.com/watch?v=rrOsMsAqOtI",,,,,,,2025-07-30T00:07:55.201Z,2025-07-30T00:07:55.201Z
4844,,"Hatshepsut: the Forgotten Woman who was a King of Egypt","https://www.youtube.com/watch?v=-qw-_IHkKoI",,,,,,,2025-08-12T22:32:45.251Z,2025-08-12T22:32:45.251Z
4200,,"Set the Egyptian God of Chaos, Storms and War","https://www.youtube.com/watch?v=ZlS-oRQN_vU",,,,,,,2025-08-12T23:00:26.352Z,2025-08-12T23:00:26.352Z
4201,,"The Roman Invasion of Britain with Richard Hingley","https://www.youtube.com/watch?v=YNfdfuH7z1c",,,,,,,2025-08-12T23:00:28.648Z,2025-08-12T23:00:28.648Z
4202,,"What was Feudalism in Medieval Europe?","https://www.youtube.com/watch?v=5Whvf2EPe-g",,,,,,,2025-08-12T23:00:29.813Z,2025-08-12T23:00:29.813Z
4203,,"The Lives of Women in Ancient China","https://www.youtube.com/watch?v=QBFmZl9kf9I",,,,,,,2025-08-12T23:00:36.843Z,2025-08-12T23:00:36.843Z
4204,,"Ancient Roman Art and Architecture","https://www.youtube.com/watch?v=agbRzU7DZIk",,,,,,,2025-08-12T23:00:38.457Z,2025-08-12T23:00:38.457Z
4205,,"The Role of Dance in Ancient Greece","https://www.youtube.com/watch?v=n0N3paTaY28",,,,,,,2025-08-12T23:00:47.464Z,2025-08-12T23:00:47.464Z
4206,,"Julius Caesar - His Life, Achievements and Assassination","https://www.youtube.com/watch?v=nkZILWlSN3A",,,,,,,2025-08-12T23:00:49.556Z,2025-08-12T23:00:49.556Z
4207,,"Athena the Greek Goddess of Wisdom, War and the Crafts","https://www.youtube.com/watch?v=U-KQ6NnlgfA",,,,,,,2025-08-12T23:00:51.234Z,2025-08-12T23:00:51.234Z
4208,,"The Odyssey Summarised - Context, Themes and Importance","https://www.youtube.com/watch?v=VSna4tLyq-A",,,,,,,2025-08-12T23:00:52.706Z,2025-08-12T23:00:52.706Z
4209,,"Hathor the Egyptian Goddess of Love, Beauty and Pleasure","https://www.youtube.com/watch?v=PTKk09c4Z60",,,,,,,2025-08-12T23:01:38.398Z,2025-08-12T23:01:38.398Z
104,,"The Bronze Age treasure that could rewrite history","https://www.youtube.com/watch?v=0238-AFmOKY",,,,,,,2025-08-19T01:52:59.849Z,2025-08-19T01:52:59.849Z
4847,,"Rulers of Bronze Age Iberia: The Argaric Culture","https://www.youtube.com/watch?v=Qk8dEGE1AMs&t=39s&pp=ygUzU3BhaW4ncyBGaXJzdCBLaW5ncyBhbmQgUXVlZW5zOiBUaGUgQXJnYXJpYyBDdWx0dXJl",,,,,,,2025-08-19T01:54:48.304Z,2025-08-19T01:54:48.304Z
105,,"El Argar Culture: Europe's forgotten first state?","https://www.youtube.com/watch?v=q7mtS71pCAQ",,,,,,,2025-08-19T01:56:09.434Z,2025-08-19T01:56:09.434Z
4851,,"A History of Britain - Bronze and Iron (2200 BC - 800 BC)","https://www.youtube.com/watch?v=iVqjKpTvpM8",,,,,,,2025-08-19T02:13:39.774Z,2025-08-19T02:13:39.774Z
4845,,"British Bronze Age / Ancient History Documentary","https://www.youtube.com/watch?v=pwG7Egfrqk0&pp=ygUSYnJvbnplIGFnZSBicml0YWlu",,,,,,,2025-08-20T03:50:01.261Z,2025-08-20T03:50:01.261Z
4850,,"Why did the Bronze Age depend on Britain?","https://www.youtube.com/watch?v=M2wdHen1hYk&pp=ygUSYnJvbnplIGFnZSBicml0YWlu",,,,,,,2025-08-20T03:51:14.206Z,2025-08-20T03:51:14.206Z
4853,,"Digging Up A Lost Bronze Age Civilisation From Ancient Britain","https://www.youtube.com/watch?v=7HJQbK4G07A&pp=ygUSYnJvbnplIGFnZSBicml0YWlu",,,,,,,2025-08-20T03:52:34.124Z,2025-08-20T03:52:34.124Z
4848,,"Lords of Tin: How British Tin built Bronze Age Europe","https://www.youtube.com/watch?v=uYYJJSAMmL8",,,,,,,2025-08-20T03:53:46.439Z,2025-08-20T03:53:46.439Z
107,," The Sintashta culture - earliest chariots, fortified settlements and bronze metallurgy. Ivan Semyan","http://www.youtube.com/watch?v=atmxYSFOO68",,,,,,,2025-08-20T04:06:51.447Z,2025-08-20T04:06:51.447Z
106,," How a culture you never heard of influenced the Indo Aryan Migrations and the entirety of history","http://www.youtube.com/watch?v=-6_tm2c3v3Q",,,,,,,2025-08-20T04:07:48.727Z,2025-08-20T04:07:48.727Z
4856,," Bronze Age Chariot Warriors: The Sintashta Culture","http://www.youtube.com/watch?v=hNdLXKtWg3A",,,,,,,2025-08-20T04:08:28.447Z,2025-08-20T04:08:28.447Z
4855,,"Exploring the Mycenaean Citadel of Tiryns (History and Walking Tour)","https://www.youtube.com/watch?v=Mo4_g24cwHw&pp=ygUGdGlyeW5z",,,,,,,2025-08-20T04:19:48.405Z,2025-08-20T04:19:48.405Z
108,,"13:South Asian Civilizations and Beliefs","https://www.thegreatcoursesplus.com/the-big-history-of-civilizations/?lecplay=13",,,,,,,2025-08-20T04:29:07.381Z,2025-08-20T04:29:07.381Z
48,,"14:China: Born in Isolation","https://www.thegreatcoursesplus.com/the-big-history-of-civilizations/?lecplay=14",,,,,,,2025-08-20T04:30:45.556Z,2025-08-20T04:30:45.556Z
4858,,"The Akkadian Empire and the Sargonic Dynasty (Excellent Presentation)","https://www.youtube.com/watch?v=RT3jlGDdUNI",,,,,,,2025-08-20T04:36:44.699Z,2025-08-20T04:36:44.699Z
4859,,"Rise and Fall of the Akkadian Empire","https://www.youtube.com/watch?v=evhDGp1KvPM",,,,,,,2025-08-20T04:36:57.599Z,2025-08-20T04:36:57.599Z
4860,,"The Entire History of the Akkadians // Ancient Mesopotamia Documentary","https://www.youtube.com/watch?v=Q-mAWItV2q0",,,,,,,2025-08-20T04:37:12.605Z,2025-08-20T04:37:12.605Z
4861,,"Fall of the Akkadian Empire (2193-2154 BC)","https://www.youtube.com/watch?v=ngE7DO2L5rY",,,,,,,2025-08-20T04:37:26.178Z,2025-08-20T04:37:26.178Z
4794,,"Was there an Ancient Minoan Empire?","https://www.youtube.com/watch?v=Y8Z5uP7KR0k",,,,,,,2025-08-20T04:38:45.577Z,2025-08-20T04:38:45.577Z
536,,"The Philistine Language | Dr. Aren Maeir","https://www.youtube.com/watch?v=Rc-AzmmDLzM",,,,,,,2025-08-20T04:39:27.066Z,2025-08-20T04:39:27.066Z
4781,,"The Fall of the Akkadian Empire","https://www.youtube.com/watch?v=ksstNq3-i5k",,,,,,,2025-08-20T04:40:14.252Z,2025-08-20T04:40:14.252Z
4807,,"Egyptian Origins of Minoan Civilization?  Dr. Louise Hitchcock","https://www.youtube.com/watch?v=In5LnTECqNA",,,,,,,2025-08-20T04:40:33.907Z,2025-08-20T04:40:33.907Z
581,,"Philistine Origins (DNA)","https://www.youtube.com/watch?v=fIlKPKTee9U",,,,,,,2025-08-20T04:40:43.845Z,2025-08-20T04:40:43.845Z
582,,"Did the Philistines practice human sacrifice?","https://www.youtube.com/watch?v=5yp3ZocYro0",,,,,,,2025-08-20T04:40:54.869Z,2025-08-20T04:40:54.869Z
626,,"The Religion of the Philistines","https://www.youtube.com/watch?v=nO3pTTVwURk",,,,,,,2025-08-20T04:41:45.906Z,2025-08-20T04:41:45.906Z
4536,,"Early Dynastic Mesopotamia | Ancient Documentary | The Sumerian and Akkadian Empires.","https://www.youtube.com/watch?v=MZD36NUPJjQ",,,,,,,2025-08-20T04:42:06.345Z,2025-08-20T04:42:06.345Z
4862,,"The First Babylonian Dynasty ~ Ancient Mesopotamia ~ Hammurabi ~ Documentary","https://www.youtube.com/watch?v=NxJK1ftJR3c&t=2s",,,,,,,2025-08-20T04:46:28.600Z,2025-08-20T04:46:28.600Z
711,,"The Fall of Ur to the Elamites ~ Ancient Mesopotamia ~","https://www.youtube.com/watch?v=TuniQPUm-q8",,,,,,,2025-08-20T04:53:56.860Z,2025-08-20T04:53:56.860Z
4688,,"The First Bronze Age Collapse and the Intermediate Bronze Age","https://www.youtube.com/watch?v=YQ7cMwKwCYA&t=855s&pp=ygUeVGhlIDQuMi1LaWxveWVhciBDbGltYXRlIEV2ZW500gcJCa0JAYcqIYzv",,,,,,,2025-08-20T05:02:19.318Z,2025-08-20T05:02:19.318Z
4689,,"Enheduanna: Poet, Priestess and Politician of Ancient Mesopotamia","https://www.youtube.com/watch?v=Y3sgRvGpHKA",,,,,,,2025-08-20T05:05:26.384Z,2025-08-20T05:05:26.384Z
4703,,"The princess exiled from ancient Mesopotamia - Soraya Field Fiorio","https://www.youtube.com/watch?v=XhNw1BhV6sw&pp=ygUKZW5oZWR1YW5uYdIHCQmtCQGHKiGM7w%3D%3D",,,,,,,2025-08-20T05:07:01.002Z,2025-08-20T05:07:01.002Z
71,,"Lecture: She Who Wrote: Enheduanna and Women of Mesopotamia ca. 3400-2000 BC","https://www.youtube.com/watch?v=DlWewLEWbyM&pp=ygUKZW5oZWR1YW5uYQ%3D%3D",,,,,,,2025-08-20T05:07:55.108Z,2025-08-20T05:07:55.108Z
4720,,"Sargon of Akkad: History's First Emperor?","https://www.youtube.com/watch?v=SxTbQ5EgiU8",,,,,,,2025-08-20T05:10:35.158Z,2025-08-20T05:10:35.158Z
4721,,"Sargon of Akkad: Builder of World's First Empire","https://www.youtube.com/watch?v=JhV47f4X_3I",,,,,,,2025-08-20T05:10:46.651Z,2025-08-20T05:10:46.651Z
2211,,"Rimush of Akkad: Brutal Successor of Sargon the Great","https://www.youtube.com/watch?v=SE5w_57btAc",,,,,,,2025-08-20T05:10:58.361Z,2025-08-20T05:10:58.361Z
2212,,"Naram-Sin of Akkad: King who declared himself a God","https://www.youtube.com/watch?v=kiYHuNgmmCk",,,,,,,2025-08-20T05:12:45.573Z,2025-08-20T05:12:45.573Z
4751,,"IRON AGE  (Why was Copper, Brass and Bronze used so much in the IRON AGE ?)","https://www.youtube.com/watch?v=N7Oi6w33wWY",,,,,,,2025-08-20T05:25:38.177Z,2025-08-20T05:25:38.177Z
827,,"Who were the Sultans of Delhi?(Conquest of India, Mongol invasions!)Delhi Sultanate History","https://www.youtube.com/watch?v=S64RyBb4hg4",,,,,,,2025-08-20T05:25:55.473Z,2025-08-20T05:25:55.473Z
828,,"Medieval Warfare by Professor Michael Prestwich (A Must Watch!)","https://www.youtube.com/watch?v=BXXjmy0pYf4&t=25s",,,,,,,2025-08-20T05:25:59.321Z,2025-08-20T05:25:59.321Z
829,,"Medieval Europe: an Introduction","https://www.youtube.com/watch?v=zN3eQD_95V4",,,,,,,2025-08-20T05:26:00.492Z,2025-08-20T05:26:00.492Z
830,,"The Fall of Rome and Germanic Invasions","https://www.youtube.com/watch?v=3gknt0Fsjeo",,,,,,,2025-08-20T05:26:01.349Z,2025-08-20T05:26:01.349Z
831,,"Barbarian Kingdoms of Medieval Europe","https://www.youtube.com/watch?v=wosD7EmgLNc&t=137s",,,,,,,2025-08-20T05:26:02.762Z,2025-08-20T05:26:02.762Z
832,,"Ostrogothic Italy and the Franks","https://www.youtube.com/watch?v=AfP7eNO5_Kw",,,,,,,2025-08-20T05:26:03.480Z,2025-08-20T05:26:03.480Z
833,,"Genetic Approaches to Anglo-Saxon Settlement","https://www.youtube.com/watch?v=4Yk-zliTZgQ",,,,,,,2025-08-20T05:26:05.525Z,2025-08-20T05:26:05.525Z
834,,"Medieval Christianity","https://www.youtube.com/watch?v=YMoJHMOmNKY",,,,,,,2025-08-20T05:26:06.179Z,2025-08-20T05:26:06.179Z
4765,,"Monasticism & Early Papacy Rule of St Benedict","https://www.youtube.com/watch?v=FPGXzYsCZmY",,,,,,,2025-08-20T05:26:06.841Z,2025-08-20T05:26:06.841Z
835,,"The Carolingian Dynasty","https://www.youtube.com/watch?v=FMNOLweAojg",,,,,,,2025-08-20T05:26:07.585Z,2025-08-20T05:26:07.585Z
836,,"The Vikings (Lecture 1)","https://www.youtube.com/watch?v=V80ZLwAFRWI",,,,,,,2025-08-20T05:26:09.834Z,2025-08-20T05:26:09.834Z
837,,"The Vikings (Lecture 2)","https://www.youtube.com/watch?v=9OD8srQ7bUo",,,,,,,2025-08-20T05:26:10.300Z,2025-08-20T05:26:10.300Z
838,,"The Vikings (Lecture 3)","https://www.youtube.com/watch?v=_WPRuxYLlHo",,,,,,,2025-08-20T05:26:10.831Z,2025-08-20T05:26:10.831Z
839,,"Medieval Kingship And The Domesday Book (Lecture 1)","https://www.youtube.com/watch?v=9pTcF9oh2PE",,,,,,,2025-08-20T05:26:12.468Z,2025-08-20T05:26:12.468Z
4766,,"The History of Peru explained in 10 minutes","https://www.youtube.com/watch?v=URfe4VYmUcc",,,,,,,2025-08-20T05:26:26.955Z,2025-08-20T05:26:26.955Z
890,,"How the Roman Legionary evolved in the Republic.","https://www.youtube.com/watch?v=APuh6rokd_w",,,,,,,2025-08-20T05:26:28.142Z,2025-08-20T05:26:28.142Z
891,,"Rise and Fall of the Seleucid Empire (Who were the Seleucids?)","https://www.youtube.com/watch?v=v_Qxex9M60Q",,,,,,,2025-08-20T05:26:44.234Z,2025-08-20T05:26:44.234Z
4767,,"You probably didnΓÇÖt know about this kingdom that lasted for more than 363 years!","https://www.youtube.com/watch?v=qX3S-tK4nrM",,,,,,,2025-08-20T05:28:33.549Z,2025-08-20T05:28:33.549Z
892,,"The history of Georgia (the Country) Explained","https://www.youtube.com/watch?v=K34XQUzrrpI",,,,,,,2025-08-20T05:28:47.423Z,2025-08-20T05:28:47.423Z
840,,"What was life like after the Bronze Age collapse (Extended Version)","https://www.youtube.com/watch?v=uM6JSS3l-IQ",,,,,,,2025-08-20T05:29:04.550Z,2025-08-20T05:29:04.550Z
841,,"Who were the Philistines? (History of the Philistines explained)","https://www.youtube.com/watch?v=S3eLWgy2jus",,,,,,,2025-08-20T05:29:19.082Z,2025-08-20T05:29:19.082Z
4782,,"Who were the Canaanites? (The Land of Canaan, Geography, People and History)","https://www.youtube.com/watch?v=a4-y6U5pezw",,,,,,,2025-08-20T05:33:48.174Z,2025-08-20T05:33:48.174Z
842,,"Who were the Minoans? (Rise & Fall of the Minoan Civilization)","https://www.youtube.com/watch?v=P8io674-QMA",,,,,,,2025-08-20T05:34:03.295Z,2025-08-20T05:34:03.295Z
843,,"Ancient Roman & Chinese Empires Compared (Which Empire was more effective?)","https://www.youtube.com/watch?v=DLaVvRlfdp4",,,,,,,2025-08-20T05:34:18.508Z,2025-08-20T05:34:18.508Z
844,,"Why was the Roman Auxilia so effective? (Roman Auxiliary Infantry)","https://www.youtube.com/watch?v=GUWGQ-izQC8",,,,,,,2025-08-20T05:34:21.191Z,2025-08-20T05:34:21.191Z
845,,"The History of Cyprus Explained in 10 minutes","https://www.youtube.com/watch?v=PF1uYm4l1Kc",,,,,,,2025-08-20T05:34:51.330Z,2025-08-20T05:34:51.330Z
846,,"The History of Moldova (Explained in 11 minutes)","https://www.youtube.com/watch?v=UHxGKJMX5hw",,,,,,,2025-08-20T05:34:58.092Z,2025-08-20T05:34:58.092Z
847,,"The History of Bulgaria Explained","https://www.youtube.com/watch?v=t3lgeUSfVSk",,,,,,,2025-08-20T05:34:59.115Z,2025-08-20T05:34:59.115Z
848,,"Forged in India's Apocalypse, History of the Rajputs (Summarized)","https://www.youtube.com/watch?v=-DSiAW0coFU",,,,,,,2025-08-20T05:35:00.978Z,2025-08-20T05:35:00.978Z
849,,"History of the Rajputs (Extended Version) Rise and survival of India's illustrious warrior community","https://www.youtube.com/watch?v=DQDYsgJx9d0",,,,,,,2025-08-20T05:35:01.661Z,2025-08-20T05:35:01.661Z
4795,,"The Rise and Fall of Parthia - Rome's Greatest Enemy - Ancient Civilizations","https://www.youtube.com/watch?v=c_Fbyc415yM",,,,,,,2025-08-20T05:39:22.524Z,2025-08-20T05:39:22.524Z
893,,"Who were the Parthians? (Rise and Fall of the Parthian Empire)","https://www.youtube.com/watch?v=mgDYMBc8W6I",,,,,,,2025-08-20T05:39:36.080Z,2025-08-20T05:39:36.080Z
712,,"The Parthian Empire: Introduction and Historiography","https://www.youtube.com/watch?v=Eh949tcAEzY",,,,,,,2025-08-20T05:39:49.675Z,2025-08-20T05:39:49.675Z
713,,"The Origin of the Parthian Empire","https://www.youtube.com/watch?v=dvoiUqIjh2s",,,,,,,2025-08-20T05:39:59.283Z,2025-08-20T05:39:59.283Z
4808,,"The Parthian Empire: Han China & The Silk Road","https://www.youtube.com/watch?v=Cwe4KRCdqQA",,,,,,,2025-08-20T05:40:09.732Z,2025-08-20T05:40:09.732Z
72,,"The Middle Kingdom: The Story of EgyptΓÇÖs Hidden Golden Age","https://www.youtube.com/watch?v=RtrpGKUjVdU",,,,,,,2025-08-20T05:48:54.798Z,2025-08-20T05:48:54.798Z
444,,"Sons of Sargon: Rimush and Manishtushu","https://www.youtube.com/watch?v=e4p7zU-Nw5w",,,,,,,2025-08-28T10:59:18.806Z,2025-08-28T10:59:18.806Z
850,,"The Curse of Akkad - The Fall of an Empire","https://www.youtube.com/watch?v=0b3hfuHK2PQ",,,,,,,2025-08-28T11:24:04.189Z,2025-08-28T11:24:04.189Z
1,,"Test History Video","https://www.youtube.com/watch?v=dQw4w9WgXcQ",,"",,,,,2025-09-12T05:53:01.626Z,2025-09-12T18:32:35.108Z